age,sex,TSH,T3,TT4,T4U,FTI,on_thyroxine,query_on_thyroxine,on_antithyroid_meds,sick,pregnant,thyroid_surgery,I131_treatment,query_hypothyroid,query_hyperthyroid,lithium,goitre,tumor,hypopituitary,psych,TSH_measured,T3_measured,TT4_measured,T4U_measured,FTI_measured,TBG_measured,target
56.0,0,3.530589262731911,1.7653496317366109,8.570560123464823,1.4832414364723987,7.563243428622679,0,1,0,0,1,1,1,1,1,0,0,1,0,1,1,0,1,1,0,1,0
69.0,1,4.036362547673419,2.536562640064793,11.62499690006372,1.3084602894771482,6.8407581309055185,1,1,0,1,1,0,0,1,0,0,0,1,0,0,0,0,1,1,1,1,1
46.0,1,2.716335005270529,2.840407603877491,8.133888359520515,0.6599408023669286,7.965290752280707,1,1,0,0,1,0,1,1,0,1,1,0,0,0,1,1,0,0,1,0,1
32.0,0,2.132796093197318,1.7837946668544251,10.552858609421502,0.7777640494772551,10.962632276432753,1,0,0,1,1,1,1,0,1,0,0,0,1,0,0,0,0,0,1,1,0
49.0,1,4.882093005833011,2.8756980590285175,8.377021140551204,0.8298158088563611,10.206891509269216,1,1,1,1,0,1,1,1,0,1,0,1,1,0,1,0,1,0,1,0,0
25.0,0,2.7584841850693125,1.8392224261400745,4.326280107484145,1.1503655604954457,4.671916011113272,0,0,1,0,1,0,0,0,0,0,0,1,1,0,1,1,0,0,1,0,0
78.0,0,2.945870482482776,1.4854762364997698,6.520066201518192,1.2569947594896556,11.122473582196514,0,1,0,0,1,1,1,0,1,1,0,1,0,0,1,0,0,0,0,1,0
38.0,0,6.601885028398115,2.6205078213822386,8.604396062648826,1.2495266088079098,7.774137209198589,0,0,0,0,1,1,1,1,0,1,0,1,0,1,0,0,0,0,0,1,0
56.0,0,9.688519583828933,1.7324567761452228,11.604751727448996,1.0098740563064028,9.950897159087987,1,1,0,0,0,0,0,0,0,1,1,1,1,0,1,0,1,0,0,1,1
75.0,1,6.076008285537813,1.6797562764113076,10.873042878009866,1.3108205378381512,5.120313850114817,1,0,1,1,0,1,1,0,0,1,0,1,0,1,1,0,1,0,0,0,1
36.0,1,0.8620967239431662,1.7257812235245709,5.826844913430781,0.9370780827574751,9.365756205656385,1,0,1,1,0,1,0,0,0,0,1,1,0,1,0,1,1,1,1,1,0
40.0,0,0.8482777771552631,2.6169625046743636,5.760878640153308,0.6238805652955619,5.890608140875663,1,1,0,0,0,0,0,0,1,0,1,1,0,1,0,0,0,0,1,0,0
28.0,1,9.519089886371104,2.57985385422013,5.609383736911206,1.0644418416538133,7.507047177127452,0,0,0,1,0,1,1,1,0,0,0,0,0,1,0,0,1,1,1,0,0
28.0,1,3.043178824042603,1.508799981100528,11.379991170420025,1.4523013846011068,4.134902960656835,1,1,0,0,1,1,0,1,0,1,0,0,1,0,1,1,0,1,1,1,1
41.0,0,1.011463162216507,1.3332496496763127,10.821329224813766,1.2929936513925113,5.212885103443808,0,1,1,1,0,0,0,1,0,1,0,1,1,0,0,1,0,0,0,1,1
70.0,1,6.030541412788777,1.7298200600978233,10.19906745802359,1.0787006476922425,4.736643944988958,1,1,0,0,1,1,0,1,0,0,0,0,0,0,0,0,1,0,0,0,1
53.0,0,6.274122905073634,1.9319312743427726,7.141880913793821,1.1468056603490968,5.917953383506068,1,0,1,1,0,0,0,0,1,0,1,1,1,0,0,1,1,1,0,1,0
57.0,0,6.5201977191750125,1.0958430265699923,8.035045634390134,1.4305620270355726,4.800144720194578,0,1,1,0,0,0,1,1,1,0,1,0,1,0,0,1,1,0,1,0,0
41.0,1,2.747280075789659,2.4848877117889767,8.014112478059428,0.9283427944349605,9.535280212956495,1,0,1,1,0,1,0,1,1,0,1,1,1,0,0,0,0,0,1,1,1
20.0,1,0.24959577372330286,1.7162069143310572,8.014112478059428,0.8313941389426374,4.232319217673755,0,1,0,0,0,0,0,0,0,1,0,0,0,1,1,0,0,0,0,1,1
39.0,1,9.653652157599272,1.335113871049899,8.040224369190135,1.477241565000449,8.941924004999983,0,1,1,0,0,0,0,1,1,1,1,1,1,0,1,1,1,1,0,1,1
70.0,0,2.5838411523419147,0.7670524824099765,4.243972382822036,1.3634431335103334,5.125662646604594,1,0,1,1,0,1,0,0,1,0,1,0,0,0,0,1,0,0,0,1,1
19.0,0,6.79266025172022,1.0971129010090173,5.054482987979673,0.8230435846186024,11.561291657423176,0,0,0,1,1,0,1,1,0,0,0,0,1,1,0,0,1,1,1,0,0
41.0,1,7.095635711799225,2.8732029293899592,11.092716769351572,0.9637805973609228,11.464752584878834,0,1,0,1,0,0,1,1,0,0,0,1,1,0,0,0,1,0,1,0,1
61.0,1,6.139073429086908,1.2627492170488166,10.013438136251386,0.9150781290077991,5.804024820167701,1,0,0,1,0,1,0,1,1,1,0,0,1,1,1,1,1,0,0,0,0
47.0,1,3.1977832027151174,0.9221482234175883,7.3829472724726966,0.6490956786714339,8.915370385784236,0,1,1,1,1,0,1,0,1,0,1,0,1,0,1,1,0,1,1,0,0
55.0,1,2.7838529122642512,1.651681979137483,8.137202898271017,1.457819323813259,4.2240425557796675,0,0,1,0,0,0,0,1,0,1,0,0,0,0,1,0,1,1,0,0,0
19.0,0,6.016915998756761,1.2677193584006217,6.959991087679819,0.9043124312197588,11.454308344409393,1,0,0,1,0,1,1,1,0,1,1,0,1,1,0,1,1,1,0,0,0
77.0,1,8.674346772755746,0.5878981256779854,9.92623893728538,1.3753290826379079,8.183898465533677,0,1,1,1,1,1,0,0,0,0,0,1,1,0,1,1,1,0,0,1,0
38.0,0,9.472663916341617,1.3078630431985432,10.273497433856637,0.6893562276806651,4.345785211342232,1,0,0,1,1,0,0,1,1,0,1,1,1,0,1,1,1,0,1,1,0
50.0,0,1.1484674635972008,1.8602715598486714,10.106281521625274,1.0478708106372197,6.739999944065099,0,1,0,1,0,0,1,1,0,0,1,1,1,1,1,0,0,1,1,0,0
29.0,1,1.6328032647174267,1.8792809300499174,9.780893798675596,0.5239613851242698,4.614795694889874,1,1,1,0,0,0,1,0,1,1,0,0,1,0,0,1,0,1,1,0,1
75.0,1,4.961471685657772,1.3913973029422217,5.636034709542367,1.2642204838423086,7.143555514986879,1,0,1,0,0,1,1,0,1,0,1,1,0,0,1,1,0,0,1,0,1
39.0,1,7.391698760514446,1.6182568906315016,6.70375983392383,1.0809138982462785,9.359410737290585,1,1,1,0,0,0,1,1,1,0,0,0,0,0,1,0,0,0,1,0,1
78.0,0,4.961471685657772,2.913794795586916,7.758763479869399,1.1255895834697527,7.759119264331517,1,0,1,0,0,1,1,0,0,1,0,0,0,0,1,1,0,0,0,0,1
61.0,1,2.1060630779398974,1.443371193075779,6.646343931421245,0.5517208825546535,7.069777397755636,1,0,0,1,0,0,0,0,1,1,0,0,0,1,0,0,0,0,0,0,0
42.0,1,5.9171001239830785,1.1455670331499574,10.039521601266632,0.7110383302086154,4.953256364323718,0,1,0,0,1,0,0,0,1,1,1,1,1,1,1,0,0,0,1,1,0
66.0,0,7.041281984732989,1.1086676101669002,6.634828193999637,0.5743308723535802,5.959512365549251,1,0,1,0,1,1,0,1,1,0,1,1,0,1,0,0,1,1,1,1,0
49.0,1,6.833107665925029,1.6444115317603354,5.105856694282697,0.7889143158038118,4.801146301906809,1,1,1,1,1,0,0,1,1,1,1,0,0,1,0,0,1,0,0,0,0
76.0,0,4.140701739580311,2.39880037179236,7.192323616386433,1.127439007682151,10.459989853253287,0,1,1,1,1,1,1,0,0,1,0,0,1,1,1,1,0,0,1,0,1
59.0,1,0.2524094277439539,1.014970460471183,8.014112478059428,1.066185984317375,5.0819186238777805,1,0,0,1,0,1,1,0,1,1,1,1,0,0,0,0,1,0,1,1,0
45.0,0,5.870967962362204,2.2732403178519203,5.807051303468607,1.1121498216133903,8.762986932391147,0,0,0,1,1,0,0,1,0,1,1,0,0,0,1,1,0,1,1,1,1
77.0,1,4.961471685657772,0.5528745583735407,8.897269271545833,1.0492512713778943,6.741923308710767,0,1,1,1,0,0,0,0,0,1,0,0,1,1,1,0,0,1,1,1,0
33.0,1,4.557517036814614,1.547332444959865,7.46378439871765,0.7730287956758594,5.807827077241468,1,1,0,1,0,1,1,0,1,0,0,1,0,1,0,1,1,0,0,1,1
32.0,0,9.580052049329792,2.439662663006967,4.568196541194613,0.7445074973444252,9.11574751593683,0,1,0,0,1,1,1,1,1,1,0,1,0,0,1,0,1,0,1,1,1
79.0,0,4.0504496446601035,1.3468323894360785,7.903012847984476,0.6370596835365813,7.656018475015525,0,0,0,0,0,1,1,1,0,1,0,0,0,1,1,1,1,1,0,0,1
79.0,1,8.414035905977824,1.9093427536134986,9.617314629186499,1.349070874903492,7.201163738276473,0,0,0,1,1,0,1,1,0,1,0,1,0,1,1,0,1,0,1,1,0
64.0,0,1.9665519969175864,1.012448082064777,8.105759806622551,1.1164793585412445,8.742816039137772,1,1,1,0,1,0,1,0,0,0,0,0,1,0,0,0,0,1,1,1,1
49.0,0,6.7573589304477855,2.354988477815431,10.976848509972648,0.6865110125040598,7.930141027920006,0,0,1,1,1,0,0,0,0,0,0,0,0,0,0,0,1,1,0,1,1
68.0,0,9.77236884894554,0.6306977581718991,6.311496133260661,0.6772093798212395,6.427873668412486,1,1,1,1,1,0,0,0,1,1,1,1,1,1,0,0,0,1,0,1,0
61.0,0,1.1087416986420744,2.631356612188751,4.689993370431719,1.3730356015261367,8.472490302122013,1,0,1,0,1,1,0,1,1,1,0,0,1,1,1,0,0,0,1,1,0
72.0,1,0.18236742804920092,0.9954909660541704,11.492524893264049,1.2427308637633194,9.355988612405557,0,1,0,0,0,1,0,0,1,1,0,1,1,0,1,1,1,1,0,1,1
69.0,1,4.392469647062882,2.685995079270827,7.025570796225752,1.1593990799053713,4.213545268694834,1,1,1,0,1,1,1,1,1,1,0,1,1,1,0,0,1,0,0,1,0
74.0,0,1.0169922822085353,1.3813231032512934,8.014112478059428,0.9068641075392998,7.726973831261403,0,1,1,0,0,0,0,1,0,0,0,1,0,1,0,0,1,1,0,1,1
20.0,0,7.50900506179469,2.3067089361862165,10.336025009041567,0.7619755642785175,4.46146627666835,0,1,1,0,0,0,0,0,0,0,0,0,0,0,1,1,0,1,1,1,0
54.0,0,9.154031772100733,1.2980632444654712,6.594509311004645,1.4794507631128238,5.4912433125448885,1,1,1,1,0,0,0,1,1,0,1,1,0,1,0,1,0,1,1,1,1
68.0,0,4.3968076298167125,2.764779178086619,9.72931630542089,1.2972395750228003,8.484069872623785,1,1,1,0,0,1,0,0,1,1,0,0,1,1,1,0,1,1,1,1,0
24.0,1,2.661245257338866,0.816592813795936,5.083350798542624,0.8017792231362765,10.929511322124647,1,0,0,0,1,1,0,0,1,1,1,0,1,1,0,0,1,1,1,0,0
38.0,1,4.400592858165437,0.9462994731814968,6.330349977644042,1.3475647962784947,11.062445433507879,0,1,1,1,0,1,1,1,0,0,1,1,1,0,1,0,0,0,0,1,1
26.0,0,7.26213339671501,1.7325753128970058,5.157685089092159,1.2589319486146815,4.55955208110905,0,1,0,0,1,1,0,0,1,0,0,0,0,0,1,1,1,1,1,1,1
56.0,0,0.1896361996456727,0.7048460975953653,10.489844467210862,0.7970805498779984,7.352840690293653,0,1,0,0,0,0,0,1,0,1,0,1,0,0,1,1,1,1,1,0,0
35.0,0,5.935594495898502,0.9899504617544048,8.014112478059428,0.9265528542416397,8.66405186403641,1,1,0,0,1,0,1,1,0,0,0,1,0,1,0,0,1,0,1,1,0
21.0,1,4.961471685657772,2.859415955530036,9.739228443241682,0.6859534453910267,5.176559236402747,0,1,0,0,1,0,1,1,0,0,1,1,0,1,1,0,1,0,0,1,1
42.0,0,6.413113644269761,2.941224152869718,11.54638717796522,0.6110524443781093,10.123457733958173,0,0,0,0,1,1,1,0,0,0,0,0,0,1,0,0,1,1,0,1,0
77.0,1,2.4960185918106848,1.4406483233260547,8.222177672551016,1.2227620328396966,9.953882067497911,0,1,0,1,1,1,1,0,1,0,1,1,0,0,1,1,1,0,1,0,0
31.0,0,7.169121961443455,2.8082150525348393,8.320233538085501,0.7675118573538666,11.226728109654356,0,1,1,0,1,1,0,0,0,0,1,1,1,1,1,0,1,1,0,0,1
67.0,1,1.0047757146845864,1.8620616891835793,7.688268544782496,1.3200593657462536,4.067888096667544,1,1,0,0,0,1,1,1,0,1,0,1,1,0,1,0,0,1,0,0,0
75.0,0,2.0727763310213283,1.6994873972351736,6.607121147149142,1.495608711514426,5.733473951912021,0,1,1,1,0,0,0,1,1,1,0,0,0,1,0,0,1,1,1,1,0
26.0,1,8.78695346187937,2.2559968027014965,7.805240247399337,0.5766198139296487,10.617493713962574,1,0,0,0,0,0,1,0,1,1,1,0,1,1,1,0,1,0,0,0,1
43.0,0,7.413359192193007,2.147254516437143,8.822460258134075,0.9730351250837003,9.364640406615482,0,0,0,1,0,1,0,1,0,1,1,1,0,0,0,0,0,1,0,1,1
70.0,0,0.236080984712318,2.9728132977718333,11.887932577365275,1.302062559310803,11.155118829587927,0,1,0,1,1,0,1,0,1,0,0,1,1,1,1,0,0,0,1,0,0
19.0,0,2.558924977661022,1.1626182185232081,11.502116474545794,1.2889508965412335,4.457437236242132,0,1,1,1,0,1,1,0,1,1,0,1,0,1,1,0,1,1,1,1,0
37.0,1,2.2226241816323293,2.1801487566543383,10.897223666344974,1.2599971583309686,8.775711725731544,1,0,0,0,0,1,0,0,0,0,1,0,0,0,0,1,0,1,0,0,1
45.0,0,2.7809826475660286,0.6300593875736172,11.113044285638868,0.848994935301911,8.552372599149393,1,1,0,0,0,1,0,0,1,0,1,0,0,1,0,1,1,0,1,0,1
64.0,1,2.5508417257708755,0.7841150967417985,7.742793466336344,0.9538532556850523,4.285395330884259,1,0,1,0,0,1,1,1,0,1,0,0,1,1,1,1,0,1,0,1,1
77.0,1,0.7190103278541728,0.5097959373777332,9.259554617419719,1.0949683573414704,8.108176615299868,0,1,0,0,0,1,0,0,0,1,1,1,0,1,0,1,0,1,0,1,1
24.0,0,4.643511114308521,2.998651702649183,11.160533783489713,1.473940583573257,8.876162490479395,0,0,0,1,1,0,0,1,1,1,0,0,1,1,1,1,0,0,1,1,1
61.0,0,7.354061400383035,2.5056842428686945,7.1436061199308245,0.8275472709384929,5.530345393616858,1,0,0,1,1,0,0,1,1,1,0,1,0,0,0,0,1,0,0,1,0
78.0,0,6.10664407470262,2.4668075368338522,11.69409982676375,1.4231438877168578,6.1866366649973035,0,1,1,1,0,0,0,0,1,0,0,0,1,1,1,1,0,1,0,1,0
25.0,1,6.761429519120989,1.6994873972351736,7.326288496553464,0.7693569181804941,9.122778770381895,0,1,0,0,1,0,1,0,0,0,1,1,1,0,0,0,1,1,0,0,0
64.0,0,0.9033768675087677,1.2501677072636,8.808661323145724,1.4890744654737045,7.746407580799667,1,1,0,1,0,0,0,1,1,0,1,0,0,1,0,1,1,0,1,1,1
52.0,1,9.519758030750193,0.8781607111566898,9.678437706178975,1.1702636868275917,10.864109260546615,0,1,1,0,1,0,1,0,0,1,1,0,0,1,0,0,0,1,0,1,1
31.0,1,8.401069155045946,1.2116868471161593,11.604736104607507,0.9635114803585509,6.739054128073507,0,0,1,1,1,1,0,1,1,1,0,0,0,1,0,1,0,1,0,1,1
34.0,0,8.070394153107062,1.4399280548228477,5.956930192418128,1.1133904280636049,6.133277267105609,0,0,0,1,0,1,1,1,0,0,0,0,1,0,1,1,1,0,0,0,0
53.0,0,8.247539669913499,2.390775242450735,9.969047825909138,0.7725311690402068,11.878927522758742,1,1,0,1,1,0,1,1,1,0,0,1,0,1,0,0,1,0,1,1,0
67.0,0,4.961471685657772,1.849154472257881,8.166524689152658,0.7741738575114666,11.289086161040668,0,0,0,0,0,1,1,1,0,1,1,1,0,1,0,1,1,1,1,0,1
57.0,0,5.488114264525607,0.6937090663887067,6.1484571249651285,0.6135545438434938,4.231941959991839,1,1,0,1,0,1,1,0,1,1,0,1,1,0,0,0,0,0,1,1,0
21.0,0,2.0827919768894962,0.5450725223972805,10.212854718371124,0.6140502977053988,10.165828922452526,0,1,1,1,1,1,0,0,1,0,0,0,1,0,1,0,1,0,0,1,1
19.0,0,6.206157717740157,0.7558304488351579,8.417778241390772,0.8476717414689113,4.882678190601624,1,1,1,0,1,0,0,0,1,0,0,1,1,1,1,1,0,0,1,1,0
49.0,1,7.454526787312596,1.5262467842434484,9.287790565197406,1.2628554778963716,4.219881558634968,1,0,1,1,1,0,1,1,1,0,1,0,0,0,0,1,1,1,1,0,0
23.0,1,7.405382194204852,2.8329822926225456,6.583208548623208,1.1079711675981625,6.189564127730791,1,1,0,1,1,0,0,0,1,1,1,0,0,0,1,1,0,1,0,1,1
49.0,1,5.2623453392521125,2.093506203023054,7.85019161462084,0.6025845603310208,6.154767032488834,1,0,1,0,0,1,0,1,0,0,1,0,0,1,1,0,1,0,1,1,1
59.0,0,0.7777413214024228,2.5045647496887877,8.938834007904536,1.352236524975911,10.554550098775717,0,1,1,0,0,0,1,1,0,0,1,1,0,0,0,1,1,0,0,0,1
21.0,1,3.7740180904582656,1.6659364862613715,7.239286514158752,1.1013676269900663,9.685337967542681,1,0,0,0,0,0,0,1,1,1,1,0,1,1,1,0,0,1,0,1,1
71.0,1,9.215589423787238,1.404165207987607,5.5869803187816105,1.4608555767847797,11.852875418656115,0,0,0,0,0,0,0,0,0,0,1,0,1,0,0,1,0,1,0,0,1
46.0,1,4.961471685657772,0.7710009317915568,11.693123938522433,1.1701854674112075,9.692103202494547,0,0,0,1,0,1,0,0,0,0,1,0,1,0,0,1,0,1,0,1,0
35.0,1,5.429486238231563,2.6898325554655123,8.09174032034094,0.675174863704181,7.346044426048383,1,0,0,1,0,0,0,1,1,0,0,0,0,1,1,0,0,1,0,1,0
43.0,1,2.7616497923837158,2.457900072569757,8.014112478059428,0.9737833623078223,9.591421287561735,0,1,0,0,1,0,1,0,1,1,0,1,1,1,1,1,0,0,1,0,0
61.0,0,3.747644307174131,0.9202952439943128,7.288377548448465,1.148497597547204,11.995672537491217,0,0,0,1,0,0,1,1,0,1,0,1,0,1,0,1,1,0,0,1,1
51.0,0,8.963926282616375,1.7806514096906514,6.841054112205731,0.5282647010499777,9.681135060500225,0,0,1,1,0,1,0,0,0,0,0,1,1,0,0,0,0,1,0,1,1
27.0,1,6.6979841705156735,1.7184370198031123,7.257314387737,0.5149102641548079,10.093450847842547,0,1,0,0,1,0,1,0,1,1,1,1,1,1,0,1,0,1,0,1,1
79.0,1,7.8951315648480955,2.0627288817163216,7.273573150285198,0.6294030005985679,11.506920121522075,1,0,0,1,1,0,1,0,1,0,1,1,0,1,1,0,0,0,0,0,0
53.0,1,4.961471685657772,2.865467234978153,8.35344092753563,0.7516644350454708,4.909210090493467,0,1,1,1,0,1,1,1,1,0,0,0,1,1,1,1,0,1,0,1,1
31.0,0,6.339447472615963,1.949428604406199,8.347758959850905,0.9295491235206755,9.638274347581815,0,0,1,1,0,0,1,0,0,1,0,1,1,0,1,1,0,1,0,1,1
48.0,0,2.5589977265577546,1.8505431669465464,7.977230527062973,0.9874404737597884,10.806447663739592,0,1,1,0,1,0,0,0,1,0,1,1,0,1,1,1,1,0,0,0,0
49.0,1,7.084062219806514,0.6258073323366599,5.078286279339505,0.6380276089378968,11.635028801767145,0,0,1,1,0,0,0,1,0,1,1,1,1,1,0,1,0,0,1,1,0
32.0,0,4.333253203663039,0.6572686900450598,7.968603828004249,1.173391579115831,5.687754317693595,0,0,1,1,1,0,0,0,1,1,1,1,0,0,1,0,1,1,1,1,1
25.0,0,4.481200596665981,0.9683669783169722,5.352831203365212,1.0961380616965348,8.031432061793954,1,0,0,1,1,1,1,1,1,0,0,1,1,1,1,0,0,1,1,1,0
31.0,1,6.5282910133111285,0.5811769292293707,5.009086290366121,0.7944640988411602,9.444438781155855,0,0,0,0,1,1,0,0,0,0,1,0,1,1,1,1,0,1,0,0,0
40.0,0,9.369178152542373,2.358382238925031,11.461165738729342,0.513659883435292,5.9797418360106995,1,1,1,0,0,1,0,1,1,1,0,1,0,1,0,0,1,0,1,1,1
77.0,0,0.7336628314253472,2.308325759984908,8.839600105181635,0.5776479153532907,8.803782906002192,0,0,1,1,0,0,0,1,0,1,1,0,0,1,1,1,0,1,1,1,0
74.0,1,8.264958049735375,0.8401405860791074,9.275920464996673,0.8916947755108394,6.060630259983995,1,1,1,1,1,0,1,0,0,0,1,1,0,0,0,0,0,0,0,0,0
79.0,0,2.994592793080712,2.590197251988202,7.21434936266691,0.6539743511656839,6.667656164253178,0,1,1,0,1,0,0,1,0,1,0,0,1,1,1,1,1,1,1,0,1
57.0,0,4.49480259961314,0.8869650871152799,11.271847135318914,0.8768196061479708,7.5321495720869205,0,1,0,0,0,0,1,1,1,0,1,0,1,1,0,0,1,1,0,0,0
38.0,1,0.3169419548725887,1.252938967493397,9.103443916637325,1.1281826045103551,8.233520789972536,1,1,1,0,0,1,1,0,1,0,0,1,0,1,0,0,0,0,0,1,0
33.0,0,3.0803561705596993,1.1224422479034124,10.1533589561887,1.0472374278792835,7.594926973001205,1,0,1,0,0,0,1,0,1,1,1,1,0,1,0,0,1,0,0,0,0
62.0,0,5.0760493020382915,1.4307677464326194,6.948499752221711,0.7311758831373942,7.9455641583034335,1,0,0,1,1,1,1,0,0,0,1,1,0,1,0,0,0,1,0,1,1
35.0,1,0.6561431657396463,1.1366594147249047,11.680095046553003,0.8438224912587524,6.388710050306341,0,0,0,0,1,0,1,0,1,1,0,0,0,0,1,1,0,0,1,1,1
64.0,1,4.961847720893335,1.7223773160961302,10.56369032126652,1.1140311984486506,5.271720752181045,1,0,0,0,1,0,0,1,1,0,1,0,1,1,1,0,0,1,0,0,0
70.0,1,9.27839522569843,1.5185197033867135,10.831587704116348,1.3608550280434488,4.3787998186147155,1,0,1,0,0,1,1,1,1,0,1,1,1,1,1,0,1,0,1,1,1
41.0,0,1.1433928592672717,2.9664237269483165,5.377554139406034,1.2532134387388774,5.567829779933342,1,0,1,0,1,0,1,0,1,0,1,0,0,1,0,0,1,0,1,0,0
49.0,1,7.667963207947493,0.6398158753205642,6.167705662969756,1.053400026833415,8.655549132046264,0,1,0,1,1,0,1,0,1,0,1,1,0,0,0,0,0,1,0,0,0
42.0,0,4.155743428422327,0.855453440968379,6.2850127974686165,0.8622929983164862,10.28892358242506,0,1,1,1,1,0,0,0,0,0,1,0,1,1,0,0,0,0,1,0,1
77.0,1,4.961471685657772,0.6320647347715063,6.167273785974969,0.8650512775418054,5.353980779543156,0,0,1,1,0,0,0,0,1,0,1,1,1,0,0,0,1,1,0,0,1
77.0,0,4.961471685657772,2.0646029874559395,10.843265296834304,1.379417310264396,4.868442862181188,1,0,0,1,1,1,0,1,1,1,1,0,1,1,1,0,0,0,0,1,1
77.0,1,1.678973399159447,0.6362731935342989,4.255078361668737,0.5392435760405464,9.994322884394002,0,0,0,0,1,0,0,1,1,1,1,1,1,1,1,1,1,0,0,1,1
62.0,1,1.6885798812851418,2.5910993434403085,4.608799911846194,1.4879826444202608,6.4412666442983175,0,1,0,1,0,1,1,1,0,0,1,0,1,0,0,1,1,1,1,1,0
58.0,1,4.961471685657772,1.7798465767048195,6.19131896503923,1.1643754108515623,11.611995513818819,0,0,1,1,1,1,1,1,1,1,0,0,1,1,1,1,1,1,0,0,0
46.0,1,1.937902378522306,1.6994873972351736,8.014112478059428,1.1811376990723905,9.714543764882984,0,0,0,0,0,0,0,1,0,1,1,1,0,1,0,0,1,0,1,0,0
32.0,0,6.675771911390786,1.9039862692804856,5.854876911062787,0.5379978373047422,6.614048377944247,1,0,1,1,0,0,1,0,0,1,1,0,0,0,1,0,1,1,1,1,1
62.0,1,8.828737057250729,0.9270342657655268,8.014112478059428,1.1055292748912722,6.316341982349639,0,1,1,1,1,1,0,0,1,1,1,0,1,1,1,1,0,1,0,0,1
18.0,1,8.159844287352502,0.9942257577862188,8.505012751136375,0.984778060090447,8.189587090170473,1,1,1,1,0,1,0,1,0,1,0,1,0,1,0,1,1,1,0,1,1
42.0,0,6.882829667757393,1.2970433071825118,4.046165290343744,0.605778906894067,4.633157346225675,1,0,0,0,1,0,0,1,0,0,0,1,0,1,1,1,1,1,1,0,1
24.0,1,1.1932754477699166,1.9837410395546287,7.434582125633562,0.7779220107693591,4.941412101162392,1,1,0,0,0,0,1,0,0,0,0,1,1,0,0,0,1,0,1,0,0
26.0,0,2.9629557183299036,1.0252944398505364,7.2630794148028714,1.3903144562136514,5.40686305052954,1,1,0,0,1,1,0,1,1,0,0,0,1,0,1,1,0,1,0,1,0
41.0,1,3.167088065692443,0.7908293178331531,4.911562155556348,1.049988415865953,10.197788746436482,1,1,1,1,0,0,0,1,0,0,0,0,0,1,0,1,1,0,0,1,1
18.0,1,2.57457376933645,2.9252922160460804,9.409134308811657,0.9134165751739087,8.11085887415298,1,0,0,0,0,0,1,1,1,0,0,1,1,1,0,0,1,1,0,1,1
61.0,1,5.198556031126259,0.5549545370240573,9.616777507035929,0.572682155840811,4.0845369821955435,0,0,0,0,0,1,1,1,1,1,1,0,1,0,0,1,1,1,0,0,0
49.0,0,5.401982767308758,2.506743513340054,9.76714575241678,1.2141215274023056,9.388132219776871,1,1,1,1,1,0,1,0,0,1,0,0,0,1,1,1,0,1,0,1,1
41.0,1,3.6331711541939913,2.470087873937555,9.827767564468736,1.2028508233960324,7.389521429283977,0,1,1,0,1,1,1,1,0,0,1,0,0,1,1,0,0,1,1,1,1
28.0,1,3.6025126714907167,1.24303528461274,4.000422615458374,1.1140436069725634,8.086818919710383,1,1,0,1,1,0,1,1,0,0,1,1,0,0,0,0,0,0,1,0,0
68.0,1,8.302700419270206,0.8390665400182835,11.631366430773777,1.0102626462206492,5.7129299473034845,0,0,0,1,0,1,1,1,1,1,1,1,1,0,0,1,1,1,1,0,0
34.0,0,7.913999198364888,0.8640716167635585,10.513670136437305,0.9337844022073727,8.414257827152829,1,1,1,0,0,1,0,1,1,0,0,1,0,0,1,1,1,1,0,0,0
25.0,0,3.147178733639382,2.243579043092981,11.231853572714282,1.0932710929879923,11.833225918011909,0,1,1,1,1,1,1,1,0,0,1,1,1,1,0,1,0,0,0,0,1
52.0,1,9.146505594345268,2.107016477715434,8.014112478059428,0.7333954517284067,4.587557528046092,0,0,1,1,1,1,1,0,0,1,1,0,1,1,0,1,0,1,0,0,1
52.0,0,9.53286866832481,2.4568641856284668,11.470870366285915,1.4412590641776477,6.271339197315445,1,1,0,1,0,1,1,0,1,0,0,1,0,0,1,0,1,1,0,1,1
50.0,1,3.3347511660974045,2.8437029309977615,10.478308229504837,1.0887945291802295,5.943980742886638,1,1,0,0,0,0,0,0,1,0,0,1,0,1,0,0,0,1,1,0,1
76.0,1,3.6088069930512434,2.22981840816648,10.697753143669589,0.8111924443543765,5.988394486009437,1,0,1,1,0,0,1,1,1,0,1,0,1,1,0,0,0,1,1,1,1
22.0,1,5.105778118877392,0.8896288413786086,4.746299077775748,0.9496798508851573,7.029650860523018,1,1,0,0,1,1,0,1,0,0,0,1,1,1,0,0,0,0,1,0,0
59.0,1,9.417096044083367,1.1086065419135267,9.910224231348781,1.3056847888768923,10.544878277953341,0,1,0,0,0,1,0,0,0,0,0,0,1,1,1,0,1,0,1,0,0
56.0,1,8.775562388108884,2.6054843271827863,11.679333517136728,0.6616160607302974,11.302869519715099,0,1,0,1,1,1,0,0,1,1,1,0,1,0,1,0,0,0,0,0,0
75.0,1,1.1154228295775392,1.0232651895855214,9.428378731345285,0.7928356224602604,5.6177206996717866,1,1,1,1,0,1,0,1,1,0,1,0,0,1,0,1,0,0,1,0,0
58.0,1,4.961471685657772,0.6813057923862036,8.56449123699685,1.1795080227365555,8.343599503584901,1,0,0,1,1,1,1,1,0,0,1,0,0,0,0,1,0,1,0,1,1
45.0,0,5.578374778522741,2.2582001351056262,11.565037421991976,0.8154892064822239,9.095191777323842,0,0,1,1,0,0,1,0,1,1,1,0,0,1,1,1,1,1,1,1,0
24.0,0,5.081011478260246,1.5063158887253552,7.543496973875488,1.292501681861466,8.17461979491076,1,0,0,1,0,1,1,1,0,0,1,1,0,0,0,0,1,0,1,1,0
26.0,0,2.0192443725752374,2.800100131364759,8.79434853048383,0.6304534871773608,7.4726111535753565,0,1,1,0,1,0,1,1,1,0,1,0,1,0,0,1,0,1,0,0,0
25.0,0,8.602286034564731,2.125637677734154,7.8107063479549295,1.2626861704546086,5.535804046873903,1,0,1,0,0,1,1,0,1,1,1,1,1,1,0,0,0,1,0,1,0
29.0,0,6.801713751668689,0.7260474444791518,11.462769770882392,0.5683517148505662,7.905754873593908,1,0,0,1,0,1,1,1,1,1,1,1,0,0,1,0,0,0,0,1,1
51.0,0,8.395292911032856,2.869641418134152,4.608677814124058,0.5125926126674948,7.209718621690631,0,1,0,0,0,0,0,1,1,1,0,0,0,1,1,0,0,0,0,1,1
50.0,0,8.601766365559774,1.1463931591006147,8.008957606602785,1.3982235188321621,10.364506900018156,0,0,1,0,1,1,0,1,0,1,0,0,1,1,1,0,0,0,1,1,0
65.0,1,7.508722951290824,1.3430312260157145,9.495619531083506,1.0813392169322986,10.108834873303962,1,1,1,0,0,1,1,0,1,1,0,1,1,0,0,0,1,1,0,1,1
72.0,1,4.448184952372201,1.5056510342088552,10.335252307377896,0.8518268970868115,5.071989449645366,0,1,0,1,1,0,1,1,1,0,0,0,1,0,0,1,0,1,1,0,0
40.0,1,6.144412874652703,0.6280607410107831,8.66414917955309,0.7325946369638504,4.708152420504541,1,1,1,0,0,0,1,1,0,1,0,1,0,0,1,0,0,1,1,0,0
79.0,1,1.6876175205854573,1.741288555576512,11.271341952971632,1.1168857832608161,11.265231545820024,0,0,1,0,0,1,1,0,0,1,1,0,0,0,0,1,1,1,1,0,0
41.0,0,6.769089633001586,0.8082962276882306,11.535931575070974,1.0090021835367382,8.28406711171598,1,0,0,0,1,0,1,1,0,1,0,0,1,1,1,0,1,1,1,0,1
54.0,0,1.8746072318188796,1.5024258167208795,4.514553785548668,1.4915977755299852,10.862407498260726,1,1,0,1,1,1,1,1,1,1,0,0,0,1,0,1,0,1,0,1,0
52.0,1,6.970100946050552,1.3767744699802107,7.218964316330995,1.4832159866537458,4.465208964531209,1,0,0,0,1,0,0,1,0,0,1,1,1,0,1,1,1,0,0,1,1
61.0,1,2.3730217914642897,2.4321002085662586,4.1876721737692355,1.1350245661416096,8.212124932173042,0,1,0,1,1,1,0,0,1,1,0,0,0,0,1,1,1,0,1,1,1
57.0,0,1.2637578714871778,2.5079262790818277,6.635333258995543,0.9428705061058905,8.315412116609892,0,0,1,0,1,0,1,0,0,0,1,0,1,0,1,1,0,0,1,1,1
39.0,1,1.7363164524152788,0.88353220597272,8.294945743764817,0.9911409691346621,10.8856162603372,0,0,0,1,1,1,1,1,1,0,0,1,0,1,0,1,0,0,0,0,1
44.0,1,0.11972213866879566,1.4163779684480655,11.28635944407959,1.182479066236862,4.78087998583766,0,0,0,0,0,0,1,0,0,1,0,1,1,0,0,0,1,1,0,1,0
52.0,1,7.2155222167499495,1.4333829025795792,10.772434579723223,0.6015745442353814,5.923564509407274,1,0,0,1,0,0,0,0,0,0,1,1,0,1,1,1,0,0,1,1,1
18.0,1,7.350770385677953,0.8785261098402126,5.019997813375886,0.8283520738107182,7.252306511096105,0,0,0,0,0,1,0,0,0,0,0,0,1,1,0,0,0,0,1,1,0
52.0,0,4.961471685657772,2.4961337626279763,4.744242997927166,0.5752722410036039,10.926731803359537,0,1,1,1,0,1,0,0,1,0,0,1,1,0,1,1,1,0,1,1,0
54.0,1,1.6974917304482988,2.2680708208385583,8.714138710053337,0.5733607595169196,11.511066520564537,0,0,1,1,1,1,0,0,1,1,0,1,1,1,1,0,0,0,0,0,1
64.0,1,0.9271879413558285,0.9759544657425868,8.256943779670262,0.6958392418942337,11.941796956749023,1,0,0,0,0,0,0,0,0,1,1,1,1,1,1,0,1,1,0,1,0
31.0,0,0.2893767677291414,1.4168047714844976,6.131021131440191,0.9852532545932269,11.673547891668171,0,0,0,0,0,1,1,0,1,0,1,0,0,1,1,0,1,0,1,0,0
20.0,0,1.7409069519556852,0.7645125621412856,11.195624676430683,1.2847743211627893,4.047534046754835,0,0,0,1,0,1,1,0,1,1,1,0,1,0,0,1,1,1,1,0,1
18.0,1,8.919469796333154,2.07051649273261,11.418931275692428,0.9854958911658726,4.381666731630976,1,0,0,1,1,0,0,0,1,1,1,0,1,0,1,0,1,0,1,1,1
22.0,0,4.961471685657772,0.8034298113715492,7.220891506721301,0.8354766105608697,5.180854553260709,1,1,1,0,1,0,1,1,1,1,1,1,1,1,0,1,1,1,1,0,1
43.0,1,3.6072861394504354,2.9648354215622943,11.122420456908163,0.5823529903367581,6.790896774162185,1,1,1,1,0,1,0,0,1,0,0,0,0,0,1,0,0,0,1,0,1
72.0,1,1.1429202963651988,2.4517051867196558,7.071591154103781,1.0502955231831295,10.63934424789567,1,1,1,0,1,1,0,0,0,1,0,0,1,1,1,1,1,1,1,1,0
31.0,0,2.301376917006886,1.4755963739599878,9.894534654637601,0.7712685864831768,11.141249562683843,1,0,1,0,0,0,0,1,1,1,1,1,0,0,1,0,0,1,0,1,0
56.0,1,5.240323250724031,1.9464098306983861,7.807537740381793,1.1149341779171476,5.494675250356664,1,0,0,1,1,0,1,1,0,0,1,0,1,1,1,1,0,1,0,0,1
44.0,1,6.11675156264696,2.778354540541022,4.980665252057464,1.4771877391324182,8.957313212957668,1,1,1,0,0,1,1,1,0,1,0,0,1,0,1,0,1,0,0,1,1
26.0,1,2.5289879102454895,1.8852482009895652,11.423473609896172,0.6113143214775502,11.338895880522212,0,1,1,1,1,0,1,1,0,0,1,1,1,0,1,0,0,0,0,1,0
32.0,1,0.6715483763286604,0.9362462159948879,7.632772747020293,0.7121253987219399,7.709853887450566,1,1,0,0,0,0,1,0,1,1,0,1,1,1,1,0,1,0,0,0,0
32.0,0,3.9712254043612467,1.4467583889528983,9.87589632257923,0.9730945380993747,4.828348575622272,1,1,1,0,0,1,1,0,1,1,1,1,0,0,0,1,1,1,1,0,1
43.0,0,2.418613372170708,2.6078621625743637,6.937390515450337,1.4686138153459294,7.6625092006769995,1,0,1,0,1,1,0,0,0,1,1,1,0,1,0,0,0,1,0,0,1
59.0,1,2.273583839975039,2.1105325399740447,4.151047028609877,1.2718097762699956,7.006359218304458,1,1,1,0,1,1,0,1,0,1,0,1,1,0,0,0,1,1,1,1,1
77.0,0,9.602641746863206,2.1268109608345007,4.804242869534687,1.3982291931628301,8.621263968528055,1,0,0,0,1,0,0,0,0,0,0,1,1,0,0,0,0,0,0,0,1
49.0,1,6.201374810664668,2.6670537142212227,7.969755835919395,0.8337148484757929,7.509269475256829,0,1,0,0,1,1,1,0,0,1,1,1,1,0,0,0,0,0,1,1,1
68.0,1,5.613096587403749,2.7349326436562618,9.5197148570109,1.4920384737785946,4.1387674148297435,0,0,0,0,0,0,1,1,1,0,1,1,0,0,1,1,0,1,1,0,1
49.0,1,4.216173524880887,1.6994873972351736,6.6778826126342326,0.6028328160641574,11.95198186730937,0,0,0,0,0,0,1,1,0,0,0,0,1,1,1,1,1,0,1,0,1
56.0,1,4.346548900958428,0.7371229831328903,9.563907673421202,0.5529729060461008,8.348321901844567,0,0,1,0,0,0,0,1,0,1,0,0,0,1,0,1,0,1,1,0,0
66.0,1,4.961471685657772,1.6994873972351736,9.589084715455648,1.355602627054028,7.789046043876876,0,1,1,0,0,0,0,1,1,1,1,0,0,1,1,0,1,0,0,0,0
49.0,0,6.994655089657462,2.3512738030457965,9.631487258622647,1.4272648702069861,11.636938972032432,0,0,0,0,0,1,0,1,0,1,0,0,1,1,1,1,0,1,0,1,0
78.0,1,7.051246352200112,2.3923171128175342,7.940174832164067,0.5905853575461018,5.246882940696617,0,0,0,0,0,0,1,0,1,1,1,0,0,0,1,0,0,1,0,0,0
49.0,0,1.799769686283951,2.0167905049250097,11.319089200972032,0.6134274267458415,5.513900820361986,1,1,0,1,0,1,1,1,0,1,1,1,1,0,0,0,1,1,1,1,0
21.0,0,5.051116245558607,0.9169683379591854,7.913572143844925,0.5331741577557738,10.464117992502267,1,1,1,1,0,0,0,1,1,1,1,1,0,1,0,0,0,0,1,1,0
47.0,1,4.961471685657772,2.493551384854161,7.6021215479731055,0.6045075626427241,6.08664864020007,1,1,1,0,1,0,0,0,1,1,1,1,1,1,0,1,0,0,0,1,1
54.0,1,8.718216966066903,2.3002783337873645,5.595046552085016,0.7094198168002809,10.393816850332215,1,1,0,0,0,1,0,0,1,1,1,0,1,1,1,0,0,1,1,0,1
49.0,1,6.351047320061926,0.7153394288725907,6.461240698850692,1.470076618910001,6.17226786326802,1,1,0,1,1,1,0,0,0,1,1,0,1,1,0,1,1,0,0,1,1
56.0,1,5.37179025751822,1.6595245616859406,4.338675940146427,1.1678602222396806,4.265501041800012,1,1,0,0,1,1,1,1,1,0,1,1,1,0,1,0,1,0,1,1,1
62.0,1,1.2424069575712822,0.9349434988045089,9.068282348929362,1.278553025518542,8.136117791093728,0,0,0,0,1,1,0,1,0,1,0,1,1,1,1,1,0,1,1,0,1
32.0,0,6.095815104301773,1.3436926142824297,5.988285951416743,1.2761394036915221,5.573491473014891,1,0,0,0,1,1,1,0,1,1,0,0,1,0,1,1,0,0,1,0,0
60.0,1,1.260318666234311,0.5452027305142135,6.433242035883721,1.0350737497792146,10.062770343459768,1,1,0,1,0,1,1,0,1,0,1,0,0,0,1,1,1,0,1,0,0
46.0,1,3.4383450981009456,1.5008246710268955,10.16651617331457,1.2974889777130172,9.129597065857185,1,1,0,0,1,0,1,1,1,1,0,1,0,0,1,0,1,0,0,0,0
53.0,0,1.5141354516618857,1.874692302890526,6.617769465291631,1.0958075323899696,11.388821343823341,0,0,0,1,0,1,1,0,0,1,1,0,0,0,0,1,1,0,1,1,0
30.0,0,6.951529105541252,2.048956482067717,5.937567136105137,0.8145460976033576,10.263906858125887,0,0,1,1,0,0,1,0,1,0,1,0,1,0,0,1,0,1,0,0,0
49.0,1,2.1418959269779108,2.1587258628217754,5.352461993069646,1.0611101087684007,5.446207638725815,0,0,0,0,1,0,0,0,1,1,0,1,1,0,0,0,0,0,1,0,0
24.0,0,3.9794077945614577,2.59072828275615,10.198867217455646,1.0335085861345135,10.40126589331837,1,1,1,1,0,1,1,0,1,0,0,1,1,0,1,1,1,0,0,0,0
76.0,1,8.967180298425909,1.0386572681893251,5.037650063920215,1.3234530537593208,9.133896358512185,1,0,0,1,0,0,0,1,1,1,1,0,1,1,0,1,1,0,0,0,0
68.0,0,2.122732195649806,0.8012045560961698,7.630030082002828,1.4817272173816591,9.351613134085,1,0,1,1,1,0,0,1,0,1,0,1,1,1,0,1,0,1,0,0,1
39.0,0,5.127270133191913,2.628842929744814,8.055440928617555,0.9110425654209305,10.65810308776119,0,1,0,0,1,1,1,1,0,1,1,1,1,0,1,0,0,1,1,1,0
45.0,1,4.250789445543617,0.8915320372316247,9.499119301485717,1.2633906784413598,8.590592553511522,0,1,0,0,0,1,0,0,1,0,0,0,0,1,0,1,1,1,0,1,1
19.0,0,0.27942800635272436,2.936900203340488,9.066267858663963,0.5997630040381335,7.728028114824103,1,1,1,1,0,0,0,1,1,0,1,0,1,0,1,1,1,0,0,0,1
59.0,0,7.948305324370846,2.6063455734965926,10.485765383561398,1.2768313694482885,9.093128282869824,0,0,0,0,0,1,0,1,1,0,1,1,1,1,1,1,0,1,1,0,1
62.0,0,0.7835544725145372,1.752191514723998,4.358011471409905,0.8714169119932321,6.383659431666873,1,1,1,1,0,1,0,0,1,0,1,0,1,1,1,0,1,0,0,1,0
79.0,0,4.795124707671841,2.9535535623050633,6.371525798235178,0.5393901628896867,5.460777048696794,0,0,1,0,1,0,1,0,0,1,0,1,1,1,1,1,0,1,1,0,0
74.0,0,5.6507151198956045,0.7434418227700106,6.241072950203038,0.8632461785621772,8.932702704569971,0,0,1,0,1,1,0,1,1,0,1,1,1,1,0,1,0,1,0,1,0
70.0,0,6.321421920484412,1.2576644029377542,5.168135244736866,1.1106427509216448,5.8707869526838214,0,1,0,1,1,1,0,0,1,1,1,0,0,1,0,0,0,0,0,1,0
23.0,1,6.917453130147968,2.0955610376015286,6.313426030851545,0.6192501676814666,4.639320874772854,1,0,1,0,1,1,1,0,0,1,0,1,1,1,1,1,1,1,0,1,0
45.0,1,2.6073965968748793,1.3750171711829469,6.478122513143227,1.4240344924302546,4.004433476682031,0,1,0,1,0,0,1,1,1,1,0,0,1,1,0,1,0,1,1,1,0
45.0,0,0.1987898889186488,2.8209313799519795,8.175075695419826,0.5776724132728386,8.866555211200538,1,1,1,0,1,0,1,1,1,1,1,0,0,1,0,1,1,1,0,0,1
61.0,1,7.262092257313628,0.6640652204445439,9.309635831410048,1.430006719833166,6.897190267841895,1,1,0,1,0,1,1,1,0,1,0,0,0,0,1,0,1,1,0,0,0
61.0,1,5.403000333541028,1.8735295801524114,7.048804108894513,1.2071375179356865,10.018487765387647,1,1,1,0,0,1,1,0,1,0,1,0,1,0,1,1,0,1,1,0,0
37.0,1,8.377565261751762,1.9771656684877863,9.75576185050705,0.8297121754142036,7.00141118650482,0,0,1,1,1,1,0,0,0,1,1,1,0,0,1,0,1,0,1,0,0
47.0,0,8.231744792716873,2.1318203094430603,8.014112478059428,0.8907503477090932,7.888027585905814,0,1,0,0,0,0,1,0,1,1,1,1,0,1,0,1,0,0,1,0,0
79.0,1,8.448929061100044,1.1391655583295361,6.322269418518083,1.240809364732744,7.256679782523079,0,0,0,0,0,0,0,0,0,0,0,1,1,0,0,1,1,1,1,1,0
28.0,0,4.902437133797448,1.411416068799661,8.329504446856195,1.1014711008812075,9.20459832887477,1,0,0,1,0,1,1,0,0,1,0,0,0,0,1,0,0,0,1,1,0
75.0,1,3.4029211187849704,2.609201324162444,4.189730882446325,1.171642921454945,6.849113296119746,0,1,0,0,1,1,0,0,1,0,0,1,1,1,1,1,0,0,1,0,1
72.0,0,7.936426205654563,0.9873569224253995,4.638312989072003,0.88916461651348,11.710141199538471,0,0,0,1,0,0,0,1,1,1,1,1,0,0,1,1,0,1,1,1,0
45.0,0,4.567811718989623,2.567169617933405,7.343756348692216,0.987813481807599,11.489175892788241,1,1,0,0,0,1,1,1,1,0,1,0,1,0,0,0,0,1,0,1,0
42.0,1,1.9160777443940018,1.906638557256856,11.543301691134051,1.4898674840378934,10.784223221258252,1,1,0,1,0,1,0,0,1,1,1,0,1,1,1,0,0,0,0,1,0
56.0,1,8.564242793658597,2.405468777985205,9.772094238747389,0.7139228704997177,11.362402164581985,1,1,0,1,0,0,1,1,0,1,0,1,0,1,0,0,1,1,0,1,1
79.0,0,8.837342780046239,2.2840184156586787,4.705012556004462,0.9178561865221314,7.593117507675128,0,0,0,1,1,1,0,1,1,0,0,1,0,0,1,1,1,0,1,0,1
50.0,1,4.716466585787684,1.0187787384621976,10.77054410224699,0.7918231875739673,8.291443174315937,0,1,1,1,1,1,1,1,1,1,1,0,1,1,0,0,0,0,0,0,1
18.0,1,0.849427300366896,1.6994873972351736,9.858406164865448,1.2651115104398498,9.936740740465956,1,1,1,1,0,0,0,0,1,1,0,0,1,1,0,1,1,1,1,1,1
74.0,1,3.9394782901776195,2.669307882012731,8.887572205621225,1.2640126256657207,9.569167399508329,0,0,1,1,0,1,0,1,0,0,0,0,0,0,1,0,1,1,0,1,0
44.0,0,8.055022828679773,1.5802905920048234,10.562343684873419,0.7924454609973959,11.125428764843766,1,1,1,1,0,0,1,1,0,0,0,1,1,1,0,0,0,0,0,0,0
79.0,0,9.027562882607663,2.9164769255582916,7.232878781943657,0.5813903166329829,9.730648218053563,0,1,0,1,1,0,1,0,0,1,0,1,0,0,0,0,0,0,1,0,0
74.0,1,2.114380150726199,1.630537750254295,8.014112478059428,0.511432676672204,11.983077665827684,1,1,1,0,1,0,1,0,0,0,1,0,0,1,0,1,0,1,0,0,1
69.0,1,0.763038759050188,0.8569640916697117,8.096187112870075,0.9274505332424855,6.788046398652728,0,1,1,0,0,1,1,0,0,1,1,0,0,1,1,1,0,1,1,0,0
30.0,1,8.785769486015102,1.4735867001941831,8.390734044747791,0.9103375943357709,10.663981937915343,1,1,1,0,0,1,1,1,1,0,1,1,1,0,0,1,0,1,0,1,0
58.0,0,3.9551088958908656,2.8792560159763427,8.306610976079297,1.4883898786398628,9.581078582661313,1,1,0,0,1,1,1,1,1,0,0,0,1,1,0,0,1,1,1,1,1
20.0,0,5.463433546248877,1.2993021233496356,8.520590331840843,0.9698020756976796,9.53109156172015,1,0,0,1,0,1,1,1,1,0,0,0,0,1,0,1,1,1,1,1,0
56.0,1,9.683851539302513,2.670245399667657,11.589639345913447,0.7564183695754206,6.606684758759991,0,1,1,1,1,0,1,0,0,1,0,0,0,0,1,1,1,1,1,0,1
23.0,1,0.7589908063508063,2.7031267042047245,11.21796498476985,1.3912294410314674,10.28481433938418,0,1,1,0,0,0,1,0,1,1,1,1,1,1,1,0,0,0,1,1,0
25.0,1,6.518348273775746,1.3754663108299026,11.005736292471514,0.9910679496535785,11.203008178780793,0,1,1,0,0,0,1,0,0,1,0,1,1,1,1,1,1,0,0,0,1
44.0,1,0.833643683491184,0.7081441451265803,10.411334487269016,1.0991756352105777,5.748387692164504,1,1,0,1,0,1,0,1,0,0,1,0,1,1,0,0,0,1,1,1,0
26.0,1,3.817142391818354,2.311394772897046,11.547424858122284,0.5956687104282127,9.003974696933632,1,0,1,0,0,0,0,1,0,1,1,1,0,1,1,0,0,0,0,1,1
79.0,1,8.057763997415123,1.278780747534965,4.787957133435226,0.8829164073297741,7.137078632822202,1,1,1,1,1,0,1,1,0,1,1,0,0,0,1,1,0,0,0,0,1
54.0,0,4.3913751042807805,2.457309035643931,6.120986091565916,1.4442236744737866,11.916384954359017,1,0,0,0,1,1,1,0,0,0,0,1,1,1,1,0,0,0,0,0,1
50.0,1,9.972105303639209,1.6066371206510828,7.960447565236679,1.0895053841754254,7.830662526653453,1,1,1,1,1,1,0,0,1,0,1,1,0,1,1,1,1,0,1,1,1
68.0,0,5.634686920971362,1.7131668558565538,10.772275944987243,0.8445018551424617,5.8265613903755415,1,1,1,1,0,0,1,1,1,1,1,0,0,1,0,0,0,0,1,1,1
59.0,1,3.2795053110959396,2.444773516871342,8.04132569218186,1.1256671806315932,7.05486100177466,1,0,1,0,0,1,0,1,1,1,0,0,1,1,1,1,1,0,1,1,0
61.0,1,2.2791021264570563,1.4559083276540696,9.98427791473271,1.4104110895781161,9.23070711853301,1,0,1,0,1,1,0,1,1,1,1,1,0,1,1,1,0,0,1,0,0
41.0,0,3.5701532894330024,1.6078183633072864,5.11167924199133,0.77399060047259,4.60871497079661,1,1,1,1,1,1,0,0,0,1,0,1,1,0,1,1,1,0,0,0,0
32.0,0,3.788079410219553,1.4404761719240553,6.0193105038124814,1.0051167184706744,8.828815361769902,0,1,1,0,0,0,0,1,1,1,1,0,1,1,1,0,1,1,1,0,1
76.0,0,0.7802654094672137,1.4183512881931999,9.854208760301379,1.4586906539117552,11.449798073431184,1,1,1,0,1,0,0,0,1,0,0,0,1,0,0,1,0,1,1,0,1
71.0,0,3.7587845743250545,1.8148664422536485,5.317872071101792,0.6723961432984527,10.802902301262804,0,1,1,1,0,0,1,1,0,1,1,0,1,0,0,0,1,1,0,1,0
49.0,1,4.695961345418326,2.5219986112528767,6.810847477239414,1.2196639255967114,4.541388293263867,1,1,0,0,1,0,0,1,0,1,1,0,0,0,1,1,1,1,0,0,1
49.0,0,7.255103747164166,1.4044207798064146,6.118930062508571,1.1144810082029823,11.947119029912546,0,1,1,0,0,0,1,1,0,1,1,0,1,0,0,1,0,0,1,1,0
41.0,1,6.601621898743919,1.8106368013443417,6.798893553779828,1.1796751311406348,9.589815389631033,1,0,1,1,0,0,0,1,1,0,0,1,1,1,0,0,1,1,0,0,0
58.0,0,7.116779986768627,2.176818313606502,9.666592392623762,0.8512196306675697,5.2982465945121895,0,1,1,1,1,0,0,1,1,0,0,0,1,0,1,1,1,1,1,1,1
69.0,1,0.1828004505808853,1.1735986157591376,6.942777449142408,0.8138793734837649,4.099328713355388,1,1,0,1,1,0,0,1,1,1,0,0,0,1,0,1,1,0,1,0,0
66.0,1,2.254907255847307,1.1938070122559814,8.442106580863522,1.1842096705883705,5.370261090337211,1,1,1,0,0,1,1,1,0,1,1,0,0,1,1,0,0,1,0,1,1
49.0,1,6.650674455158579,2.833532817558637,4.799455016435277,0.7155432851045453,10.705407365485907,1,0,0,1,0,1,0,1,0,1,0,1,0,0,0,1,0,1,1,0,1
66.0,1,4.8914947449794965,2.3088364333277216,10.440141545877022,0.9196547448590051,4.17311459956131,0,0,1,0,1,0,0,1,0,1,0,1,0,0,1,1,1,0,0,1,1
75.0,1,4.961471685657772,1.942966690558272,6.959109005184999,0.688174646052918,5.865178428944692,1,0,0,0,0,1,1,1,0,0,0,1,1,1,0,0,1,1,0,0,0
69.0,1,8.064496960075042,2.11930013605153,9.18827327226674,0.5083048411233297,10.058444762679002,0,1,0,0,1,1,1,0,0,1,0,0,0,0,0,1,1,1,0,1,0
29.0,0,7.75081477557434,0.5732486077585459,9.803116813294661,1.4700573600380693,8.68888428718508,0,0,0,0,0,0,0,0,0,1,1,0,0,1,1,1,1,0,1,0,1
79.0,1,5.52934971363627,2.045257413904242,5.677287376893603,0.931702978656419,10.261885682881534,0,1,1,1,1,0,0,1,1,1,1,1,0,0,0,0,0,0,1,0,0
56.0,0,4.961471685657772,1.7737721830605047,11.0773998796268,1.4693496144198253,9.969204030614303,0,1,1,0,0,0,0,1,0,0,1,1,1,1,1,0,1,1,1,1,1
19.0,0,7.6884989903725875,1.6994873972351736,8.929794012855623,0.6403235197678261,4.404811096974438,0,1,0,0,0,1,1,0,0,0,1,0,1,1,0,1,1,1,0,1,0
20.0,1,5.878764518540503,1.3985595670770428,7.429801134011852,1.087366779457486,11.140091352753213,1,1,1,0,0,1,0,0,0,0,1,1,1,0,1,0,1,1,1,0,1
66.0,0,7.841403773863796,0.7036847442823547,5.458681468625756,0.7009740327912396,5.81625467425815,0,1,0,1,0,0,1,0,0,0,1,1,1,0,0,1,0,0,1,0,1
54.0,1,7.54229522471882,0.9833480840301305,11.538407503209655,1.2900741269632747,8.42713952183811,0,1,1,1,0,0,0,1,0,0,0,0,0,0,0,0,1,1,0,0,0
66.0,0,8.049720512382589,2.8768617830316794,10.040545633053,1.2837029887609752,9.15430525222223,0,1,1,1,0,1,1,1,0,1,1,1,0,0,0,1,1,1,0,0,0
73.0,1,5.228279857405785,1.521748905677335,5.664196501865991,0.6126071490393118,5.349025687080763,0,0,0,0,0,0,1,1,0,0,0,0,0,1,0,0,0,1,0,0,1
34.0,0,1.4892127301157985,1.6994873972351736,6.701686197793796,1.4120644528763893,11.809850053607796,1,0,0,0,1,0,0,1,0,1,1,1,0,0,0,1,1,1,1,0,0
76.0,1,6.744458986458918,0.6317744746335975,10.477394064704587,0.6946296472032246,7.905247648698472,1,0,1,1,1,1,0,0,0,1,0,1,0,1,1,1,1,0,0,0,1
66.0,1,6.242690472014509,0.5939155738599515,9.565421305722712,1.1129773415893602,4.4611415647791475,1,1,0,1,0,1,1,0,1,1,1,0,1,1,1,1,1,0,0,1,0
19.0,1,4.961471685657772,2.2929536176168943,10.126274341725795,1.485633620087704,11.498096358222723,0,0,0,0,1,0,0,0,1,0,1,1,0,1,1,0,0,1,0,1,0
19.0,1,1.7818219599022798,1.845236660302778,7.529608817703459,1.3823965347663638,8.690142745546144,0,1,1,1,1,1,1,0,1,0,1,0,1,1,1,0,0,1,1,1,1
45.0,0,2.0302544790128634,1.7717649605406667,9.731810101137334,1.456563928561169,9.59354558385101,0,0,0,0,0,1,1,1,1,0,1,1,1,0,0,1,1,0,1,1,0
71.0,1,8.915054220471353,1.1078113260566718,7.09194978291131,0.8425987712181194,8.201406319473794,1,0,1,1,1,0,0,0,0,1,0,1,1,0,1,0,1,0,0,0,0
40.0,0,7.524780204675501,2.361876829074806,5.6901033355055715,0.6055756422194634,10.67790363821574,0,1,1,0,0,0,1,0,1,1,0,0,0,1,1,0,0,0,0,0,0
54.0,0,4.961471685657772,0.9205914477712297,9.06141627873088,0.6883468732894501,4.265067697545687,1,0,0,0,1,0,0,1,1,0,1,0,0,1,0,0,0,0,1,0,0
49.0,0,7.611281679522815,0.97483685915255,11.808111404790353,1.000494895076614,6.147026922217182,0,1,0,0,1,0,1,1,0,0,1,1,1,0,1,0,1,1,1,0,0
50.0,1,6.011837529303988,1.6517804283706887,6.484807771162637,1.2932296782733221,7.757186851221538,0,0,0,1,1,0,0,1,0,0,0,0,0,0,0,0,1,0,1,0,0
18.0,0,6.575914096575949,1.2156996552798522,7.687756737700317,0.6501536441838752,4.61282893050968,1,0,1,1,0,0,0,0,0,1,1,0,0,1,1,0,1,0,0,0,1
36.0,0,8.902366447006099,1.118657453082866,9.392010968558829,1.159731532260757,9.647253354613266,0,0,0,0,1,0,0,0,0,1,1,0,0,1,0,1,0,1,1,1,0
79.0,0,5.830186869668211,2.113094111383329,8.332050256979903,0.8235776040395119,7.149307312445126,1,1,1,1,0,1,1,1,1,0,0,0,0,1,0,1,0,1,0,0,0
19.0,1,6.360674110851035,2.127429363046361,10.747422365672394,0.8412020723921535,6.181343922145152,0,1,0,0,0,0,0,1,0,1,0,1,1,0,0,0,0,1,1,0,1
70.0,1,1.649119488435646,2.561292674499823,10.093941651756127,1.1619177301579264,4.027030774467298,1,0,0,1,1,1,1,1,0,1,0,1,0,0,1,0,0,1,1,0,0
61.0,0,4.791820079149416,1.5442714174324397,4.466377630898856,0.9669994195332202,9.75864249399963,0,0,1,1,0,0,1,1,0,0,0,0,0,0,0,0,0,1,0,0,1
43.0,1,7.192331408385179,0.6827127275653756,11.987369871390193,1.312033293025994,10.670474470982894,0,1,0,0,0,0,0,0,1,1,1,1,0,1,1,1,1,1,1,0,0
49.0,1,2.7823327133320177,1.1841659623036442,10.019219629755739,0.655918509662827,7.1603242854519875,0,0,0,1,1,0,1,1,1,1,1,1,1,0,0,1,1,1,0,0,0
23.0,0,2.102316387192896,2.9500136579920424,10.911226530352906,1.2899482697670384,8.513743816266924,0,0,1,1,0,0,0,0,0,1,1,1,1,1,0,0,1,0,1,0,0
49.0,0,3.2068854014217143,1.9906464380817552,9.209581696762772,0.5642352480574209,5.821493007436787,0,1,0,0,1,0,1,1,1,0,1,1,0,0,0,1,0,0,0,1,1
72.0,1,2.490856217129051,2.2743427120025506,10.850281024374098,0.694053880245605,8.977581170241065,1,0,0,0,1,0,1,1,0,1,0,1,0,1,0,1,1,1,1,1,0
21.0,0,2.227635106660319,0.5183945740635363,4.899063799429675,1.1561497145031654,4.097099666521604,1,0,1,0,0,1,0,0,1,1,1,1,0,0,0,1,0,0,0,1,1
72.0,1,4.3060233443940605,1.7955143304563022,6.781902684474525,1.3549256565110712,7.9091511767900675,0,1,0,0,1,0,0,1,0,0,1,0,0,1,0,1,0,0,0,1,0
28.0,1,9.087601287446988,0.5938216438295079,11.011367548835942,0.752679627739349,9.153643854725537,1,1,0,1,1,0,1,1,1,0,0,1,1,1,1,1,1,1,0,0,0
49.0,1,5.119890502713311,1.92307553022862,8.014112478059428,0.8271916058289129,11.345534185837872,1,1,1,1,0,0,0,1,1,1,1,1,1,1,0,1,1,0,0,1,1
76.0,1,1.960411770071698,2.8019271240901884,4.625936788640182,1.03712074828674,7.050686536978274,1,1,0,0,0,1,0,0,1,1,0,0,1,0,0,0,1,0,0,1,0
34.0,1,0.8620195268706533,2.9210478262510198,10.304951519561751,0.7115728064893023,10.121521623848238,1,0,0,1,0,1,1,0,0,1,0,0,1,0,1,1,1,0,0,0,1
55.0,1,6.99194583686546,1.8513816884723104,8.014112478059428,1.3111562615875056,8.781496239548005,0,1,0,0,0,0,0,1,1,0,0,1,1,1,1,0,1,0,1,1,0
41.0,0,3.88970776792024,1.6455120131305399,8.014112478059428,1.2736366450057608,11.416096903400645,1,1,1,0,1,0,1,1,1,0,0,1,1,1,0,0,0,1,1,0,1
22.0,0,8.236126371195057,2.862542735621235,10.834767862261725,0.6452917119657816,7.187021405275445,1,0,0,0,1,0,0,0,1,1,0,1,0,1,0,1,0,0,0,1,1
69.0,1,6.6291566095436245,2.1840245799917377,9.494142364777357,0.9638297318166321,6.552762718983904,0,1,1,1,1,0,0,0,0,0,1,1,1,1,0,1,0,0,0,1,1
51.0,1,7.982790360359548,0.6622481988460236,8.160661465732671,1.2748277666546213,11.09713598955315,0,1,0,1,1,0,1,0,1,0,1,0,1,1,0,0,1,1,1,1,0
23.0,1,2.792265790242643,1.664313944168744,10.64200154225108,0.8373295311034148,4.393955211266313,0,0,0,1,1,1,1,1,0,0,1,0,1,1,1,1,1,0,0,0,1
49.0,0,6.954353332364476,1.6994873972351736,7.353993994551726,1.1331068227177317,5.091083143469414,0,1,0,0,0,0,0,1,0,0,0,0,0,1,1,0,1,1,1,0,1
49.0,1,2.714213648467816,1.674510803621704,5.551951649787178,0.5502131214575727,4.659235476672356,0,1,0,0,1,1,0,1,0,0,0,0,1,1,1,0,1,0,1,1,0
65.0,0,9.396777946557886,1.6386639300159043,6.278821412884909,1.108688760529318,10.744879652611221,0,0,0,1,1,1,1,1,0,0,1,0,1,1,1,1,0,0,0,1,1
33.0,1,6.400105387180406,1.9553620070368551,8.041312146346518,0.652652980000607,4.084859386962555,0,1,0,1,1,0,0,0,0,1,0,0,1,0,1,1,1,1,0,0,0
50.0,1,3.312666821735887,1.391926225873128,8.250646341385405,1.3305833251144512,10.893257243976386,0,1,0,1,1,1,0,0,1,1,0,1,1,1,0,1,1,1,0,0,1
26.0,0,2.768167436693499,0.9106761236398202,10.444646611529869,0.8554494635804785,7.610142362970135,1,0,0,1,0,0,0,0,0,1,0,1,0,1,1,0,1,1,0,1,1
77.0,0,1.990173192209271,1.7592985864748907,10.330821789218675,0.7815538627281957,4.032202230831766,0,0,0,0,0,1,0,1,1,0,1,1,0,1,0,0,1,0,1,1,1
76.0,1,6.976945493047905,2.575507210864405,8.6509324576366,1.340888976711485,7.213161417696335,1,1,1,1,0,0,1,0,1,1,0,0,0,1,1,1,1,1,1,1,1
23.0,1,2.2652845686794802,2.1600305701690057,8.014112478059428,0.5501440230718102,5.494406728360285,0,1,0,1,1,0,0,1,0,1,0,1,1,0,1,1,0,1,0,1,1
49.0,1,5.993502332682142,1.3459196648130396,8.014112478059428,0.8966087993343448,8.995203899777305,0,1,1,0,1,0,1,0,0,0,0,0,0,1,0,1,1,0,0,0,1
46.0,0,2.719886766561038,2.838807556897143,4.400516216746355,0.8700035405750314,9.434870319373172,1,0,1,1,1,0,1,1,0,1,1,0,0,1,0,1,1,1,1,1,0
20.0,0,6.653492553459299,2.780518928122955,10.989070581077602,0.7848003742495508,7.900220563239999,0,1,0,1,0,1,0,1,1,1,0,1,0,1,0,0,1,0,0,0,0
49.0,0,8.167903312551339,1.0233709984602468,4.604435950102157,1.4117543320014772,4.32415620351736,0,1,1,1,1,1,1,0,1,1,1,1,0,1,0,1,0,0,1,0,0
77.0,0,7.8024499071320665,0.5985439628009075,5.973507437951978,1.2509283935167224,9.249030434937616,1,0,1,0,0,1,0,0,1,1,0,1,0,1,0,0,1,1,0,0,0
76.0,0,7.632428176214739,2.3532717708769058,9.562551596995077,0.5639231641919388,10.73631026884417,1,1,1,0,1,0,0,0,1,0,0,1,1,0,0,1,0,1,1,0,0
53.0,0,1.9584518163532956,2.5690256533728832,7.275583501018473,1.2146874494349542,9.762594218611213,1,1,1,1,0,0,1,0,1,1,1,0,1,1,1,0,0,0,1,0,0
36.0,1,0.9750109751467352,2.919661414878388,11.010511759324071,1.027299133128794,10.639663351642549,1,1,0,0,0,1,1,0,1,0,1,1,1,1,1,0,1,1,1,0,1
43.0,1,7.019593402025118,1.6994873972351736,6.383838357298156,1.4008678944015793,5.6040761884071,1,0,1,1,1,0,1,0,1,0,1,0,1,1,1,0,1,0,1,0,1
20.0,0,3.746637416564078,2.001336920516037,4.094970773354874,0.8129456173483585,11.11110351725186,1,0,0,1,1,0,0,1,1,1,0,0,1,0,1,1,1,1,0,0,1
36.0,1,4.380227641393138,1.825130848030952,6.405245124485953,1.0741619996095828,6.577547605183702,0,1,1,0,0,1,0,0,1,0,1,1,1,0,1,1,1,1,0,0,0
37.0,1,0.4083760186545715,0.5696026281564657,8.624600393478653,1.000755274740986,4.107238514015928,0,1,1,1,0,0,0,1,0,0,1,0,0,0,1,1,0,0,1,1,0
49.0,0,2.6698068478229873,1.1166411171119446,7.007507003226347,0.9895609062276057,10.747133170632566,0,0,1,0,0,1,1,1,1,0,1,1,0,0,1,0,0,0,1,0,1
24.0,1,0.4333963983571938,1.649036879332316,8.278982046070041,0.9561053995172126,11.534570151717814,0,1,0,0,0,0,1,1,0,0,0,0,1,1,1,1,0,1,1,1,1
69.0,0,8.803939148752352,2.0712597502089194,11.01278495068015,0.7056294755322813,9.24446557933879,0,0,0,0,0,0,1,0,0,1,1,0,1,1,0,1,0,0,0,0,0
58.0,0,2.5096271638634517,1.8931295832960267,11.299880433842947,1.2557099224923927,5.851493043707397,1,0,0,1,1,1,1,0,1,1,0,0,1,0,1,1,1,1,0,0,0
50.0,1,5.6176379787727795,2.3565899742042262,6.127792517232897,0.9513360327392887,6.013955714260243,1,0,0,1,0,1,1,0,1,0,0,1,1,0,1,0,1,1,0,1,1
57.0,0,0.4858952745451911,1.199417327217602,7.697123786159206,1.4585162750026057,7.732742987484956,0,0,1,1,1,1,0,0,1,0,0,1,0,1,0,1,0,0,0,0,0
49.0,0,6.701789173926015,1.912381519131183,8.39315212193161,0.7608084271927763,11.182648636811356,1,0,0,1,1,1,0,0,1,0,1,1,0,0,0,0,0,0,0,0,0
35.0,0,3.2979707229655295,0.7203556084769803,11.592899655105978,1.182743839627041,5.196781249180467,0,1,1,0,1,1,1,0,1,0,1,1,1,1,1,0,0,0,1,1,0
57.0,0,8.989399950880891,1.5341638089580174,11.988938553315077,1.4407170796391084,10.607789356667896,1,0,0,1,1,0,1,1,1,1,1,0,1,0,0,1,0,1,0,1,1
18.0,0,8.892370070446955,2.3754020823865023,5.883257990732213,1.1634583230160924,6.330422469641203,0,1,1,1,1,1,1,1,0,0,1,1,1,0,0,1,1,1,0,0,0
28.0,0,3.320377121781303,2.23350213357261,8.014112478059428,1.3712729076173946,10.468689355432783,0,1,1,0,0,0,1,1,0,1,0,0,1,0,0,0,0,0,0,0,1
45.0,0,9.019512867335632,1.6994873972351736,7.024248497865561,1.327480959757006,11.36216958081231,0,1,0,0,1,0,0,1,1,0,1,1,1,0,0,1,0,0,0,1,1
74.0,0,9.96196096763791,1.19472781496939,4.064865575089706,0.8601177154890038,7.419950975954562,1,0,1,1,0,1,1,1,0,0,1,0,1,0,1,0,0,1,1,0,0
42.0,1,8.271615074827086,1.7454732479349477,4.074020179487219,1.1001239399394964,6.920405232844247,1,1,1,0,1,1,1,0,0,0,0,0,0,0,0,0,0,1,1,0,1
67.0,1,8.464226342776767,1.3238260344349917,7.684528060498046,0.6562613398113556,10.417770551770413,0,1,1,1,0,0,1,0,0,1,1,0,0,1,1,0,1,0,1,0,1
40.0,1,4.961471685657772,1.601507785147937,7.906679304034677,1.0355258826955995,8.235863059035152,1,1,1,1,1,1,0,1,0,1,0,0,0,1,0,1,0,0,0,1,1
48.0,0,5.8093537486917874,2.6423753246734702,4.180557572587541,0.7304219718143372,9.475592387705577,0,0,1,0,0,1,0,1,0,1,0,0,0,1,0,0,0,1,1,0,1
47.0,0,0.7658335482769417,2.2105226879712165,9.49541933419442,1.2437368149524457,8.982633895689435,0,1,0,0,0,0,1,1,0,0,1,0,1,1,0,0,0,1,1,1,1
59.0,1,1.0396875745345302,2.7061029783689543,6.352027108759625,1.0280584218921245,5.223110765158371,1,0,0,1,0,0,0,0,1,1,0,1,0,0,0,1,0,0,0,0,1
52.0,1,9.989036859129577,1.008777770829716,8.479144812287595,0.9112273626316605,10.758322882316493,0,0,1,1,1,1,1,0,0,0,0,0,0,1,0,0,0,1,1,0,0
24.0,1,3.3337285693165186,2.683402794603595,6.40735258532335,0.7687970961669776,5.5662008913050895,0,1,1,1,0,0,1,0,0,0,0,1,1,0,0,0,1,1,0,0,0
77.0,0,7.507020729283579,0.6494056854459611,5.3370745189544575,1.498698481841287,11.458257152566247,0,1,0,1,1,0,1,0,0,1,1,1,0,0,0,1,0,1,1,1,0
33.0,1,8.085984024965484,2.721498201092881,7.257389908791002,0.5717105208849327,6.004570331377183,1,0,0,1,1,0,0,0,0,0,1,1,0,0,0,0,0,0,0,1,1
43.0,1,8.594430382971568,1.3226844486518199,5.858186918324006,0.54356068057242,9.871047786189935,0,0,0,0,0,0,1,0,1,1,1,0,0,1,0,1,0,1,1,1,0
65.0,0,9.97652014428135,1.2864690835351662,8.278407815353344,0.7172574004938645,6.277243147948736,0,1,1,1,1,0,1,0,0,0,0,0,1,0,1,1,0,0,1,0,0
74.0,1,2.490815204042992,1.7802214417466597,5.59062824229184,1.4710724586278197,6.542283268694911,0,1,1,0,1,0,0,1,1,0,1,0,1,0,1,0,1,1,0,0,1
69.0,0,0.4994731859110271,2.8517254693080796,8.067247813157017,1.4792381683199844,6.480014822258442,0,1,0,0,1,0,0,1,0,0,1,0,1,0,1,1,1,1,1,1,1
77.0,0,4.170796028146401,0.6194534117035134,5.2590281189509405,1.1549277347721358,9.983138032208666,1,1,0,0,1,0,1,0,1,0,0,0,1,0,0,0,1,0,0,1,0
66.0,0,1.3877986313065749,1.3805774376768634,9.36779767588628,1.3801066672064048,8.454520943755146,0,1,0,1,0,0,1,1,0,0,1,1,0,1,0,1,0,0,1,1,0
19.0,1,0.3220163027043457,2.641429971708339,10.031501475531392,0.7139617308407954,11.063619646779976,0,0,1,1,1,0,0,0,0,1,1,0,1,0,0,0,1,1,0,0,0
18.0,1,3.6682255887007127,1.4901361935886668,4.88315387399947,1.4720420941766235,6.458981753632359,1,0,1,0,0,1,0,1,0,0,0,1,1,1,1,1,0,0,1,0,1
65.0,0,7.859008685644841,1.6994873972351736,7.7424192962987135,0.6427848501395647,9.535940176453956,1,0,1,0,1,1,0,0,1,0,1,0,1,0,0,0,1,0,1,1,0
79.0,1,5.705188843128202,1.5619854533285293,4.566973605238989,0.6011251881816583,10.023588797304885,1,0,0,0,0,1,1,0,1,1,0,0,0,1,1,0,1,0,1,0,0
29.0,1,3.1965020931825054,1.4638812537291732,8.78545956433602,0.6122115392472729,5.211856904239665,1,0,1,0,0,0,1,1,1,1,1,1,0,1,1,1,1,1,0,0,1
22.0,1,6.577985854377925,2.7885405036667588,6.115234383437163,1.0731279232725646,7.204714858558489,1,1,0,0,1,0,0,0,1,0,1,1,0,1,0,0,1,0,0,1,1
54.0,1,2.3969799850572264,2.404835939357743,8.220995654709663,1.2809744007180524,7.862539954803289,1,0,0,1,1,0,0,1,0,1,1,0,0,1,1,0,0,1,0,0,1
49.0,0,4.961471685657772,1.7627888893600159,8.139688075074329,0.8666671778746331,6.8454991191549945,0,1,0,0,1,0,1,0,0,0,0,0,1,1,0,1,1,0,1,1,0
76.0,1,7.667098525720631,2.9709264168039278,11.394834769550403,1.4778959877861264,6.576900767753105,0,0,1,1,1,0,0,1,1,1,1,1,0,1,1,1,1,0,0,1,1
72.0,0,6.27505654015369,1.6631938281898082,8.392665780549784,0.9344201381183295,9.491359151981136,1,0,1,0,1,1,1,0,0,1,1,0,1,1,0,1,0,1,0,1,1
26.0,0,7.646795982559504,0.6455945770506881,8.663987837746525,0.6504485507732163,5.7269311812759085,0,1,1,0,0,0,1,1,0,0,0,0,0,0,0,0,1,1,1,1,1
58.0,1,0.48548636520788957,1.1556858045374623,7.213225006115042,0.9659667481861367,9.67512596200903,1,0,1,1,0,1,1,0,0,1,1,0,1,0,0,0,1,0,0,1,1
52.0,0,8.387484315523457,1.5901762005482816,11.592636825462534,1.1790371654224399,11.480353571125844,0,0,1,1,0,1,0,1,1,0,0,0,0,1,0,0,1,1,0,0,1
49.0,1,4.961471685657772,0.8922565603653003,10.217487275516877,1.3322257805043787,8.521580169422009,1,0,1,0,1,1,1,1,1,0,1,0,0,1,0,1,0,1,0,1,0
65.0,1,5.677613972055137,1.6994873972351736,6.2832423224227325,0.9587682899565929,8.891473893915792,1,0,0,1,1,0,0,1,0,0,1,0,0,1,1,0,0,0,1,1,0
33.0,0,6.283679076333862,2.4171222445444327,10.753676686209857,1.0936068260491676,4.551461616992713,0,1,0,1,1,1,0,1,1,1,1,1,0,0,0,0,1,0,0,0,0
20.0,0,8.657889143996805,1.1707180010694316,7.45917088148072,0.7673447121588534,10.915815228942627,1,0,1,0,0,0,0,0,1,0,1,0,1,0,0,0,1,1,0,0,0
37.0,0,5.91067141493318,1.9770113337947897,10.629337148268752,1.145916526405514,6.283582297598924,0,0,1,0,1,0,0,1,1,1,1,1,0,0,1,1,0,0,0,1,0
41.0,0,5.8514087608929755,2.30362289277393,10.583104546348016,1.4859719439503438,8.920409324228519,1,0,1,0,0,1,1,0,1,0,1,0,1,1,1,1,0,1,1,1,1
71.0,1,9.90772365495108,2.853197322266995,5.510961494102835,0.5490535725877939,11.83289735795842,1,0,0,1,0,1,1,0,0,1,0,1,1,1,0,0,1,1,0,1,0
73.0,1,7.591628653978823,2.7040883729385268,9.609129051068615,1.386530670705168,8.764020804582461,0,0,1,0,1,1,1,0,1,1,1,0,0,1,1,1,0,1,1,1,1
50.0,1,4.478708673966239,1.7879805653455343,6.325143754452249,1.062282502767523,9.79767589971502,1,0,0,0,0,0,0,0,1,1,0,1,0,0,0,1,1,0,0,0,0
41.0,0,7.1032303003259845,2.436631549482544,6.379941359941346,0.7520986595622999,7.562556945790015,0,0,1,1,0,0,1,0,0,1,1,1,0,1,0,0,0,1,1,1,0
69.0,0,3.953381669748706,1.9053618845689626,6.370784615044646,1.454889710009258,4.482926748120459,0,0,0,0,0,1,1,0,1,0,0,0,0,1,0,1,0,0,0,1,0
28.0,0,2.36586707858664,1.8817597251138503,8.014112478059428,0.9833543030588989,10.380794795918309,0,1,0,1,1,0,1,0,0,0,0,1,1,1,1,1,1,1,0,1,1
66.0,1,6.008833581188818,0.7868548958454797,5.838608334340289,0.8316902516733856,4.279990730111885,0,1,1,1,0,0,1,0,0,0,0,1,1,0,0,1,1,1,1,1,0
25.0,0,9.28900277132812,0.8153441450403802,4.007246681968722,0.6814976282708411,9.605262631102832,0,1,0,0,1,0,0,1,1,0,1,0,0,1,0,0,1,1,1,0,1
53.0,1,9.298481248153081,1.8238340375561437,9.721894827861064,0.7444522102566621,4.1833725851970955,1,0,0,1,1,1,0,1,0,1,1,0,1,1,0,1,0,0,0,0,0
55.0,0,4.961471685657772,1.1721538624475165,5.369477950681002,1.3328490415914427,10.898441892613365,1,0,0,1,0,1,1,0,0,0,0,1,0,0,0,1,1,0,0,1,1
49.0,1,5.32400691559478,0.5525922561511716,4.835859162462677,1.1144100093171658,5.261088286663845,0,1,0,0,1,1,0,1,1,1,0,0,1,0,0,0,1,1,0,1,0
37.0,1,2.195195395841626,2.307098009750531,5.900128964752481,1.413245619488316,8.114171963540409,1,1,1,1,0,0,0,1,1,1,0,1,0,0,0,0,0,1,0,1,1
79.0,0,9.956747984038946,0.5812164917254123,7.039204178581632,0.7319684521577858,8.77720563586518,0,1,0,0,1,1,0,0,1,0,0,0,1,0,0,0,0,0,0,0,1
52.0,0,9.813067287892563,1.6994873972351736,7.807250619785606,0.6211385738489015,7.660363258987297,1,1,0,0,1,0,1,1,0,0,0,1,0,1,1,0,1,1,0,1,0
65.0,1,6.530138404103728,1.8479844853182859,4.356560325701047,0.50608753097559,6.726107914791098,0,0,0,0,1,0,1,1,0,0,0,1,0,1,0,0,0,0,1,0,0
79.0,1,8.063699190806986,2.922036726444511,11.764586661018884,1.0078620376159937,7.742514369447774,1,1,1,0,1,0,0,1,0,0,1,1,0,1,0,1,1,1,1,0,0
42.0,0,7.17949159670863,1.710532848369104,9.728504427356466,1.4983069303819883,6.49132603104927,0,0,1,0,1,0,0,0,0,0,1,1,0,0,0,0,0,1,1,1,0
52.0,0,5.972266368490735,0.6590035909444933,6.585552522594689,1.194965268818639,7.504978776646905,1,1,0,1,1,1,0,0,0,1,0,0,1,0,1,1,0,0,1,0,0
42.0,1,0.6281451701900872,1.8792199195161543,6.549578058283179,0.8083945919651461,6.871303927984245,0,0,1,1,1,1,0,1,0,0,1,1,0,0,1,0,0,0,0,0,1
46.0,0,4.6021669912713445,2.6027404265402536,7.588340394947675,1.3768585830261717,8.529638588057162,0,0,1,1,0,0,1,0,1,0,0,0,0,0,0,1,0,0,1,1,0
35.0,1,6.780384391457364,2.9921232107035998,9.009958582104264,1.2817222659879597,5.903393297959868,1,0,1,0,0,1,0,0,0,0,0,0,1,1,0,0,1,1,1,1,0
63.0,1,6.807562977448478,1.5758579342226813,5.170984532711742,0.5154151660765393,11.9092524393121,0,0,1,0,0,1,1,1,0,1,1,1,1,1,1,1,0,1,1,0,0
35.0,0,3.7939139223815976,1.3007468562418563,5.511438510119619,1.3168604805410224,8.006959627057324,0,1,1,0,1,1,0,1,1,0,0,1,0,0,0,0,1,0,1,0,0
19.0,0,9.422750667914503,2.7666332423799975,10.875476662668408,0.800526757238496,5.553296619316077,1,0,1,0,0,1,1,1,0,1,1,1,1,1,0,1,0,1,0,0,1
71.0,0,4.961471685657772,0.9781053226903034,6.0500393911125805,0.6496734645836011,7.81653399653818,1,0,1,1,1,1,0,1,0,1,0,1,1,1,0,1,1,1,1,1,1
52.0,0,5.05355851753405,2.0385722875823165,7.04155998380142,0.7263308397370746,10.931321036198593,0,1,0,1,1,1,1,0,0,1,0,0,0,0,0,0,1,1,1,0,1
33.0,0,6.9397513678531455,1.5142860604523694,10.970174807600937,0.968579804375139,4.174454344995165,0,1,0,0,1,1,1,0,1,0,1,1,0,1,1,1,0,0,0,1,1
78.0,1,7.001644478328911,0.6027059123888883,9.30518263519858,0.924867927068011,9.436432952858311,0,1,0,0,1,1,0,0,1,1,1,1,0,1,0,1,1,0,0,0,1
58.0,1,6.521525672011274,1.3682211857642443,6.733695034733507,0.7888872993742267,8.383742374351424,0,1,1,0,1,1,0,0,1,1,1,0,0,1,1,0,1,1,1,1,1
53.0,0,2.825353313173416,1.1630713062566864,9.469596365796967,0.6722183222070327,5.356463954961084,1,0,0,1,1,1,1,0,1,1,0,0,0,0,0,1,1,1,1,0,1
49.0,0,1.6464450299975577,1.6994873972351736,4.15746572305131,1.2622307896421692,10.539811514439364,0,1,1,1,1,1,1,0,0,0,1,1,1,0,1,1,1,1,1,0,1
21.0,0,6.395809235584437,2.8719762442297956,9.885141280090922,1.490109783734917,6.951076978992045,0,0,1,0,1,0,0,0,0,1,0,1,1,0,0,0,1,0,0,1,0
50.0,1,6.0330909497804335,1.1701179684465943,7.896128324129916,1.2777915804196904,6.3504162305240595,1,1,0,0,0,0,0,0,1,0,0,1,0,0,0,1,1,0,1,1,0
31.0,0,1.8756245018634858,2.528664847879204,10.505457178275691,0.7959369676715412,10.625001534855208,1,0,0,1,1,1,0,0,0,1,1,1,0,1,1,0,0,0,0,0,0
38.0,0,7.080877541148577,0.6383995423460238,11.637101216051747,0.7448089614121334,9.108200369533318,0,1,0,1,0,1,0,1,0,1,0,1,0,0,0,1,1,0,0,0,1
65.0,1,4.606202718163198,1.6994873972351736,11.406308395956547,0.7176658760659382,11.186072669398595,1,1,0,0,0,1,1,0,0,0,1,1,0,1,1,1,1,0,1,0,1
37.0,1,6.7108298568712135,0.6763751592747365,11.274120347642725,0.6366950744890363,9.039069629369596,1,1,1,0,1,1,1,0,1,1,1,1,1,1,1,1,1,1,1,0,0
73.0,0,8.389934089724491,2.835082477826598,8.097359647471098,1.051330549692301,9.926541263456922,1,1,0,0,0,0,1,0,0,1,0,1,1,0,0,1,0,1,0,1,0
25.0,0,1.7803114429115394,2.4158782013934754,6.881136913111504,1.105400371953344,10.691567170076903,0,0,0,1,1,0,0,1,1,1,0,1,0,0,0,0,0,0,0,0,0
24.0,0,0.2895341931686831,2.1448747780114807,7.720282597845382,1.2055026606631372,4.437917087279495,0,1,1,0,0,1,0,1,0,0,1,1,1,0,1,0,0,0,0,1,1
49.0,1,7.813115605318289,2.5597409540616605,9.519168026506886,1.180213370933668,10.208391670955042,0,0,1,1,1,0,0,0,0,0,1,0,1,0,1,1,1,0,0,1,1
34.0,0,6.136004509010897,2.118799488925408,11.071982214969495,0.7923333112833825,8.909651854796614,1,0,1,0,0,1,1,0,1,0,0,0,0,1,1,1,0,0,0,1,1
50.0,0,7.026431739259005,1.6994873972351736,5.655890424000956,0.8303110053968465,4.556062372121546,0,1,1,0,1,0,0,1,1,1,1,1,0,1,0,0,0,1,0,1,1
65.0,0,8.397734252387561,2.2848948696619287,11.345545267693623,1.181514535442338,8.06862337494972,0,1,1,0,0,1,1,0,0,1,0,1,1,1,0,0,0,1,1,1,1
29.0,1,8.047828254762555,2.8116465239556168,10.521441855759113,0.8494476407836283,4.659664623871631,0,0,0,1,1,0,0,1,1,1,0,1,1,0,0,0,1,1,1,1,0
76.0,1,9.613109454595364,1.792829730026595,11.830848121425877,0.712623189619313,9.88757761378578,1,0,0,0,1,0,1,0,1,0,1,1,1,0,1,1,0,1,1,0,1
68.0,0,5.40575728063597,0.7926610324546566,11.042014186253496,0.8743361536967396,8.372013711183065,0,0,1,1,0,0,1,1,0,0,0,1,1,0,0,1,0,0,1,0,1
39.0,0,4.936106763333063,1.8204443035575428,6.239498637535253,0.7720841575779777,11.628588299298379,0,0,0,0,0,1,1,1,1,0,1,0,0,0,1,1,1,0,0,1,1
72.0,1,4.078683278918228,0.8171820701577333,4.8476472907523815,0.5883127212185778,5.465082972574159,0,0,1,1,0,0,0,0,1,1,1,1,1,1,1,0,1,0,0,0,1
39.0,1,1.621541324157625,1.9812336979410126,4.897928575932709,1.3301389022766537,8.848267620163028,0,1,0,0,0,1,0,1,1,0,0,0,0,0,1,1,0,1,1,1,0
63.0,1,5.768811605532022,1.7062326513191572,6.329786548626209,1.3531113891570363,5.692657076563931,1,1,0,1,1,0,0,1,1,0,0,1,1,1,0,0,1,1,1,1,1
47.0,1,2.84242399082719,2.056438494581954,8.913469791876313,0.7197503001668795,8.912519877819186,0,0,0,0,0,0,0,1,1,1,0,1,1,1,0,0,0,1,1,1,0
55.0,1,9.220944370908457,1.6994873972351736,10.43456260877738,0.5647721995252017,9.781197618886852,0,1,0,1,0,1,1,0,1,0,1,1,0,1,1,1,1,1,1,0,0
55.0,1,5.873588962343266,0.9871012291384103,11.194002455852518,1.2388274373511794,9.778434634636309,1,0,0,1,1,1,1,0,0,1,1,1,0,0,1,0,0,1,1,0,0
62.0,1,5.9691177870302905,1.7283260797803273,8.990027074953861,0.7115286258634137,10.520591925460879,1,1,1,0,1,1,0,1,1,1,1,1,1,0,1,1,1,0,0,0,1
68.0,1,3.6137541426823994,2.876258903972837,4.04505050198443,0.8934354894368602,10.828401823666534,1,0,0,1,1,0,0,1,1,0,1,1,1,1,1,0,1,1,0,1,0
71.0,1,0.6146945845793041,1.459022600887896,5.490534212148268,0.5641352522373833,4.618173810137416,1,1,0,1,0,1,0,0,0,0,1,1,0,0,0,1,1,1,1,0,0
25.0,0,0.4142632771925874,1.5609300651340867,4.797809630826944,0.7262695847584352,6.746137256579233,1,1,0,0,0,1,0,0,1,1,1,1,1,0,0,1,0,1,1,1,1
44.0,0,4.2910179271166555,2.2867402225165554,6.90659580455208,1.2929022783296358,9.496980162878446,0,0,0,1,0,1,1,0,1,0,0,0,0,0,1,0,0,0,1,1,0
44.0,0,0.9371972431626547,2.009481893215295,8.010807949069967,1.3043964469152018,7.988690299129697,1,1,1,0,0,0,0,1,0,1,0,1,0,1,0,0,0,1,1,0,1
51.0,1,6.107784859847377,1.247315375245833,4.347177428628487,0.7070848248877104,5.525407574038332,1,0,1,0,1,1,1,0,0,0,0,1,1,1,0,1,1,1,1,1,0
38.0,0,8.821632755832608,1.5270409889185694,6.7878238063652425,0.8359138451066895,8.421676561333584,1,0,1,1,0,1,1,0,1,0,1,1,1,1,0,1,1,0,1,1,0
47.0,1,8.84085668353535,1.0442494971430811,5.433437397002581,0.6342384190937436,7.25948522212915,0,1,0,1,0,0,1,0,1,1,0,1,0,1,0,0,0,0,1,1,1
50.0,1,6.6245495603091005,2.9150536478255216,8.014112478059428,0.5741726302849224,7.120306221234441,0,0,1,1,1,1,0,0,0,1,1,1,0,1,1,1,1,0,1,1,1
45.0,0,2.1911951315820173,0.8265859538933993,7.71417895459472,1.4921717144484095,10.478029739485311,0,1,1,1,1,0,0,1,1,0,0,0,0,0,0,1,0,1,0,1,1
64.0,1,8.643668630452833,1.4295919614160486,7.96254117547127,1.1555939512448392,7.26078667065745,1,1,1,1,1,1,0,1,1,0,0,1,0,0,1,0,0,1,1,0,1
50.0,0,8.872325009600761,0.564597430550028,7.421534304267689,1.0420965091983188,4.211636043843393,0,0,1,0,0,1,0,0,0,1,0,0,0,1,0,0,0,1,1,1,0
22.0,0,2.046870491034291,1.054448729833866,11.648157683892535,1.2654985004052994,4.46450671112873,1,1,0,0,0,1,1,1,0,0,0,0,0,1,1,0,1,1,1,1,0
77.0,0,7.400518249129704,2.4511778459503875,5.717881000972506,1.3400771596877241,10.849952333532961,1,0,0,1,1,1,0,0,0,0,1,1,1,1,1,1,0,0,0,0,0
78.0,1,2.9365435343785173,1.0029380807221986,8.133314078750995,1.3067147680447275,11.684806480100171,0,0,0,1,0,0,1,1,1,0,1,0,1,1,0,1,0,0,1,0,1
65.0,0,8.046139092294004,0.700158506322414,9.888138946922687,0.5165394492898766,9.50727469164566,0,1,0,1,0,0,0,0,0,1,0,1,0,0,0,0,0,0,0,1,1
36.0,1,9.972655209045666,1.6861329496113082,8.4547553050765,0.6868078981904985,6.914946352800642,0,0,1,1,1,0,1,0,1,0,0,0,1,1,0,0,0,0,1,0,1
21.0,0,0.3972574527609889,0.5249230868362962,11.43216708573441,1.154905302117831,11.508802526357819,1,1,0,1,1,0,1,1,0,0,1,1,0,0,0,0,0,1,0,1,0
52.0,0,8.983922071330227,0.7119153860658329,7.023746845130273,0.8757593478039629,9.302424691005886,0,1,0,0,1,0,1,0,0,0,1,0,0,1,1,1,1,0,0,0,0
66.0,0,6.264042282626715,2.5190646739074376,7.709406446185424,1.4824826510611069,10.754668393594702,0,0,0,0,0,0,0,0,1,1,0,1,0,0,1,1,1,1,1,0,1
34.0,1,9.73648792973173,2.428683362149016,4.708178521717827,1.165404792638254,10.126818432296075,0,1,1,0,0,1,1,1,0,1,0,0,1,0,0,1,0,1,1,0,0
61.0,1,4.703594223511633,2.78784705101224,8.871992888415427,1.4565489087292065,7.033114526180739,0,0,1,1,0,1,1,0,1,0,0,0,1,0,1,0,0,0,1,1,1
45.0,1,8.4891405126566,2.636288589776874,6.305695747584848,0.7014464816457938,7.829617606806284,0,0,1,1,1,1,0,1,1,1,0,1,0,1,1,0,0,1,0,0,1
49.0,0,0.7177012791229446,2.2079389080995453,5.282472316124551,1.363957028115023,5.489057234944796,1,0,0,1,0,0,1,0,1,1,0,0,0,1,0,1,0,1,0,0,1
46.0,0,3.4192625957751277,0.630832143251657,8.356250343236065,0.8213523058152253,6.3361128035258725,1,0,0,0,0,1,0,0,1,0,0,0,1,1,0,0,1,1,1,0,0
63.0,1,0.7634637237369787,2.4571215449666437,8.014112478059428,1.4895648082378068,10.225005290292174,0,1,0,0,1,0,0,1,1,0,1,0,1,1,1,0,1,0,0,1,0
70.0,1,9.755897021442799,2.613777027101401,4.60697312979238,0.6576886720731473,11.151827135064867,1,0,0,0,0,0,1,1,0,1,1,0,0,0,0,0,0,1,1,0,0
23.0,1,8.188041681991184,2.497705364429886,9.585723627955783,1.0163398188383266,9.795683386011294,1,0,1,0,0,1,1,0,0,0,1,1,0,1,0,1,1,1,0,0,1
52.0,1,8.540219470335108,1.7711975882700652,8.990177525206823,1.292844533837122,7.721389573253107,1,0,0,1,1,1,0,0,1,0,1,0,1,1,1,0,1,1,1,0,0
77.0,1,9.385855791195553,1.082254596623704,5.512138261971978,0.9326424806040359,4.69207415151798,0,1,1,1,1,0,1,1,1,0,0,1,1,1,1,0,0,0,1,0,0
58.0,1,0.942524512585875,2.6133249392218167,7.755478897232351,0.9680840601876467,4.455583589587586,1,1,1,1,1,0,0,1,1,0,1,1,0,1,0,0,0,1,0,0,1
54.0,0,3.9174161658820004,1.6994873972351736,9.76258333182848,1.486355795505741,6.994604516902831,0,0,0,1,1,0,0,0,1,1,1,0,0,1,1,0,0,1,0,0,0
41.0,1,0.8032454015356211,2.9519029359721287,8.235485924330213,0.9253081503011533,7.710573750141305,1,1,1,1,1,1,1,0,0,1,1,0,0,0,1,1,0,1,0,0,0
46.0,0,2.1868517053452834,0.8892314943898323,7.163912609468562,1.1040721005990637,8.872964977706374,0,1,0,1,0,0,0,0,0,0,0,1,0,0,0,1,0,0,0,1,1
66.0,0,2.3707211926729563,1.0641614576301377,6.578707664647549,0.5545396606751507,4.051916171095978,1,0,0,0,1,0,1,1,0,0,0,1,0,0,1,1,1,0,0,1,0
63.0,1,4.744161389371029,1.0294953747037567,8.883150933152429,1.34221008021026,11.917783123730452,1,0,0,1,1,1,1,0,0,1,0,1,0,1,0,1,1,0,1,0,0
70.0,1,2.758765457791062,2.481349419053342,11.512869586481925,1.1481680489795436,6.911511067232343,0,1,0,1,1,0,0,1,0,0,1,0,1,1,0,0,1,1,1,1,1
48.0,0,4.961471685657772,0.9672682411252954,9.373958723819868,0.9040201028628135,10.78475731040897,0,1,1,1,0,1,1,0,0,0,1,0,1,0,1,1,1,1,0,0,0
52.0,1,1.7581617820316664,0.6666495745582652,4.597967229090524,0.5161695399545198,8.279733645323235,1,1,1,1,0,0,1,1,1,0,0,0,1,1,1,0,0,1,0,0,0
77.0,1,1.5580280791657004,2.9964020164640717,7.68547978785707,1.091668820593504,5.043515636266772,0,0,0,1,1,1,1,0,0,1,0,1,0,0,0,0,1,1,0,0,1
50.0,0,9.733460299331753,0.5620430286128728,11.12659305208502,0.5126578284841622,10.380524420276174,0,1,1,1,0,0,1,1,0,0,1,0,0,0,1,0,0,1,1,1,0
69.0,0,7.616995818492889,2.588110150397164,4.755699406408695,0.5012036139090179,9.678616599359009,0,1,1,1,0,1,1,1,1,0,0,1,1,0,1,0,1,0,1,1,0
78.0,0,9.680838506168664,1.413417103876632,11.911005697100347,1.1160985621493547,8.219488679433823,0,1,1,1,0,0,1,0,1,0,0,1,1,0,0,1,0,0,1,1,0
38.0,1,4.453430816428294,2.604038649394538,8.014112478059428,0.6890170673345543,8.11642473067024,1,1,0,0,1,0,0,1,1,0,1,1,0,0,1,1,1,1,1,0,0
49.0,0,2.8558479684603006,1.8865512280278625,4.626195845839007,0.6918875497180953,4.6998368460074245,0,0,0,0,0,1,1,1,1,0,1,1,1,1,1,0,1,0,1,1,0
40.0,1,8.003102652370949,2.7540780737159003,11.46730656359644,1.1532715658327437,9.246791588590993,1,0,0,0,0,1,0,1,1,1,1,1,1,1,1,1,1,0,1,1,0
50.0,0,3.3299137886073535,2.8154824660365665,6.905060722075698,0.5536971879393743,11.289961246034398,1,0,1,1,1,0,0,0,0,0,0,0,0,1,0,1,0,1,1,0,1
20.0,0,3.063895399682948,0.52274545320194,10.7576733366069,0.8134055614745563,4.745959353770867,0,1,0,0,1,0,1,0,1,1,1,1,1,1,1,0,0,1,0,0,1
49.0,0,2.401809322857529,0.6885304399819707,7.347066701706172,0.6494319021420191,6.108091605191239,0,0,0,1,0,0,1,0,1,1,1,0,1,0,0,1,1,0,1,0,0
42.0,1,1.3838218844199301,1.1258968239271387,7.526840901620127,1.0801763697965339,11.218463787536791,0,1,0,0,1,0,0,0,1,0,0,1,1,0,1,0,0,0,1,0,0
59.0,1,2.6389843040659833,2.173288540908754,9.07394472782034,1.1617651547273957,6.274751278558346,0,1,0,0,1,0,0,1,0,0,0,0,0,0,1,0,1,1,1,0,0
48.0,0,3.6176655098914883,2.720680491278765,10.195819354207867,1.2211358535990435,9.23154937743941,1,0,0,1,1,0,1,1,1,0,0,0,0,0,0,0,1,1,1,0,1
49.0,0,6.772542660642731,1.649854878234907,4.270313207585989,0.7552312169185654,8.278545319545152,1,1,0,1,1,0,0,0,1,0,1,1,1,1,1,1,0,1,0,0,0
75.0,0,0.7193919379725706,2.0174327906856635,8.745247964217075,0.589249751636584,8.770620840030897,0,1,1,1,0,1,0,1,0,0,1,0,1,0,1,0,0,0,0,0,1
20.0,1,2.1840187026868954,0.9712496319889028,5.493863952778968,0.5786836569418978,7.326311212618025,1,1,0,1,1,0,1,1,1,0,0,0,0,0,1,0,1,0,0,1,0
57.0,0,8.109334038887596,1.6994873972351736,6.7675961429056235,0.9261515484507238,6.399931764429689,0,0,1,0,1,1,0,0,0,0,1,1,0,0,0,0,1,1,0,1,1
63.0,1,1.5545270434793308,2.9183202783836744,6.783749329241732,1.445844409062715,4.388267605837352,1,0,0,0,0,0,0,0,0,0,1,1,0,1,0,1,1,1,1,0,0
41.0,0,3.4921869505729632,1.1714973322864937,7.752482721769229,0.7177290342470246,9.954247514353312,1,0,1,1,1,0,1,1,1,0,1,1,0,0,0,0,1,1,0,1,1
67.0,0,8.660123326395587,1.7370648790013659,6.673091295009387,0.7567416013415493,9.968747697553814,1,0,1,0,0,1,1,0,0,0,1,0,0,0,1,0,1,1,1,0,0
49.0,0,1.6337605803200825,0.7152902762659346,4.858888947605342,0.6008888021058589,9.365805920629786,0,0,1,0,1,0,1,1,1,1,0,0,1,0,0,0,1,1,0,1,1
64.0,0,0.9190946726200799,1.897841641157421,5.1650299082036115,1.1055702738939304,9.149070304956965,0,0,0,0,0,1,1,1,1,0,1,0,0,1,1,0,1,0,0,1,0
39.0,0,4.896926151292107,1.7569586046167014,4.267503884488781,1.1798728739471749,5.94973705734021,1,0,0,1,1,0,0,0,1,0,1,1,1,1,1,1,0,0,0,1,0
40.0,0,3.0939531616575104,0.861091210387694,7.7619926826300345,1.14293120816076,4.17875947013033,0,0,1,1,1,0,0,0,0,0,1,0,1,0,0,0,0,1,1,0,0
19.0,1,5.677742808390156,1.6051655327951875,11.635581558823908,1.3611302430447814,10.469723175083518,0,0,1,1,0,0,0,1,0,1,0,1,0,1,0,1,0,1,0,0,0
44.0,0,8.057668415786404,1.6994873972351736,8.014112478059428,0.9864258350260717,7.929108285566615,1,0,0,0,0,0,0,0,0,1,1,1,0,1,1,0,0,1,0,0,1
59.0,1,1.4577700327121574,1.8045771882629733,11.570115944024657,0.6344570407670644,6.454705045620947,0,1,0,1,0,1,0,1,0,1,1,0,0,0,0,1,0,0,0,0,0
19.0,0,4.961471685657772,1.964135838571998,8.014112478059428,0.7894051307044126,4.815455254244561,0,0,0,1,0,1,1,1,0,0,1,0,1,1,0,0,0,1,1,0,1
43.0,0,5.104536727859653,0.5212389465180238,9.099990423473304,1.162429973421352,4.501772727211107,1,1,1,0,0,1,0,0,1,1,0,1,0,1,1,1,0,0,1,0,1
34.0,1,1.5263799815306758,2.4025149573738886,9.162222042588503,1.1131219737415599,6.790933774361418,1,1,1,1,1,0,0,0,1,0,1,1,1,0,1,1,1,0,1,1,1
57.0,0,6.277585006736926,2.2825357296543523,10.613821187170256,1.0310031297429625,10.437896518135524,1,0,1,1,0,1,1,0,1,0,0,0,0,0,1,0,1,1,1,1,0
50.0,1,2.8090401368216393,1.4157159655163056,4.855358915038571,1.1829644186886872,11.349789994670644,1,0,1,1,1,0,0,0,0,1,1,1,1,1,0,0,0,1,1,0,0
26.0,1,4.929559753585724,0.6323398389220456,8.038034588524333,1.1373908503732992,11.174010916904518,0,1,1,0,0,1,0,1,0,0,0,1,1,0,1,0,1,1,0,0,1
60.0,0,0.9144960103429126,2.387331349462626,9.576729106086068,1.3813248894649517,11.360006677997239,0,0,0,1,0,0,1,0,0,1,0,0,0,1,0,1,0,1,1,1,0
71.0,1,4.649882166414868,2.8879379011953312,8.014112478059428,1.0860163774782965,11.261802745034743,1,0,1,0,1,1,1,0,1,1,1,1,0,0,1,1,0,1,0,1,1
65.0,1,3.1339883336239214,1.1003789900550354,10.662232568186358,1.2786013587005565,8.217798012803167,1,1,1,0,1,1,0,0,1,1,1,0,1,1,0,1,0,0,1,1,1
56.0,0,8.241573990735008,1.3088115343425948,4.578173672090812,0.7487071559664679,5.755325108455231,0,0,0,0,1,1,1,1,0,0,0,0,1,0,0,1,0,0,0,0,1
46.0,1,0.664089397273946,0.9595322237045374,9.525608315993328,1.1781825845890679,10.384372662694563,0,0,0,0,1,1,0,0,1,0,0,0,0,1,1,0,1,1,1,0,1
59.0,0,4.2442120216914665,1.9423403083620991,8.272221843077741,1.4021941183826758,5.709703798820632,0,1,0,0,0,0,0,0,0,0,1,1,1,1,0,1,0,1,0,1,1
72.0,0,4.638471098901236,0.8871034866186374,7.033286911839547,0.8857323278998332,6.137658214052553,1,1,1,0,1,1,1,0,1,0,1,0,1,1,0,0,0,1,1,1,0
43.0,0,7.277560155361275,1.3904848586534486,8.014112478059428,1.2791041873386466,5.866034574580388,1,1,0,1,0,1,0,0,0,1,1,0,0,1,0,1,0,1,1,1,1
52.0,0,5.785446993393089,2.2425325348356573,8.966661062193543,1.2247893011954354,8.119859229566448,1,0,1,1,0,1,1,0,0,0,1,0,0,1,1,0,1,1,1,1,0
67.0,1,6.705402138222392,1.900289957523371,11.127962997154118,0.5595261968718225,6.574620065352639,1,1,0,0,0,1,1,1,1,1,1,0,1,1,0,1,1,0,0,1,1
42.0,0,7.792787927952386,1.4661564108198382,7.969407408808922,1.0815083096240723,5.233248397002732,0,0,1,0,1,0,0,1,1,0,1,0,1,1,1,1,0,0,1,1,0
41.0,0,8.635809439216068,1.5506240045188546,10.597785312615361,0.6301893492008024,7.625387295151059,1,0,1,1,1,0,0,1,0,1,1,0,0,1,1,0,1,0,0,1,1
30.0,1,3.207367417552458,1.9052772065580736,7.21725105475174,1.4673191722305912,10.991257910281336,1,0,0,1,1,0,1,0,1,1,0,1,0,0,0,1,0,0,0,0,0
77.0,0,5.426424783102639,0.5146618197179033,4.819155702345412,1.3114075027006562,8.564422839599779,0,1,1,1,1,1,1,0,1,0,0,1,0,1,0,1,1,1,1,0,0
75.0,0,8.41706997654808,0.6962746711340246,4.492045891669108,0.6097238012471201,11.026684847100697,1,0,0,0,1,1,1,1,1,1,1,1,1,0,1,1,0,1,0,1,0
24.0,1,9.895566196554059,2.703145169407529,4.410674970589421,0.6217519976476784,5.566977480633099,0,0,1,0,1,0,1,0,0,0,1,1,0,0,1,0,0,1,1,1,1
74.0,1,8.906241179333255,0.6946974727282269,7.0412011356613595,1.094473854912619,5.335790989380432,1,1,1,1,0,0,0,1,1,0,1,0,1,1,0,1,0,0,0,1,1
49.0,1,3.7775258999813306,2.267008990526263,6.6979020066867365,0.8448891741731833,8.604617005587361,0,1,1,0,1,0,1,0,1,1,0,1,0,0,1,0,1,0,1,1,1
62.0,1,2.0321485204646392,2.8000954102726316,9.743496188980556,0.5349058590731093,7.706631212370184,0,0,0,0,0,0,0,1,1,0,0,1,0,0,1,1,1,1,0,1,0
37.0,1,4.944986120325228,1.1767090107543279,9.942572012678927,1.0416415078330532,9.281381133175655,0,1,1,0,0,0,1,1,1,1,1,1,1,0,1,1,0,0,0,0,0
18.0,1,7.442250373176818,1.4262285926487857,4.406831750669919,0.8878450996858469,10.357014328214252,1,0,0,0,1,1,1,0,0,0,1,0,0,0,0,0,1,1,1,1,0
25.0,1,4.976433800457646,1.9223035146117908,5.76898610311212,0.6010764923717427,10.010458365217412,1,0,1,1,1,1,0,0,0,1,0,0,1,0,0,0,1,1,1,1,1
63.0,0,4.883490546805318,2.7042724240964615,6.194094801271198,1.3019203922559828,11.538089389268489,1,0,1,0,1,0,0,0,0,1,0,0,0,0,1,0,0,1,0,1,1
33.0,1,8.398481168709825,2.8547639681510506,8.380895873142475,1.415076765278806,7.186051273256092,1,1,0,0,1,1,1,0,1,0,0,1,0,1,0,1,0,1,0,1,1
31.0,1,4.961471685657772,2.3489081202781703,5.156121791255602,1.25659393401413,5.651093937985446,1,1,0,0,0,1,0,0,0,0,1,0,0,1,0,0,1,0,1,0,1
29.0,1,8.611967280635291,1.6994873972351736,5.071529755200003,1.3224223100162773,8.407301119583085,1,0,1,0,1,0,0,1,1,1,1,0,0,0,1,1,0,1,0,0,1
68.0,0,4.127367529422063,2.172885388837127,11.550311113663664,0.7164905672661174,4.885944961529485,0,0,1,1,1,0,0,0,0,0,0,0,0,1,1,1,1,1,0,0,1
40.0,0,3.3495077462155605,1.525759304681655,10.433623258382248,0.763572950918601,6.3108089866530515,1,0,1,0,0,0,0,1,0,1,1,1,1,0,0,0,0,1,0,0,1
32.0,1,4.5945001208770195,1.6767524987276539,8.014112478059428,0.7085275402991877,5.663104442105156,1,0,1,0,0,0,1,0,1,0,1,0,1,0,0,1,0,1,0,0,1
45.0,1,7.648224890881197,0.6228709758629426,7.252542463243928,1.265063431365564,7.172509734376647,0,1,1,1,1,1,0,1,1,1,1,1,1,0,0,1,0,1,0,0,1
51.0,1,1.3474200758535435,0.9776553483658954,6.844975994060524,1.447917078934497,4.889732600017723,0,1,1,0,0,1,1,1,1,0,0,1,0,1,0,1,0,0,1,0,0
19.0,0,2.044550237132972,2.4762840188341193,10.328032592523257,1.2168372067339026,4.254733956384783,1,1,0,0,1,1,1,1,0,1,0,0,0,1,0,1,0,1,0,1,0
49.0,0,9.51930377406461,1.6348970826196494,8.081703331824976,1.381466764879556,9.254352037040254,0,1,1,0,1,1,1,0,1,0,0,0,0,1,0,0,0,1,1,0,1
40.0,1,1.8373671110754382,1.254155604077872,5.022797895947736,1.1386990948831726,8.881991826318439,1,1,0,0,0,0,1,1,1,0,1,0,0,0,0,1,0,0,0,0,1
39.0,0,5.72050044751744,1.6994873972351736,9.911936505249951,0.8876599005587991,9.66687148830929,0,0,1,1,0,1,0,0,1,1,1,0,1,1,1,1,0,1,1,0,0
68.0,1,5.835213219953185,2.6359987833142005,7.175103825799352,0.9257616149303052,9.283091522170752,1,1,1,1,1,0,1,1,0,1,0,1,1,1,0,0,1,1,1,0,1
42.0,0,4.947282174297423,1.6994873972351736,6.1033939810571765,0.5753214321674048,4.914357449139068,0,0,0,1,1,1,1,0,1,1,1,1,0,0,0,0,1,1,1,0,0
75.0,0,6.482977960910504,1.1807884929527068,7.003988976165761,0.5314571952460261,6.32863105100517,0,0,1,0,1,1,0,1,0,1,0,1,1,1,0,1,1,1,0,0,0
79.0,1,4.961471685657772,0.7937546005309333,7.982052508855171,1.1954756041890775,5.036212879202819,1,1,1,0,0,0,0,0,0,1,1,1,0,1,0,0,1,1,0,1,0
78.0,1,5.571356450989807,1.1299955541101792,6.7449241313360755,0.9384288920111806,10.743779216388505,1,1,0,1,0,0,0,0,1,1,1,0,0,1,1,0,1,1,1,1,0
39.0,1,3.784515226944282,2.8018911276368343,5.935246180734063,1.0522150680546294,9.975229242844186,0,0,1,1,1,0,1,1,1,0,1,1,0,1,1,1,1,1,0,1,1
75.0,1,6.6505058703289714,1.9539720946243884,7.188016230431843,1.0576612476224163,5.6122160233459395,0,0,0,0,1,1,0,1,1,0,1,1,1,0,1,0,1,0,1,1,1
75.0,0,1.49811307939418,1.833700521861957,4.153383285999186,0.7773758133333014,6.730473923919147,0,0,1,0,0,0,1,0,1,1,1,0,0,0,0,1,1,1,1,1,1
39.0,0,5.7516864267108145,1.9909839992311538,10.179982768770511,0.9758925108294907,11.732919938113714,0,1,1,0,1,1,1,1,0,0,0,1,1,0,0,1,1,1,0,0,1
66.0,0,1.934176518294905,1.4150706643662883,5.367559148540686,0.9707602216677023,8.753274863037213,1,1,0,0,0,1,1,0,1,1,0,0,1,0,1,1,0,1,0,1,1
69.0,1,2.8585663248388604,2.517767550798782,4.351236909045098,0.888427221227857,10.409244778409258,0,1,0,0,1,0,0,0,1,0,1,0,0,0,1,0,1,0,0,0,1
59.0,0,2.265227023203474,1.8082156232506246,9.229589543240634,1.3206753834010705,6.116728278149833,0,1,1,0,0,1,1,1,0,1,0,0,1,0,0,1,1,1,0,1,1
23.0,1,1.9100940207012895,0.7918697569219888,10.191489030589377,0.9511640036875959,5.680423361434442,1,0,0,0,1,0,1,0,0,1,1,1,0,1,0,1,0,1,1,1,0
32.0,0,8.274538420450604,0.8226628120726573,10.510633052742746,1.1036445245059878,10.271335430772387,1,1,0,0,1,0,0,1,1,0,1,0,1,0,0,1,1,1,1,1,0
71.0,1,4.961471685657772,1.8421478662565458,7.9480734612848,1.395520120380826,9.486979641851521,1,0,0,0,1,1,1,0,1,1,1,0,0,0,1,0,0,0,0,1,0
60.0,1,9.278525440458049,2.8414255451770978,5.642945477519882,1.3662336228589225,9.44782343369411,1,1,1,0,0,1,0,0,1,0,0,0,0,1,0,0,0,1,1,1,1
49.0,0,9.70227260091739,1.2708803041904968,9.897821417998614,1.3904222037791651,8.421076654633552,1,1,0,1,1,1,0,0,1,0,1,1,0,1,1,1,1,0,0,1,0
54.0,1,5.755478652377263,1.6994873972351736,8.014112478059428,0.770004996465014,8.50862674221239,1,1,0,0,1,0,0,0,1,0,1,1,0,0,1,1,1,0,1,0,1
50.0,1,1.5157111143906914,2.4102389664471984,5.970165872825386,0.5349824883080628,9.88558004245003,0,0,0,0,1,0,0,1,0,0,0,0,0,1,1,0,0,1,0,1,1
25.0,0,3.8080276094578545,1.1195311072672671,11.227262046902343,0.7610667998953292,6.160019848969562,0,0,0,0,1,0,0,0,0,0,1,1,1,1,0,1,1,1,0,1,1
70.0,1,7.997549407147319,0.5908518707906061,4.834971664662632,0.7787073456207086,6.822147726855646,0,1,0,1,1,1,0,1,0,0,0,1,0,0,0,0,1,0,1,1,0
77.0,1,3.737168214100998,0.7546181628559568,11.861505916730605,1.409360326724968,10.97309416416044,1,0,1,0,1,0,1,0,1,0,0,1,0,1,1,1,1,1,0,1,0
61.0,1,0.9614704611976086,2.3212348346186005,10.881982487819716,1.1492427328379706,6.470921608097262,1,0,1,1,0,1,0,0,1,0,0,1,1,1,1,0,1,0,1,0,1
61.0,0,5.612170618189061,0.9991743451016167,9.503189163832602,0.5817039596022288,8.370476571034391,0,1,1,0,0,0,1,1,1,0,0,1,0,0,1,1,0,1,1,0,0
22.0,0,8.466696429810744,1.4281773012634844,11.509999106238663,0.6353785960111011,9.621115712053474,0,1,1,1,1,0,1,0,1,0,0,0,0,0,0,1,0,0,1,1,0
56.0,1,7.979671232720674,1.7542479150160621,9.778489346589662,0.6556761255419754,11.999398614665413,1,0,1,1,1,1,1,0,0,1,0,1,1,1,0,0,1,0,0,1,0
21.0,0,1.8337190872904972,2.313670421125407,5.523655976240367,1.1304217481689232,7.482330651962656,1,1,0,0,0,1,1,1,0,0,0,1,0,1,0,0,1,1,1,0,0
23.0,1,4.961471685657772,0.7830780581478134,7.537249104902494,1.2354140255070032,7.42474301299955,0,0,0,1,0,1,0,0,1,0,1,1,1,0,1,0,1,0,1,1,1
62.0,1,2.2829922080129066,1.5159160131936538,4.572024194653083,1.3596439105653961,10.74070703546934,0,0,1,1,1,0,1,0,1,1,1,1,1,0,0,1,0,1,0,1,1
49.0,1,2.2602545920665054,1.7126822728567386,7.117259378304923,1.440636550806243,10.444024890078907,0,1,0,0,0,1,0,0,1,1,1,0,1,1,0,0,1,0,0,1,0
69.0,1,8.753310555721333,1.8520676599288493,9.93282415789767,0.7017045573864418,9.848607053876389,0,0,0,0,1,1,1,1,0,1,1,0,0,1,0,0,1,0,0,0,1
47.0,1,2.571722632128279,2.5459016034880415,7.091546807446539,0.8097724847240491,7.705837099272231,0,1,0,0,1,1,0,1,0,1,1,1,1,0,0,0,0,1,1,0,1
64.0,0,2.706148730528311,0.9291954876080423,6.642353403745073,0.7403228807448307,6.591512961285726,1,0,1,0,0,1,0,1,1,0,1,0,0,0,1,0,0,0,1,0,1
52.0,1,0.1064685685368656,2.519578629566556,8.762845780082495,0.8587615674661377,8.869843860678788,0,0,0,0,1,0,1,1,1,0,1,1,1,0,0,0,1,0,1,0,1
72.0,0,8.719623437842625,2.2321960692416303,10.97763623199116,1.4146651074237493,11.009786345053127,0,0,0,0,1,0,0,1,0,0,1,1,1,1,0,0,0,1,0,1,1
57.0,0,7.946688650770434,1.8896770354973984,4.380665540368899,1.0751125669393615,11.070219665668692,1,0,1,1,1,1,0,1,1,1,0,0,1,0,1,1,1,0,0,0,1
69.0,1,4.961471685657772,2.2488196760064296,7.083763477597883,1.2381918973244992,4.867986760563507,0,0,1,1,1,1,0,1,0,1,1,0,0,0,1,0,0,0,1,1,0
33.0,1,7.527631062994538,1.530044347379141,5.265925934522102,0.990119236126782,7.426802270505205,1,0,0,0,0,0,0,1,1,0,1,1,1,0,0,0,0,0,0,0,1
30.0,0,1.6052808175024689,0.8459939649203114,9.562834005854956,0.5288579133361245,7.717775649589996,1,1,0,0,0,1,1,0,0,1,0,1,0,1,0,0,0,0,1,0,1
67.0,0,4.637403586416997,2.164413100663418,4.845796483449079,0.5641954859978143,11.820922940190027,0,0,1,0,0,1,1,1,1,0,0,0,1,1,1,1,0,0,0,1,0
77.0,0,3.577071934752931,1.8116807667140558,9.318462068641956,1.0379230312678858,9.423984121940677,0,0,1,0,1,1,1,0,0,1,0,1,1,1,1,0,0,1,0,1,0
59.0,1,1.0283876099444633,2.0984370013569387,6.289446966383259,1.2187890348200257,7.2579713380965645,1,0,0,1,0,0,1,0,0,1,1,1,0,0,0,1,0,1,0,0,0
47.0,0,4.912691803627748,1.344996952571225,5.591334509897798,0.7153305275287315,4.208463087884744,1,1,0,1,0,0,0,0,1,0,0,0,1,0,0,0,1,1,0,0,1
36.0,1,9.21532253839209,2.7671664433495895,11.490820462599883,1.221909573992304,8.523081280793567,1,0,1,0,0,0,1,0,0,0,0,0,1,0,0,1,1,0,1,1,0
34.0,1,0.4965852786018754,1.9684246714389424,4.148196613967647,1.3106657734835125,4.768607805106849,0,0,0,1,1,1,1,0,1,0,0,0,0,0,1,0,0,1,1,0,1
73.0,1,2.9854630435885596,0.7135062107271846,7.5022181751165515,0.9118974783621112,10.675599658782104,0,0,1,1,1,1,0,1,0,1,0,1,0,1,1,1,0,0,1,0,1
49.0,0,2.1546552684364646,1.6245099767610718,4.17301593969435,1.2464192328441048,10.020149284562898,0,1,1,0,1,1,0,1,1,1,1,1,1,1,0,1,1,1,1,0,1
45.0,1,2.457651871290394,2.3908901368590856,7.868744384834632,0.9040299503284599,7.68407327926543,0,1,1,0,1,0,1,0,1,0,0,0,1,0,0,0,1,1,1,0,0
49.0,1,9.093502063605815,2.485336404330681,8.008379022355346,1.1783506294550201,7.433686236333598,0,1,0,1,1,0,1,1,0,0,1,0,1,0,1,1,0,0,0,1,1
49.0,1,4.733883636919472,1.736492631909397,6.573299771157976,1.263997049319543,11.17871172455015,1,0,0,0,0,1,1,1,1,0,0,1,0,0,1,0,0,1,0,1,0
43.0,1,4.7163641881042055,2.7368689270782527,5.057294220200189,1.4919266183081108,6.307666803345027,0,0,1,0,0,1,0,1,1,1,0,1,0,0,1,1,1,0,0,0,1
54.0,1,7.629698860307295,1.169171092985744,7.0111003018758025,0.8453966620635961,5.992159696854166,0,0,1,0,0,1,1,1,1,1,0,1,1,0,1,1,0,0,0,0,1
43.0,0,1.6294728196487656,1.5264967430956664,9.378103519460527,0.9110407805746115,11.513579462606096,1,1,1,1,1,1,0,1,1,0,1,0,0,1,0,1,1,0,1,1,0
70.0,1,4.923927005590502,2.7464922764224253,10.259166469155673,0.6656200594101713,10.473966694027862,0,0,1,1,0,1,0,0,0,0,0,0,0,0,0,1,0,0,1,1,1
79.0,1,4.356853619798491,2.7406417911789474,8.246004819105138,0.7040730584018069,10.565004744537557,0,1,0,1,0,0,1,0,0,0,1,1,1,1,1,0,0,1,0,0,1
49.0,0,6.009415836411896,2.2142819220617023,8.718675155518046,1.1933950025983777,5.561550514207404,0,1,1,1,1,0,0,0,1,1,0,1,0,1,1,0,0,0,1,1,1
26.0,1,9.995621262179341,2.6474513678055502,5.6049309689972215,1.417045590154476,5.146367931447475,1,0,1,0,1,0,0,0,0,1,1,1,0,0,1,0,0,0,1,0,1
29.0,0,7.717544051412266,0.7219331673905817,6.298642665821196,0.8946049516612405,4.208236398537079,1,0,1,0,1,0,1,0,1,0,1,1,0,1,1,1,1,0,1,0,0
70.0,1,4.961471685657772,2.662487440519441,8.014112478059428,0.6798444468355412,5.89633207134944,0,1,0,1,1,1,0,1,1,1,0,0,0,1,0,1,1,0,0,1,1
18.0,0,8.292775217513064,1.3015497663755669,5.994362800036891,0.7850994993829941,10.193523933714598,0,0,1,1,0,0,0,1,1,0,0,0,0,0,1,0,1,1,1,1,0
75.0,0,1.790012796793554,0.9458287810705408,8.014112478059428,0.9550517048081386,5.920307350113198,0,1,1,0,1,0,0,0,0,0,0,0,1,0,0,0,1,0,0,0,1
75.0,1,0.4015904944587052,1.0984245908551158,8.1555902911299,0.7906503293653684,9.83282626875901,1,1,1,1,1,1,1,0,1,0,1,0,0,0,0,0,1,1,1,0,1
18.0,1,2.124038887396303,1.5449212700347177,8.501510046325835,0.7335790831218663,6.015266122939372,1,0,1,1,1,0,0,1,1,1,0,0,0,0,0,1,1,1,0,0,0
64.0,1,3.4700744055311707,1.127980011511168,11.559579366572036,1.2359844887570794,7.162339983605373,0,0,1,1,0,1,0,1,0,0,1,1,0,1,0,1,0,0,0,0,0
51.0,0,5.154749498849642,1.3014189650412475,5.564565176812184,0.5078449212406232,11.865298319291266,0,0,0,1,0,0,0,0,1,0,1,0,0,0,0,0,0,1,0,1,1
49.0,0,6.189778491357878,0.8374462151791052,9.133405681291968,1.0392305273364832,5.958493850273085,0,0,0,1,0,1,1,0,0,1,1,0,1,1,1,0,1,0,0,1,0
79.0,0,9.114996600422776,1.2404419138974963,10.538074151900183,1.2937668070297539,7.010965018386141,0,0,0,1,0,1,1,1,0,0,1,0,1,1,0,0,0,0,0,1,0
71.0,1,5.147554694549531,1.9307095363550029,8.48193171026442,0.7662282863174682,6.408697443721709,1,0,1,1,0,1,1,1,0,0,1,1,0,1,1,1,1,0,1,1,1
65.0,0,5.062628881794721,1.60463427022766,6.040029220008606,1.1032915106120174,4.876999890640018,1,0,1,0,1,0,1,0,1,0,1,1,1,0,1,1,1,1,0,0,1
42.0,0,0.5974057972475232,1.366796903089778,6.100401840160002,1.1689001056186177,7.9191531370465995,0,1,0,0,1,0,1,1,1,0,1,0,0,1,0,0,0,0,1,0,0
57.0,1,0.4456243712966157,2.366130322142785,4.314024424567999,1.15502469640509,7.029525306664018,1,0,1,0,1,1,1,1,1,1,0,0,1,1,1,0,1,1,1,1,0
62.0,0,5.556483622972083,2.7337749284832946,6.4435538123878535,0.9458496341987177,9.55909668645824,1,0,0,1,0,0,1,0,1,1,0,0,0,0,1,1,0,0,0,0,0
70.0,0,4.437968271158611,2.3919730572559925,9.95682943202704,0.8465779878757792,10.54075637561237,0,0,1,0,1,1,0,1,1,0,1,0,0,1,1,0,1,0,1,0,0
18.0,1,4.961471685657772,1.330001755294198,4.380142057656883,1.3359240730278135,8.353997715965107,0,0,0,0,0,1,0,0,1,1,0,1,1,1,0,0,1,0,1,1,1
33.0,0,1.6907278886472674,1.6994873972351736,5.754362260038645,1.2584459569998643,4.257571376698695,0,1,0,0,0,1,1,1,1,1,0,0,0,0,0,0,1,1,1,0,1
78.0,1,0.34721945495879103,0.879950456185128,9.649859988254256,0.8212551734139125,8.951378849877774,0,0,1,0,1,1,1,0,1,1,1,0,1,1,0,1,0,0,0,0,1
56.0,1,4.545483802508246,0.8257949702282272,10.261212502583014,0.6030191944422061,4.4431258401675136,1,1,1,1,1,1,1,1,1,1,0,0,0,1,1,0,0,1,1,0,1
22.0,1,2.4510377118473494,1.3640675925903973,7.642547280495427,0.5718075454454692,8.9308505887922,0,1,0,0,1,1,0,1,1,1,1,0,1,1,1,1,0,0,1,1,1
39.0,1,4.961471685657772,2.5192559226101423,8.014112478059428,0.594275977898936,9.480239594153508,0,1,0,0,1,1,0,0,1,1,1,1,1,0,1,0,0,1,0,0,1
46.0,1,7.2735230397915265,1.1158706181057547,8.014112478059428,1.0828693611920428,5.582141020940147,0,1,1,0,0,0,0,0,1,1,0,0,1,1,1,1,1,0,0,1,0
72.0,0,4.961471685657772,0.658133522246699,5.27930596019302,0.5516621758289897,10.554769189774168,0,1,0,0,0,0,0,1,0,1,1,0,1,0,0,1,0,0,1,1,0
20.0,0,6.12236305007694,0.8292738380158877,7.185195948183252,0.8369268749640384,11.288681052592388,1,0,1,1,0,0,1,0,0,0,1,0,0,0,0,0,0,1,1,0,1
29.0,1,2.882392526652203,2.6468624213239504,8.639742561625143,1.2531997019142294,10.504695712910557,0,1,0,1,1,0,0,0,1,0,0,0,0,0,0,1,0,0,1,1,1
43.0,1,1.8176108985147181,2.084458211868219,8.014112478059428,0.7943481665153781,6.440873521696657,0,1,1,0,0,0,0,1,1,0,0,0,1,1,1,1,0,0,1,1,1
33.0,0,3.859540076901243,1.1330029084249418,4.550007616709419,1.2633080771801297,8.693144099565075,1,0,1,0,1,0,0,1,0,0,1,1,0,1,1,0,1,0,1,0,0
49.0,1,4.961471685657772,1.8882395633204534,8.059152750759685,1.2454670382070554,11.318521193529822,0,1,1,0,0,1,1,1,0,0,0,1,0,1,1,0,0,1,0,1,0
54.0,1,3.98172641135527,1.818949056063376,6.631358225685795,0.7458271326332163,6.565317809782799,0,0,0,0,1,0,1,0,1,0,1,0,0,1,1,1,1,1,0,0,0
39.0,1,7.532619527189452,2.138589946101653,8.066493554213556,1.2288221800927455,10.560222578123401,0,0,1,1,0,1,1,1,1,0,0,1,1,0,0,0,0,1,1,1,0
74.0,0,1.3423143383115919,1.0829688860540407,4.191803579012253,1.2477766382721007,4.075801050093572,1,0,1,1,1,0,0,1,1,0,0,0,1,1,1,0,0,1,1,1,0
46.0,0,7.750437054684284,2.661007467985994,6.504202837612651,0.8974539256670269,4.02917362227741,0,0,1,0,1,1,0,0,1,1,0,0,0,1,0,0,0,0,1,0,1
31.0,1,2.445639916575822,1.273421405200032,10.558945180216039,0.7104204837415182,10.077693282711738,0,1,0,1,0,0,0,0,1,0,1,0,0,0,0,0,0,0,1,1,1
49.0,1,6.80619198589984,2.235329134940592,8.4315338708371,1.0212708068918692,10.09158065701697,0,1,1,1,1,0,1,0,0,0,0,0,1,1,1,0,0,1,0,0,1
22.0,0,5.701237392925863,0.5403116159305372,7.604659942528939,1.4213975880001963,10.31181750281835,1,1,1,0,0,0,1,1,1,1,1,0,0,0,0,0,0,0,0,0,0
64.0,0,9.298532700395704,1.431642824735368,6.284200573722717,1.1396167324320619,11.440214703105298,0,0,1,0,1,0,0,0,0,1,1,0,0,0,0,0,0,1,1,1,0
66.0,1,3.934492927955609,1.3792745448970207,6.384340182330847,0.6729224976272612,4.943250494562274,0,0,1,1,0,0,0,1,0,0,1,1,0,0,1,1,0,0,1,0,0
47.0,1,0.7550353694609604,1.8587110714575363,7.064811468724676,1.18275692473352,5.855879879869507,0,0,1,1,1,1,1,1,1,0,0,0,1,0,0,0,0,1,0,0,0
63.0,0,0.28963930695740375,0.6818406544429912,10.684565679716483,0.9272030272818346,11.22979936299046,1,1,0,1,0,1,0,1,1,0,0,1,1,1,1,0,1,1,0,1,0
49.0,0,8.285899753630256,2.475328434315271,11.737705654466147,1.0915287973553731,5.4178895821788275,1,0,1,0,0,0,0,1,0,1,1,1,1,0,1,0,0,1,0,1,1
69.0,0,5.294882812848178,1.0444520044189214,7.509243050802996,1.234064035023108,9.457834140612672,0,1,1,0,0,1,0,0,1,0,1,1,0,0,0,0,0,0,1,0,1
22.0,1,7.774916113165998,2.1925945372050255,7.146822709982095,1.014947351514445,8.243704000326524,0,1,0,0,0,1,1,0,0,1,0,0,0,1,1,0,0,1,1,0,0
29.0,0,2.420813440113996,2.508030308110233,10.772406206558902,1.3139839745733086,4.665549414812058,1,0,0,0,1,1,1,0,0,0,0,0,0,0,0,0,1,1,1,0,1
33.0,1,3.516329080581014,1.904692390603783,7.415242565090429,1.2221555793166279,6.282109295532263,0,0,0,1,1,1,1,0,1,1,0,0,1,0,0,1,1,0,0,0,0
43.0,0,0.39802833489205747,2.3522080168049637,8.41614537836521,1.1150733400185107,8.162977731527743,1,0,0,0,0,0,1,1,1,1,0,0,1,1,0,0,0,0,1,0,0
43.0,0,9.61877401328371,2.154650780537514,5.8475333167899555,0.6507928158323515,10.818800933470673,1,0,1,1,0,0,1,0,1,1,1,0,1,0,0,1,0,0,0,0,0
65.0,0,6.711892276338053,1.388824492880019,9.948020286232602,1.3359491109115682,9.66030791691739,1,0,0,1,1,1,1,1,0,0,1,1,0,1,0,1,1,1,0,1,0
38.0,0,9.338730368817131,2.5221463475839134,8.255906546166255,1.4359055853198162,8.975065291639464,0,1,1,1,0,0,1,0,0,0,0,1,1,1,0,1,1,0,1,0,0
56.0,1,2.728414433547816,1.2367534247138199,10.472276401922734,0.6369651238092948,7.9682631195313185,1,1,0,1,0,0,1,0,0,1,1,0,0,0,1,1,0,1,0,0,1
53.0,1,6.1534897511340425,1.9280322943787929,10.245861840229358,0.9882411294334306,6.389471870513074,1,0,0,0,0,0,1,1,1,1,0,1,0,1,0,0,1,0,0,1,1
50.0,0,6.817149686097114,2.363494347853849,5.7200381461602285,0.7588887419705045,4.9539592905540895,0,0,1,1,1,0,0,1,0,1,0,1,1,0,0,0,0,1,1,0,1
79.0,1,3.243742032550126,1.447389774531269,9.725084404462098,1.2545233074255646,7.272608276528764,0,0,0,1,0,1,0,1,1,0,0,0,0,1,1,0,1,1,1,1,1
49.0,0,8.496281426654738,1.2569190190435626,10.400435263610971,1.2216296360047,4.228147951290341,0,1,0,0,1,1,0,0,1,1,0,0,0,1,1,1,0,1,0,1,0
54.0,0,9.476898482712453,1.6483650254320568,8.014112478059428,0.6408851205703987,5.688447114134805,1,1,1,1,1,1,0,1,0,0,1,0,1,0,0,0,0,0,1,0,1
40.0,0,8.860065665190444,2.544908735872884,5.380872903218196,1.3770272712616372,7.459867006981279,1,1,0,0,1,0,1,0,1,0,1,1,0,0,1,1,0,1,0,0,0
75.0,0,7.416763061799788,2.824804407864162,4.021057244636705,0.6809730639780023,7.348841485375321,0,1,0,0,0,1,0,1,0,1,1,1,1,1,0,1,0,1,0,0,0
27.0,1,2.846900329277045,1.8627085321497254,7.607229224745185,1.2972590256481076,4.354363447975939,1,0,0,0,0,1,0,0,1,1,0,1,1,0,1,0,0,1,1,1,0
71.0,0,2.887998816845754,2.1536655133091296,8.014112478059428,0.9569803596280049,8.71248122820233,0,1,1,0,0,1,0,1,1,0,1,1,1,0,1,1,1,0,0,1,1
22.0,0,9.637267172415775,2.7581840555972854,8.439278670603272,0.8282722935581512,8.39747404682589,0,1,1,1,1,1,1,1,0,0,0,1,0,0,1,0,0,0,0,1,0
53.0,1,0.20181650976335108,0.746367128532356,5.504328740710286,0.6582392626742135,4.624834432167303,0,0,1,0,0,0,0,1,1,0,1,1,1,1,0,1,1,0,0,0,1
51.0,0,7.1888947350972305,1.0801964446654126,10.877324381331801,0.6676142561466294,11.545304419683514,0,0,1,1,0,1,0,1,0,1,0,1,1,0,1,1,1,1,0,1,0
69.0,0,7.0918370092970955,2.272250015628956,6.062041725024877,1.1618905547009004,4.795062231606881,0,1,1,1,1,0,0,0,1,0,1,0,1,1,1,0,1,1,1,1,0
48.0,0,6.264626455402994,2.559361154780749,5.8114368407012,1.0504303879471206,10.838673209898689,1,0,0,0,1,0,1,0,0,0,0,1,0,1,0,1,1,0,0,0,0
27.0,1,9.902077576259972,2.6425725708264447,7.845712451874848,0.6220854216512327,4.0024778553200475,1,0,1,1,1,1,0,0,0,1,1,0,0,1,0,0,0,1,1,1,1
75.0,0,3.18760641406088,1.5377679421373314,7.990808189954194,0.6126978604383252,11.058248760363064,0,0,0,1,0,0,1,0,1,0,1,0,0,0,1,0,1,0,0,1,0
36.0,1,3.465721451553157,0.7233497557296671,5.720681830280743,0.5723105747727915,4.1577578576345005,1,1,1,1,0,0,1,1,1,1,1,1,1,0,1,0,1,0,1,1,1
75.0,0,0.8815000891709,1.5944536932490498,6.174885813807326,1.2437673473735442,10.062496255136928,1,1,0,0,0,1,0,1,0,1,1,1,1,0,1,1,1,0,1,1,1
49.0,0,4.483701551783001,1.0768364755176345,5.3576419132419595,1.211882085229289,6.8935264904020235,0,0,1,1,1,1,1,0,0,1,1,0,1,0,0,0,0,0,0,0,0
18.0,1,2.684380409724996,1.2279911374915604,9.747681426585334,0.5584309908545751,9.905734401090559,1,0,1,0,0,1,1,0,0,1,1,1,0,0,0,0,0,0,0,1,0
73.0,0,3.499528351558678,2.4306688920937645,10.160712250032656,1.060270075596973,7.213961643399828,1,1,0,0,1,1,0,0,0,1,1,0,1,0,1,0,1,0,1,1,1
22.0,0,8.362260723530714,0.6888177150647172,7.698627979674261,0.5846761552426899,4.567263378654734,0,1,0,0,0,1,1,0,1,1,0,1,1,1,0,0,1,0,0,0,1
62.0,1,9.361296683922207,2.568953043701755,9.71269618148014,1.4037457706089418,10.140053563162912,1,0,0,1,0,0,0,0,1,1,0,1,0,1,1,1,0,1,0,1,0
21.0,1,1.9387574128513378,1.5691727145604226,9.887483135499565,1.4071174191801323,4.57002148257092,1,0,0,1,0,1,0,1,1,1,0,0,0,0,1,0,1,1,1,0,1
33.0,1,3.7878384223793122,1.9901598277514876,5.106204221422469,1.19823298981313,11.376963487689743,1,1,1,1,0,0,0,1,1,1,1,0,1,1,0,0,0,0,0,0,0
41.0,1,9.293442564942401,0.7241305780891976,11.729424198676295,1.4261889214394499,4.407792286333291,1,0,0,0,0,0,1,0,1,0,1,0,1,1,0,0,1,1,1,1,0
33.0,1,0.7119037608233041,1.343397695893199,10.568255576771449,1.3114530304136904,7.834602222172124,1,1,0,1,1,1,0,0,0,1,0,0,1,1,0,0,1,0,1,1,0
72.0,0,1.0143692283026473,0.7242522975371144,8.014112478059428,1.3285385759270494,9.784275446806365,0,0,1,0,1,0,0,1,0,0,1,1,0,0,0,0,0,1,0,1,0
19.0,1,1.7116307931416708,2.903859307202774,5.489320285968562,1.0697078505699333,7.145971718336302,0,1,0,0,0,0,0,0,1,0,0,0,0,1,1,1,0,0,0,0,0
66.0,0,5.99260705785606,2.518154123315626,5.005289164636662,0.8060591982161759,5.7378677967394776,0,0,0,1,0,1,1,0,1,1,1,0,1,1,1,0,1,1,0,1,1
45.0,0,1.589675482959375,1.6490818858911505,5.107028500335347,0.7177991151164216,10.072727691168216,0,1,0,1,1,1,0,1,0,1,0,0,0,1,0,1,0,0,1,1,0
49.0,0,9.683956176362262,1.0590063708091777,9.98529439222957,0.8272000220389292,10.274357638309812,0,0,1,0,0,0,1,1,1,1,1,1,0,0,1,0,1,1,0,0,1
44.0,1,4.522473819859351,2.8336377631246306,7.757234055612988,1.1284954300890622,11.381559871634938,1,0,0,0,1,0,1,1,1,0,1,1,1,1,0,1,0,0,1,1,0
37.0,1,5.065027807466647,1.3614914893174295,10.263473381918939,0.6726565358323989,7.009320883448622,1,0,1,1,0,0,0,0,0,1,1,0,1,0,0,0,0,0,0,0,0
41.0,0,2.5419202964735246,0.9024610792184369,9.970039154801643,0.7586402366373216,8.050013875978614,0,0,0,1,0,0,1,0,1,0,1,1,0,0,1,1,0,1,1,0,1
29.0,1,4.7625064991038615,1.9079109711348872,8.836901708041772,0.9680608627954644,6.905027542768576,0,1,1,1,1,0,0,1,1,0,1,0,0,0,0,1,1,0,0,0,1
67.0,1,6.652944963106414,2.85943530086204,8.014112478059428,0.7330500985246156,6.0566545748109455,0,0,1,0,1,1,1,0,1,0,1,1,0,0,1,0,1,0,0,1,1
52.0,1,7.536653655845023,0.5095757262508065,4.146845795033134,1.0886436697160615,10.008263692300869,1,1,0,1,0,1,0,0,1,1,0,0,0,1,0,1,1,0,1,0,0
77.0,1,7.563294018828139,1.0953121081349968,6.494221174440176,1.42317602845633,6.717214760135644,1,1,0,1,1,1,0,0,0,1,0,0,1,1,1,0,0,1,0,1,1
49.0,0,5.821122015671475,2.846119101026019,9.102577434075283,1.2480893657031265,7.425195535938816,1,0,0,0,1,1,1,0,1,0,0,1,0,1,0,0,1,1,1,1,1
50.0,0,9.053161772439186,0.9277149171429051,4.074759627889954,1.166426614148913,7.229389260992223,1,1,0,0,0,0,0,0,1,0,1,0,1,1,1,1,0,1,0,1,1
78.0,1,8.192337688330483,0.7831086290995497,4.263815549460747,1.0827214759837789,9.701289805173968,1,0,0,1,0,1,0,1,0,0,0,0,0,1,0,1,0,1,0,0,1
68.0,0,7.594776335516392,1.9254680394995112,10.815103859763067,0.9879479092570649,11.342365008885437,1,1,0,1,0,1,1,0,0,0,1,0,1,1,0,1,0,1,0,0,1
60.0,1,0.6504946646365601,2.6546095582370746,9.472198893536575,0.6865638596346597,9.334048490459018,0,0,1,1,0,0,1,1,0,1,0,1,0,1,0,0,0,0,1,0,0
54.0,1,0.1680918259745282,1.6927745442348154,6.122957864962752,1.3947104554268654,7.772660768753861,1,0,1,0,1,0,1,1,1,1,0,1,1,1,1,1,1,0,0,0,1
29.0,0,2.2032280442351824,2.986410641711312,9.503702720949672,0.7485360020128363,10.233640917911067,0,1,0,1,0,0,1,0,0,0,0,0,1,0,0,1,1,1,0,1,0
20.0,0,6.668883579743177,2.197929248844982,10.339653353114105,0.5913088775781608,9.1277705929771,0,1,1,0,0,1,1,1,0,0,1,0,1,0,0,1,1,1,0,0,0
18.0,0,4.170855139937204,0.6851872680261193,6.45435426488081,1.2500151792286953,4.484882856942508,1,0,0,1,1,1,0,1,1,0,1,0,0,1,0,0,0,1,0,0,1
50.0,1,4.083821967063186,1.6994873972351736,4.2882990199935,0.6756155343311664,4.765308691350733,1,1,0,0,1,0,0,0,0,1,0,1,0,0,0,0,1,0,1,0,1
57.0,0,8.857410193473175,1.519735591950476,11.462232997501875,0.871895999541176,4.303335552589067,1,0,1,1,0,0,0,1,1,1,1,0,0,0,0,1,0,0,0,0,0
27.0,1,8.966072196505204,1.2185063346137064,6.761438706365044,0.5282849282909797,7.654530609650559,1,0,0,1,0,1,1,0,1,0,0,0,0,0,1,1,1,1,1,1,0
60.0,0,9.100835114130499,1.894697958944714,4.851854106277651,0.6370679425404481,10.606827474711718,1,1,1,1,1,0,1,0,1,1,1,0,1,1,1,1,1,1,0,1,1
61.0,0,3.2073929574987705,1.2607689795521608,7.934854971145179,0.6732036307599121,6.504665354810816,1,0,0,0,0,0,0,1,0,1,0,1,0,0,1,0,1,1,1,0,0
46.0,1,6.941452546118692,0.7161437678003808,10.147742365313071,0.554410127750178,7.073281464739853,1,1,1,0,1,0,1,0,1,0,1,0,1,0,0,1,1,0,1,1,0
30.0,1,4.961471685657772,0.5035708576979419,5.773178516940473,1.1566569566228453,11.275816866943124,1,0,0,0,1,1,0,1,0,1,0,1,1,1,1,1,1,1,0,0,0
29.0,1,1.987037347437053,1.6239583823006558,6.155920401066907,1.3370077958031172,10.695227562533239,0,0,1,0,1,1,0,1,0,1,1,0,0,1,0,0,1,1,1,0,0
48.0,1,1.9278613277389554,2.592158555566481,5.941719894388665,0.873315406365941,9.32038489906048,0,0,1,1,0,1,1,0,1,1,1,0,1,1,1,0,0,0,0,0,0
63.0,1,3.486865446549581,1.9307879640751913,11.933384422653425,1.3745764767182007,6.1344302567380105,1,1,0,0,0,0,1,0,1,1,0,0,1,0,1,1,0,1,0,0,1
19.0,1,4.356580435820235,2.998018247358602,5.57922986984434,0.7133465745601265,4.936331861507548,0,0,0,0,1,0,1,0,0,1,1,1,0,0,1,1,0,1,1,1,0
78.0,1,8.326396793445177,1.2171166141179999,8.604161735728992,0.8253904235612395,4.12847058144091,1,0,1,1,0,1,1,0,1,1,1,0,0,1,0,0,1,1,1,0,0
68.0,1,1.2869218253798498,1.2011376619001384,11.402117133255715,0.6507369930311684,4.856085380835367,0,1,0,0,1,0,1,0,0,0,1,0,1,1,0,1,0,0,1,0,1
67.0,0,7.375765889209452,0.8993736505848605,5.175172551022234,1.1205591954189986,6.340771548991542,0,0,0,1,0,0,1,0,0,0,1,0,0,1,0,0,1,0,0,1,1
52.0,1,5.361403650474123,0.910158970663338,11.7668335829416,0.9198695908703068,8.414320508635965,1,1,0,0,0,1,0,0,0,0,1,1,1,1,1,1,0,0,1,0,0
40.0,1,2.9506588924923256,1.2129664900251196,11.579817875164997,1.1132833468418988,4.512000662019095,1,1,0,0,1,0,1,0,0,1,1,0,0,1,0,1,1,0,1,0,0
34.0,0,4.978913886874963,2.482100113183818,11.0765758964661,1.2616749053941836,5.089822226547592,1,1,0,1,0,0,0,0,0,1,1,0,0,0,0,1,1,1,0,1,0
43.0,1,3.0694264907925244,2.76439197659112,5.716452170640018,1.0457030160329484,5.448645618463528,0,0,0,1,0,0,0,0,0,1,1,0,1,1,1,0,0,0,0,1,1
25.0,0,6.001211356859229,1.6994873972351736,9.072440448087868,1.1276303549017879,9.05585674386645,0,1,1,1,0,0,0,1,1,0,1,1,0,0,1,1,1,0,1,1,0
46.0,0,4.395054836266917,1.0807241352411316,10.087131783689921,1.435250314394333,8.926318391840995,1,0,1,1,1,1,1,1,0,0,0,1,0,1,0,0,1,0,0,1,0
43.0,1,4.961471685657772,2.703243864035229,11.888223425571438,0.7990643096088431,8.406125810977223,0,1,0,0,0,0,0,0,0,1,1,1,0,0,1,1,0,0,1,0,0
27.0,0,1.2541724381013977,1.3206377231933426,5.443390576650963,0.8591639386339531,6.004011397567517,1,0,1,0,1,1,1,0,1,1,1,1,1,0,0,0,0,1,0,0,1
43.0,1,5.5122872525140885,0.782101361292211,10.12820719615437,1.217703361709337,6.968957529749856,0,1,0,1,0,1,1,0,1,1,0,1,1,1,1,1,0,0,1,0,1
79.0,0,9.033889029532425,2.675062313800414,6.710409359416904,1.1113055170553867,4.773517730701944,1,1,1,1,0,1,1,0,0,1,1,0,0,0,0,0,0,0,1,0,1
51.0,0,3.505181096921087,2.0902640866090465,5.405011724544019,0.6785329045397148,5.811684830064439,0,1,0,0,0,1,1,0,0,1,1,1,1,0,0,0,0,0,1,1,1
68.0,0,4.961471685657772,0.9118272402026544,7.3710155297108395,0.8761473100104902,11.181641811780644,1,0,0,1,1,0,1,1,0,0,1,1,1,1,1,1,1,0,1,1,1
58.0,1,6.620747413903693,1.5745781437825064,10.35068729718893,0.967838013124715,11.837533971486629,1,1,0,0,1,0,0,0,1,0,1,1,1,0,1,0,1,0,1,0,0
24.0,1,9.322393651663862,1.2181442371926692,7.718798429632417,0.9193898379683894,9.181276685122358,1,0,1,1,1,1,1,0,0,1,0,1,0,0,0,1,0,1,0,1,1
21.0,0,8.227712071261495,2.341986421775492,8.300184801624388,0.6782748083220408,11.33458633618736,0,0,0,1,0,1,0,1,0,0,1,1,0,0,1,1,1,0,1,1,1
75.0,0,5.709392063164083,1.6994873972351736,11.961275281600969,1.4244300917842623,9.1419352032114,1,0,0,1,0,1,1,0,1,1,1,1,0,1,0,1,0,0,1,0,0
70.0,1,6.604601932517662,2.9731998627659624,7.192874396459408,1.262318761693976,4.265571888843759,0,0,1,1,0,1,1,0,1,0,0,0,1,1,1,0,1,1,1,0,0
67.0,1,8.994026019181945,0.6368624556489878,8.923206037673918,0.9813558321078523,11.974100679891272,1,0,1,0,1,0,1,1,1,1,0,0,1,0,0,1,1,0,1,1,0
62.0,0,4.055235967410654,1.3875381653406167,6.921953612922975,1.1800610283068367,4.791618413492279,1,0,0,1,0,1,0,0,0,1,0,1,0,0,1,1,1,1,0,1,0
28.0,0,3.335267587991996,1.7047504177749435,7.1422851706296395,1.3972826721355218,9.461134411560487,1,1,1,0,0,1,0,0,1,1,1,1,0,1,0,1,0,1,1,1,0
46.0,1,4.961471685657772,1.7578338868707994,9.565126027563265,0.6361741423615712,6.02268962459832,0,1,1,1,1,0,0,1,0,1,0,1,0,1,1,0,1,1,1,0,0
73.0,1,8.282855634495496,1.2898395559640918,11.503095808759067,0.7503730507069777,7.135848903255681,0,0,0,1,0,1,0,0,1,0,1,1,0,0,0,1,0,1,0,0,1
53.0,1,8.029708933993312,2.32310062274392,8.338871603938571,1.042701247256645,9.167473478407505,0,0,0,0,1,0,1,1,1,1,0,0,1,0,0,1,0,1,0,1,1
42.0,1,1.134099729191499,2.686867683722437,10.147199431590238,1.2990103713523586,7.491898794461656,1,1,0,1,0,0,1,0,0,1,0,1,0,0,1,1,0,1,1,1,1
38.0,1,5.810888073213732,2.8467982549446575,4.713652470535711,0.5362548954415274,6.004368471449026,0,1,0,0,0,0,0,1,0,1,1,0,1,1,1,1,1,0,1,0,0
78.0,0,4.693418811852185,2.5127334419988157,5.689264299455416,1.4840181501963605,6.675569495026598,1,0,1,1,0,1,0,1,1,1,0,0,0,0,0,0,1,1,0,1,0
74.0,1,1.2752200455402036,2.6264504932664985,8.01705312735626,0.9549066028823971,6.732384935385411,1,1,0,0,0,0,0,0,0,0,1,0,0,0,0,1,1,0,1,1,1
53.0,0,9.807625447901163,1.8763632515499888,4.160093789030198,0.859231140621723,11.674591236065709,1,0,0,1,0,0,0,1,0,0,0,0,1,0,1,1,0,1,1,1,1
27.0,1,2.225489285887219,2.5647205660670362,6.02283983010047,0.7927244378397719,10.388904127387608,1,1,0,1,1,1,1,1,1,0,0,1,0,1,1,1,0,0,1,1,0
54.0,0,0.7656183828965554,1.2587597728698805,8.13921031859973,0.6743567076508716,7.668390171835201,1,1,1,1,0,1,1,0,0,1,1,0,0,0,0,0,0,1,0,0,1
26.0,1,5.988989057068904,1.496196905273036,4.119689586050406,1.2915739089300278,5.598567362730913,0,1,0,1,0,1,1,1,0,0,1,1,1,0,0,1,0,0,0,0,0
41.0,1,7.414780103617023,1.2922825345463607,6.116370289808334,1.4554141647460965,10.488128882101247,0,1,0,1,1,1,0,1,1,1,0,1,1,0,0,1,0,1,1,1,0
52.0,0,0.42119011586715094,1.6684683386198136,8.112246555806955,0.9136447548453982,5.257459772866988,1,1,0,0,1,0,0,0,0,0,1,0,0,1,1,1,0,0,0,0,0
66.0,0,6.62130462339752,1.213949040596591,8.585193983849965,1.4524206947534561,5.683697737136027,1,0,1,0,1,1,1,1,0,0,0,0,1,0,1,1,1,0,0,0,0
52.0,1,5.369689571919399,2.904028605636117,11.406013544442445,1.3237976154350342,6.928107134721209,0,0,0,0,0,0,0,0,0,1,1,0,1,0,0,1,0,0,0,1,1
65.0,1,1.1223235878629794,1.2821115700141703,9.162764986004863,0.9810511274763183,11.04278556681592,1,1,0,1,1,0,0,1,1,0,0,1,0,1,1,1,1,1,1,0,1
53.0,1,1.8079863817689845,0.7451113452773496,7.31788642023995,1.1740261791261326,5.054293349072882,1,0,0,1,1,1,0,1,0,1,1,0,0,0,0,0,0,0,0,1,1
35.0,1,5.722945543429197,1.8170429151260334,11.442809417064542,0.934984179170463,4.977873542836209,1,0,0,1,1,1,1,1,0,0,0,1,0,1,0,0,0,1,0,1,1
66.0,1,3.033940373781555,0.6427476961129409,10.279063867102355,1.0587234082125523,7.951799906442128,1,1,1,0,1,1,0,1,0,1,0,1,1,1,1,1,1,0,0,0,0
56.0,0,9.389325713648029,0.7763579157714513,5.600071368901981,0.5580463370185038,6.2112843287493975,0,0,1,0,0,1,1,0,0,1,0,1,1,1,1,0,1,1,1,1,1
49.0,0,8.205528271892103,1.0484734729906158,5.046738890790558,1.1962634753005332,8.549823533185279,1,0,0,0,1,0,0,1,0,1,0,1,0,1,1,0,1,1,0,0,1
41.0,1,9.837315344485264,1.6608756247053542,9.406493085941865,0.5528246444841367,7.613093477465788,0,1,1,1,1,1,0,0,1,1,1,0,0,1,0,0,1,0,1,1,0
40.0,0,2.6707413056090985,1.5831273307725697,8.47906532461587,1.3170849469196495,7.4796728508097345,0,0,1,1,0,0,1,0,0,0,1,0,0,1,1,1,1,0,0,1,0
79.0,0,9.700263964699973,2.499229655006978,10.317388910342046,1.3249469294605576,4.895783763895946,0,1,0,0,0,0,1,1,1,1,1,0,0,0,1,1,1,1,1,1,1
49.0,0,4.369215310936423,2.3486866347102833,9.910440400629492,0.7370772875562146,5.128397521998721,0,1,0,0,1,1,1,0,0,0,0,0,1,1,1,0,1,1,0,0,0
54.0,1,3.540436073606171,1.5657957349767533,9.00169227086012,0.8236627810358003,10.5686286195748,1,0,1,0,0,1,1,1,1,1,0,0,0,0,0,1,0,1,0,1,0
29.0,0,0.5984603169965971,1.3342605189390748,11.891057373031138,0.9813103785582933,11.087061900573955,1,1,0,0,1,1,0,0,0,1,0,0,1,1,0,0,0,0,1,0,0
66.0,1,0.6223760528100659,1.2911719601537466,8.26871784088327,1.0966629069324814,5.877468263082002,1,0,0,1,0,0,0,1,1,1,1,1,1,0,0,1,0,0,1,1,0
72.0,0,6.950911433871881,2.4349877182350226,4.904846052013759,0.7873536617419967,4.907684012198152,0,0,0,0,0,0,1,0,0,1,1,0,0,0,1,0,0,0,0,1,0
30.0,1,4.633497044896876,0.6301810155531744,10.626188518527908,1.092486404631925,4.427333375476085,0,1,0,1,1,0,1,0,0,0,1,1,1,1,0,1,1,0,1,1,0
40.0,0,2.3425640977574465,0.5320541237765146,6.014826898765672,0.7977870732292989,8.866380909935174,0,0,1,1,0,1,0,1,0,0,1,1,1,0,0,1,1,0,0,1,0
42.0,1,4.961471685657772,2.48886097981662,10.218417185151345,0.5554907210710607,9.722825700001644,1,0,0,1,0,1,0,1,0,1,0,1,1,0,0,0,0,0,1,1,0
52.0,1,2.6032953706761006,1.6928659399726231,11.656856768000411,0.502527549831909,6.982479913625644,1,0,1,1,1,1,0,0,1,0,0,1,0,1,1,1,1,0,0,0,1
58.0,0,5.818554368009783,0.8272028463839399,9.57436411171473,0.6011510579184286,9.437406939925117,1,0,0,1,1,1,1,0,0,0,0,0,0,0,0,1,0,1,1,1,1
47.0,1,3.6561665951286346,1.088914836486253,8.768241287598409,1.2922507001640182,9.703670524476209,0,0,0,1,0,1,1,0,0,1,0,0,0,0,0,0,1,1,0,1,0
34.0,1,8.253167043457008,2.8312598827434563,7.683089405400325,1.4614313123833371,11.482738251175242,0,0,1,0,0,1,0,0,0,0,1,1,0,1,0,1,0,0,0,0,1
66.0,1,8.224891991591115,2.648757439062245,6.915278927963226,0.9269661992812193,4.518989102680858,1,0,1,0,1,1,1,0,0,1,0,1,0,0,1,0,0,0,1,1,0
79.0,1,4.825768941411773,1.6994873972351736,6.82403800777469,1.0126839534499428,5.538333785848638,0,1,1,0,0,0,0,0,1,1,1,0,0,0,0,0,0,0,1,0,0
37.0,1,3.5731091824166548,1.7055630758433165,9.090981645676724,0.6468481690734261,4.548207900775905,0,0,1,0,1,0,1,1,0,0,1,1,1,1,0,0,1,1,0,0,1
65.0,1,3.689341985935036,1.8008090654784643,10.010184935501968,1.0510313526801571,10.943951466688883,1,1,0,1,0,0,1,1,0,0,0,0,1,0,0,0,0,1,0,0,1
42.0,1,8.076573804115357,2.9381113382098967,9.428136555875316,0.6446549020069768,10.340697280268548,0,1,0,0,0,0,0,1,0,1,1,1,1,0,1,1,0,0,0,0,0
39.0,1,3.348976879696359,2.9144261097107176,5.587280809548502,1.11121433119883,8.597136564974711,0,0,1,1,1,1,0,0,0,1,1,1,1,1,1,1,0,1,1,0,0
30.0,0,2.1696877996977757,1.0381726144645858,7.9518974411479295,1.4332586675808539,4.669307280409465,1,1,0,0,1,1,1,0,1,1,0,0,1,0,0,0,1,0,0,0,0
76.0,0,0.9384145845655376,2.5277614157632953,10.333120577464504,0.6956985393030396,6.186498869229757,0,1,0,0,0,1,0,1,0,0,1,0,1,1,0,1,0,1,1,0,0
36.0,1,4.720261896755643,0.993106665417542,7.80563262551245,1.264563718057102,6.381758784468135,0,1,0,1,0,0,1,1,1,1,0,0,1,1,0,1,1,0,1,0,1
49.0,1,4.873107779306435,1.0338436947098786,8.292986237883952,0.523502422818324,8.485945568123338,0,0,1,1,0,1,0,1,0,1,1,0,1,0,1,1,1,1,1,0,1
53.0,0,8.42499623298878,2.190232585411442,10.169088385366578,0.875497241321621,6.064351152293724,0,1,1,0,0,0,0,1,1,1,1,0,0,0,1,1,0,0,1,0,1
29.0,0,2.2902630948160336,1.512502746468871,9.290122450120732,0.610748507830509,4.583678911303639,1,1,1,0,1,0,1,1,1,1,1,0,0,1,1,0,1,1,1,0,1
78.0,0,3.8718136093171593,2.8288610177663003,7.274759367059141,0.8524754415956994,9.846098414826395,1,1,1,1,0,0,0,1,0,1,1,0,1,1,1,1,1,1,1,0,0
58.0,1,8.10321681504754,0.7225243372400221,11.163301689553752,0.6735369196388835,6.392641693243291,0,1,1,1,0,1,1,1,0,0,1,1,1,1,0,0,1,0,1,1,1
36.0,0,8.253873746414838,1.7788141020237327,5.300536549307829,0.8733049901228874,7.618993416186405,1,1,1,1,1,1,1,1,0,0,0,0,0,1,0,0,1,0,1,1,1
29.0,1,3.9076496521898054,2.796303826107803,11.964131588722598,0.9175228061075303,5.021333079858443,1,1,1,1,1,0,1,0,0,0,1,1,0,0,1,1,0,0,0,1,1
26.0,1,4.6453278305381405,1.6994873972351736,4.950820627809898,0.8005911227809184,10.420386427156636,1,0,0,1,1,0,1,1,1,0,1,0,0,1,1,1,1,1,0,0,0
24.0,0,3.1025303194079012,0.891323033539353,4.119599768833911,1.1566219494731291,8.52425501539246,0,1,0,1,0,1,0,1,1,0,1,0,1,0,1,1,0,0,1,0,0
45.0,1,9.332293296351189,1.416594250241141,11.120151209190118,1.4188520512589098,11.212685009678903,0,1,1,1,1,0,1,1,1,1,1,1,1,0,0,0,1,0,0,1,0
31.0,1,1.2745732808416452,2.0478035001167405,5.959628066927649,0.9005953741052724,7.963772504522667,1,0,0,1,1,1,1,0,1,0,0,1,0,0,1,0,1,0,1,0,0
48.0,1,9.344119287714554,0.8984872119285054,9.837597019573767,0.6923431564750214,11.531405374543038,1,0,0,1,0,0,1,1,0,1,1,1,1,0,1,1,0,0,1,0,0
49.0,1,6.870277873169898,2.920055430114347,10.488122999456554,0.7707227581959833,11.134945635050608,1,1,1,1,1,1,0,0,0,0,1,1,1,0,1,1,1,1,1,1,1
36.0,0,5.362564311598638,2.786873321819151,10.871891128256934,1.354000823496369,8.611678851673872,1,1,0,0,1,0,1,0,1,0,1,0,0,0,1,0,1,0,1,0,1
75.0,0,0.42332470176650916,0.917375447586173,11.932753885313334,1.071639723270148,11.471147505198907,0,0,0,1,0,1,1,0,0,1,0,0,0,0,1,0,0,0,1,1,1
64.0,1,4.808402299037882,0.8028886531524635,6.3523176803199926,0.9550110323069573,6.584709978356418,1,1,1,1,1,0,0,0,1,0,1,0,0,0,0,1,1,1,1,1,1
49.0,1,4.136706239527049,0.7135212070206632,9.681946735418073,0.6496367215089267,6.925137301633691,0,1,1,0,0,1,1,0,1,0,1,0,1,1,1,1,0,0,1,0,0
70.0,0,1.6960662385537135,2.7736091600915778,4.923198866246626,0.9497273083237819,4.3638236104482955,0,0,0,1,1,0,1,1,1,1,1,0,0,0,1,1,0,0,1,0,0
22.0,1,6.598455074656504,0.984059524488652,7.254474330854795,0.7784920033573867,8.713607254110824,0,1,1,0,1,1,0,1,0,0,0,1,0,0,0,0,1,0,1,0,0
52.0,0,4.961471685657772,1.5407123213608869,10.783773546500722,1.4431631278533492,9.775391759431468,0,0,1,1,1,0,1,0,1,0,1,0,0,0,1,0,0,0,0,1,0
29.0,1,5.665669229538799,1.6221284141300076,6.941264368472867,1.3840701094157313,10.188153521936826,0,1,0,0,0,0,1,0,1,0,1,0,1,1,1,1,1,0,0,0,1
42.0,1,7.176057436795063,1.9975276105339188,8.728763044284912,0.583902541828198,5.1985302883688265,0,1,1,1,1,0,0,0,1,1,1,1,1,0,1,0,1,0,0,0,0
69.0,0,0.7776594804035661,0.6793383593685625,8.030187549797073,1.0166534892612429,7.553272578500002,0,0,0,0,1,0,0,0,0,0,0,1,1,0,0,0,0,0,0,0,1
76.0,0,4.961471685657772,1.6994873972351736,8.014112478059428,0.7250583455146721,5.414905696751325,1,0,1,0,1,0,0,0,0,0,1,1,0,0,1,0,1,1,1,1,0
38.0,0,1.2519490031285092,2.828725967297315,11.78315511510156,0.9107770895242906,9.297018790833992,0,1,0,1,1,0,1,1,1,1,1,0,1,0,0,1,0,1,1,0,1
53.0,0,6.166678771811453,2.7710252681714236,4.445884212011217,1.3768479982514563,5.263570979374145,1,1,1,1,0,1,1,0,0,0,1,1,1,1,0,1,1,0,1,0,0
70.0,1,9.39097336632013,2.4532266185142304,8.591692140013038,1.0275145198885447,11.2333094716486,1,1,0,0,1,1,0,0,0,1,1,1,0,1,1,1,0,0,0,1,1
40.0,0,6.651599551469221,1.6994873972351736,10.904230234002277,0.8342152933707598,5.845077165291307,1,0,1,0,1,0,1,0,0,1,0,1,1,0,0,0,0,1,0,0,1
33.0,1,0.8603501783127732,1.3175169212402553,7.85106169398742,0.7078883541049971,6.331218130305959,1,0,0,0,1,1,0,1,0,1,0,1,1,0,1,0,0,0,0,0,1
74.0,0,3.6111954293523203,2.06989683835727,4.6282174875325826,1.3003248594064893,10.807250577207999,1,0,1,1,1,0,1,1,1,1,0,1,1,1,0,1,0,1,0,1,0
56.0,0,5.55156745646443,1.1879755294336891,8.014112478059428,1.1245180153643473,7.66774088116579,0,0,0,0,0,0,0,1,1,0,1,0,1,1,0,1,0,1,0,0,0
62.0,1,4.0917567857191965,2.7739667376344435,6.6565911265905635,0.9680654604262312,4.191967566400584,0,0,1,0,0,1,0,0,1,0,0,0,1,1,0,0,0,0,1,0,0
70.0,0,8.353075703704206,2.0847236545811048,5.239534282703487,0.717484353862978,7.956690009621166,1,0,0,0,0,0,0,0,1,1,1,1,1,1,1,1,1,1,1,0,1
59.0,0,8.165242946628894,0.679766793291114,10.792276106267785,0.8342463741571313,4.676346683040984,1,1,0,0,1,0,1,1,0,0,1,1,1,1,1,0,1,1,1,1,1
49.0,0,6.157127099021892,2.7725139720892575,8.172796103928974,1.4598434267385185,11.882757749498484,1,0,1,1,0,1,0,1,1,0,1,1,1,1,0,1,1,0,0,1,1
56.0,0,3.7972336568137823,2.894416645440556,11.466211299032533,1.0200899376058343,8.704892563644819,0,0,1,1,0,0,0,1,0,0,0,1,0,0,1,1,1,0,1,1,1
31.0,1,2.627830100256117,0.6942810459793137,10.448132036824553,0.9006992812432529,6.052260940887828,1,0,0,0,0,0,1,0,1,1,0,1,0,0,0,1,0,0,0,1,0
49.0,1,1.1481557503099804,1.8309005871532873,9.543774350189338,1.0214220423483238,8.509741436380942,0,0,1,1,1,1,0,0,1,0,1,1,0,1,1,0,0,0,1,0,1
75.0,0,3.613487066516885,1.258410705535426,4.0402040269224955,1.2789885058996087,4.614936827054039,0,1,0,1,1,1,1,1,0,1,1,0,0,1,0,1,0,0,0,1,0
22.0,0,4.1904079203564235,1.482097691203506,8.014112478059428,0.8401089365028688,10.399130434150536,1,0,0,0,0,0,0,1,1,1,0,1,0,1,1,1,0,0,1,0,1
52.0,0,6.790646958530329,0.9491280448883548,5.579890253216258,0.6787061209326088,11.40262443091331,0,1,0,0,1,0,0,0,0,0,0,1,0,0,0,1,1,0,0,0,0
40.0,1,6.615782260545977,1.9451802550310313,11.286383288390942,1.0849361183390478,10.995555105649277,0,0,0,1,1,0,0,1,1,0,1,1,0,1,1,0,0,0,1,0,1
46.0,1,0.7940705824484439,2.8949483831222267,5.396671877410882,1.1652041034810672,6.734060818388502,0,1,0,1,1,0,0,0,1,1,0,1,1,0,1,0,0,0,0,0,1
60.0,1,4.013067222768462,1.7576815006790225,6.288480413274284,1.2127180029585496,6.606144957146948,1,0,0,0,0,0,0,1,0,1,1,0,1,0,1,1,0,0,1,1,0
28.0,1,1.899610785451883,0.7072864534862029,8.134694141875993,1.3819875907661296,4.2807008897304,1,0,1,0,1,0,0,0,1,1,0,1,1,1,1,1,1,0,1,0,0
35.0,0,1.6524457826363765,2.050003333693521,6.106908951984634,0.871174120689113,9.211202869607334,1,0,0,0,1,0,0,0,0,0,0,0,1,1,1,1,1,1,1,1,1
64.0,0,8.290291282398735,1.3505574861281426,5.678917418232969,0.5753548962288918,8.27923827351836,1,0,0,0,0,1,1,1,0,1,0,1,1,0,0,1,1,1,0,1,1
29.0,0,0.5149606454909496,2.6398129739782448,8.014112478059428,1.4583485836309422,7.674770970618731,1,1,0,0,1,0,0,0,1,0,1,1,0,0,0,1,1,1,0,1,1
26.0,1,4.249910471431001,1.5866953707911755,4.711436182040191,0.9350119274374752,11.261047626677655,1,1,0,1,1,0,1,0,1,0,1,1,0,0,1,0,0,0,1,0,0
27.0,0,1.7652161920885303,0.9820990223556141,4.465342069767398,1.1232575096731314,5.3430312086627705,1,0,0,0,0,1,1,1,0,0,1,1,1,1,1,0,1,0,1,1,0
75.0,1,8.805369135216893,0.9777640567278624,6.977962361488571,1.1663053231282923,4.077330133521459,1,0,1,0,0,0,1,0,1,0,1,0,1,1,0,0,1,1,1,0,0
61.0,1,5.614701081422847,2.421910451802901,9.765315636062898,1.0465137087012035,4.586531616966123,0,1,1,0,1,0,1,1,1,1,0,1,1,1,1,1,0,1,0,0,0
34.0,0,2.3906683001307956,1.1639689957683999,8.438454066191584,0.7052575297362701,5.786971502618951,1,1,0,0,1,1,1,0,0,1,1,0,0,0,1,0,1,1,0,1,0
78.0,0,5.074030142947127,2.4180834853980575,7.383011747734231,1.2551430501161414,4.266284394107656,0,1,0,1,1,0,1,1,0,1,0,0,0,1,1,1,1,1,1,0,1
55.0,0,7.3417149610608465,1.0147182769164984,8.526012513796658,1.3037519743040815,8.022749685145083,0,0,0,1,0,1,0,0,1,1,1,1,1,1,1,0,0,1,1,1,1
24.0,1,9.585368288302394,1.3042159217532734,6.923611877226189,1.05297558601744,6.512723641868624,1,1,1,1,0,1,0,0,0,1,1,0,0,1,0,1,1,1,0,0,0
63.0,1,2.282415442029648,1.6637174310992484,11.489170683456903,0.9885611605848416,5.443864064545061,0,0,1,1,1,1,0,1,1,1,1,0,1,0,1,0,1,0,0,0,1
30.0,0,8.873199544080517,2.857989624233627,4.439239127286195,0.6139381831279853,10.000672599589297,0,0,0,1,1,1,0,1,1,1,0,1,1,1,0,1,1,1,0,0,0
57.0,0,9.349610730258153,2.8293285618845614,9.387131832238682,0.5839516614997838,5.63561060986024,1,1,1,1,1,1,0,0,1,0,0,1,0,1,0,0,1,1,1,0,0
59.0,1,9.172563390867456,1.0171796885557196,11.130261318622004,0.8395648455635287,9.500840807950347,0,0,0,0,1,1,1,1,0,1,0,1,1,1,0,0,0,0,0,1,0
26.0,0,6.390602132932907,1.395547603107682,10.431077669882027,0.8108461555173933,6.794119246781111,1,0,0,0,0,1,1,1,0,0,1,1,0,1,0,1,0,0,0,1,0
67.0,1,6.335224478903606,0.8734984711344308,5.472328278571574,1.4536564509632712,8.094622085300436,0,1,1,0,1,0,1,0,1,0,1,1,1,1,1,1,1,1,1,1,0
44.0,1,4.091785268519845,1.7749626982837428,6.367410791842307,1.2836227424434297,11.470936318810558,0,0,1,1,0,1,0,1,0,1,0,1,1,0,0,1,0,0,0,0,1
75.0,0,7.5487390348075,1.6514563767366663,9.736383509656838,1.15992429525906,4.298813078526503,1,1,1,1,0,1,0,0,0,1,0,0,0,0,1,1,0,1,0,0,1
19.0,0,5.359810781674226,2.751900406126831,4.674164473446124,1.0176480890176052,8.002116059819695,0,1,1,1,0,0,0,1,0,1,0,1,0,0,1,1,1,1,1,0,1
22.0,0,6.806636905160115,2.8250134444776815,10.494893598660672,0.6673675307266513,10.835383682620947,0,1,1,0,1,0,0,0,0,1,0,0,0,0,0,0,1,0,0,1,1
46.0,0,4.341733248103075,1.4589184775182302,9.751255556838323,1.4784566721842838,8.703793986962788,1,0,0,1,0,1,1,1,0,0,1,1,1,0,0,0,0,0,1,1,0
54.0,1,7.341814994027077,1.7293448575474737,9.83685319388274,0.87504069824021,6.214964135721253,1,1,1,0,0,1,1,0,1,0,1,0,1,1,1,0,0,0,1,1,1
55.0,1,8.262268024285035,2.7405906228653327,4.801930962140731,0.6069256024472448,7.181449081160275,0,1,0,1,1,1,0,0,0,0,1,0,1,0,1,1,1,1,1,1,1
36.0,1,1.5497189403678797,1.6994873972351736,9.742084358529848,0.9937988957157461,9.442125029828595,0,0,1,0,1,1,1,1,0,0,1,0,1,0,0,0,0,1,1,1,0
25.0,0,8.346004184184856,0.5091407783616232,8.014112478059428,1.3739980116130832,11.126495154510424,1,0,0,1,0,0,0,1,0,1,1,1,1,1,0,0,0,0,0,0,1
65.0,1,5.448935664724042,1.3001489104589563,10.647379926574803,1.3872910017773294,4.328530989972893,0,1,1,0,1,0,0,0,1,0,0,0,0,0,1,0,1,1,1,1,1
49.0,0,8.46219249999322,1.5544356048403147,4.332767650051756,0.5109659160564473,4.572310575123011,1,0,1,0,0,1,0,1,1,0,0,1,0,0,0,0,1,1,0,0,1
18.0,0,4.369886892776044,1.0742907092080793,4.184885347742338,1.3862957447513997,6.6004121888767004,1,0,0,1,1,0,1,0,0,1,1,0,1,0,0,1,1,0,0,1,1
39.0,0,3.852500805292047,0.9989290397398469,6.984056799028486,0.7714842174998585,5.862237475499832,1,0,1,1,0,0,1,0,1,1,0,1,0,0,1,1,1,0,0,0,0
69.0,0,9.159101251920502,0.5944612664891992,5.190306270793223,0.5389723639684231,6.119447089779248,0,0,0,0,0,0,1,1,0,1,1,1,0,1,1,0,0,1,0,0,0
34.0,0,2.586575748729173,2.1084243126744013,8.467075820561774,1.3477902703628744,5.770159989007047,0,0,1,1,1,0,0,1,1,0,1,0,1,1,1,0,1,1,1,1,1
24.0,0,8.457702020332816,1.1562757262079142,11.33879121205399,1.3638667559882083,5.566600390841262,0,1,0,1,1,1,0,1,1,1,0,1,0,0,1,0,0,0,0,0,0
42.0,1,4.8918036678431,0.6308679460782827,7.131837842672126,1.09623107984235,5.044991734954334,1,1,0,0,1,0,0,0,0,1,0,1,1,0,1,0,0,0,0,0,1
62.0,0,5.189544881257471,1.0774482763201592,10.759603018180833,1.0744337572963585,11.471633054361904,0,1,1,0,0,0,1,1,1,0,1,1,1,1,1,0,1,0,0,0,1
21.0,1,3.153835986745892,2.5047848820903162,4.001926996142932,1.3131202726214193,5.1535157112492245,1,0,1,0,0,1,0,1,0,1,1,0,0,0,0,0,0,0,1,0,1
53.0,1,5.773117786128255,2.6287229541163666,5.348117147673474,1.28630955271028,5.635230198124289,0,0,1,1,1,0,0,1,0,0,0,1,0,1,1,1,1,0,0,0,0
23.0,0,3.3195908431344923,1.7076656129832566,4.243388317232685,1.390105473442704,5.970125791846286,1,1,1,0,0,1,1,0,1,1,0,1,1,1,1,0,1,1,0,0,0
77.0,0,0.48876720099235793,1.5401766760217155,6.625177444120549,1.0527474475967034,11.464118985043363,1,1,1,1,1,1,0,1,1,1,1,0,1,0,1,0,0,0,0,0,1
48.0,0,2.792786192909125,2.944634233754454,11.265516765572023,1.4676470927328087,10.045713068808677,0,1,0,1,0,0,1,1,1,1,0,0,1,0,0,0,0,1,0,0,0
36.0,1,0.16315252972524774,1.0014116489701748,4.775616988791902,1.4961468309333386,10.317595442524118,1,0,1,0,0,0,1,0,0,1,1,1,0,0,0,0,0,1,1,0,0
78.0,0,9.78571239186288,1.0383982071365212,8.851278213950403,0.6165446099986326,4.838066076307984,0,1,1,1,1,1,0,1,0,0,1,0,1,0,1,0,1,1,1,1,0
61.0,1,9.6608973772155,1.2296679425909993,7.6119675129555535,1.349543759554122,10.690479000125373,0,0,0,1,1,0,0,0,0,0,0,1,1,0,1,0,1,1,1,1,0
71.0,0,4.01203744497582,0.9318932957027183,11.507745698926499,0.999822257748589,7.265544654539344,0,1,0,0,0,1,0,1,1,0,0,0,1,0,0,0,1,0,1,0,1
56.0,0,7.310871457962495,1.4484139955104665,4.980153140296751,0.8875663382998321,6.10258420969911,0,1,1,0,0,1,0,0,1,1,1,0,1,0,0,0,0,1,1,1,1
44.0,1,4.961471685657772,2.7770855674743844,5.6962228040178315,1.1130723098827149,8.606000668162483,0,0,0,1,0,0,1,0,1,0,0,0,0,0,1,0,1,1,0,0,1
27.0,1,6.743822255151163,2.0383696015714357,4.236335748891946,0.555965557262007,10.57746324653387,1,0,1,0,0,1,1,0,1,0,0,0,1,0,0,0,1,0,1,1,1
43.0,0,8.073757426155193,1.529866371530659,7.47148199705099,1.00646111876708,10.229217208599275,0,1,0,0,1,1,1,1,0,1,0,1,0,0,0,1,0,1,1,1,1
36.0,1,9.472886822453184,2.836026986428037,6.222663196517234,1.3708905700266667,11.119979860649057,1,1,0,1,1,0,1,1,1,0,0,0,1,1,0,0,0,0,0,1,0
56.0,1,4.961471685657772,0.6211605811895557,10.959247471122566,0.7134615161389688,11.425057488123551,0,1,0,0,1,0,1,0,0,0,0,1,1,0,1,0,1,0,1,1,0
79.0,1,7.854650031264872,1.0256904447546535,8.83952650558204,0.9263898947694251,5.904976571421996,1,0,1,0,0,1,1,1,0,0,1,1,1,0,0,1,1,0,0,1,1
20.0,1,2.7326916612579764,1.9147215127543975,8.912725903805613,1.4394808877148755,7.390863153354173,1,0,0,1,0,0,1,1,0,1,0,1,1,1,0,0,1,1,1,0,1
62.0,1,9.904289807557118,2.038881557982948,8.255285575050419,0.9285638378056973,4.11702831364056,0,1,1,1,0,1,0,1,1,0,0,0,0,1,1,0,0,1,0,0,1
30.0,0,0.3551190277670764,0.5988937664065328,4.734802697833608,0.8583676323323983,11.03457327412048,1,1,1,1,0,0,0,0,1,1,0,0,0,0,0,0,1,1,0,0,1
67.0,0,6.074935184361097,1.5075968947678304,7.560149469802842,0.9405366481233782,5.23657721179814,0,1,1,0,1,1,0,1,1,1,1,0,0,1,0,0,1,1,1,0,0
45.0,1,6.629109218348138,2.1228849120771818,11.996041517668132,1.0194527665175563,10.891798498741554,0,0,0,0,1,0,0,0,1,0,1,0,1,0,0,1,0,1,0,0,0
79.0,0,6.9116510150338755,2.2451763660085042,10.681834326768119,1.1319913441314688,6.635098575892771,0,1,1,1,1,0,0,0,1,0,1,1,1,1,1,0,1,0,1,0,1
75.0,0,1.2918370300119812,2.0953497562906733,11.147672433336927,1.3006928009167311,6.945068719849106,1,1,0,0,0,0,0,1,1,0,0,0,0,1,1,0,1,0,1,1,1
37.0,1,9.391444856383991,1.3014080609023113,10.585810873971996,0.9521022057643143,4.313058035870875,1,0,0,0,1,0,1,1,1,1,1,1,0,1,1,0,1,1,1,0,0
45.0,0,1.89371446259582,0.7338003089947738,4.8243335474478615,1.3174809350901402,6.615030318122557,1,1,1,0,1,0,0,0,1,0,0,0,0,0,0,0,0,1,1,0,1
25.0,1,6.265258692074426,1.5677811160483353,5.819586032518397,1.0337206613520806,11.106909462410112,1,1,1,0,1,1,0,1,1,1,0,0,1,1,0,0,0,1,0,1,1
78.0,1,2.304493183318541,0.8218860934201386,4.024973210851277,0.8384805103679777,4.204379208972833,0,0,1,1,1,1,1,1,1,0,1,1,1,1,0,1,0,1,0,1,1
58.0,0,3.141442528510582,2.8690591463016677,6.428080999024892,1.1579508281194142,7.250619784373803,0,0,1,1,0,0,1,0,1,1,1,0,0,1,1,1,0,0,0,1,1
56.0,1,5.509939563108431,1.6879271650565706,4.868859218771941,1.2177222547434914,4.251197038501929,1,1,1,0,0,1,0,1,1,0,1,0,0,1,1,0,1,1,0,1,0
18.0,1,4.230214843789307,1.293147935892169,7.782346762412664,1.0580489756294875,6.96738740087252,1,0,0,0,1,0,1,0,1,1,1,1,0,1,0,1,0,1,0,0,1
20.0,1,1.6862334496674125,2.4157601777972504,9.417019908591215,0.5566149731347234,5.381125126242329,0,0,0,0,1,1,0,0,1,1,0,0,1,1,1,1,0,1,1,0,0
30.0,1,1.7922703839663983,1.7448714814556596,10.996042360304617,0.6698828751608249,6.017747146146976,1,0,1,1,1,1,1,1,0,1,1,1,1,0,1,1,0,1,0,1,0
49.0,1,4.239633402811716,1.2750850600311252,9.993737320727185,0.7852977208902282,11.020786985291352,0,0,1,1,1,1,0,0,0,0,0,1,1,0,0,0,0,1,0,0,1
79.0,0,7.597101484927457,2.5299193559770043,11.508684766228042,0.7826256059514931,7.488393764975128,1,0,1,1,1,0,0,1,0,1,1,0,1,0,0,0,1,0,0,0,1
74.0,0,4.961471685657772,1.6994873972351736,4.43118632315031,1.1734208002468707,6.1903839312152975,1,0,0,1,0,0,0,1,1,1,1,1,1,1,1,1,0,0,0,0,1
77.0,1,0.9328638563678902,2.1825204157216924,4.0974386833323315,0.5183486616736326,8.714707023604383,1,0,0,1,1,1,1,1,0,1,1,1,0,1,1,1,1,0,0,1,1
66.0,1,3.991728684838071,0.6174110560191682,9.290704910689701,1.2556817770495199,5.136855678660659,0,1,1,0,1,1,1,0,1,0,0,0,0,1,1,0,0,1,1,1,0
42.0,0,1.0924310808564788,1.9158072004163302,6.31481928177797,0.7653424748069332,6.075132859366847,0,0,1,0,1,1,0,0,1,1,1,0,1,0,0,1,1,1,0,1,1
73.0,1,0.264265558262719,2.408237279993204,6.028008128846185,0.8100218462161024,8.369983740823109,1,0,0,1,0,1,1,0,0,1,0,0,0,1,1,0,0,0,1,0,1
50.0,0,6.65101495817517,0.8412575302089554,6.647096701550354,1.0279098279439243,5.900184334784551,1,0,0,1,0,0,1,1,1,0,0,1,1,1,0,0,0,0,1,1,0
55.0,1,4.961471685657772,1.0716768784615085,6.158368463138913,0.7159256009389575,9.433021899206986,1,0,1,0,0,0,0,1,1,1,0,1,0,1,1,1,0,1,0,1,1
70.0,1,1.7138892267673735,2.706237762670341,8.091491250412698,1.3844713135755276,7.93193041807618,1,1,1,1,0,1,0,0,1,0,0,0,0,1,1,0,1,1,1,1,1
23.0,1,2.414747047621335,0.5503043046326851,7.52118757779306,0.5853687793265653,10.175912562037528,1,1,0,0,0,0,1,1,1,0,0,1,0,1,0,1,0,0,0,0,0
75.0,1,0.334706761080732,2.38181784456494,8.09942841101325,0.9443823623010649,11.585956285779748,1,0,0,1,1,1,1,1,0,0,0,1,1,1,0,1,1,0,0,1,1
61.0,1,8.365977336374597,1.6844332312860573,9.38170889200349,1.34942226945489,4.926439114779262,1,1,0,0,1,0,0,0,1,0,0,0,0,0,1,1,1,0,0,1,0
62.0,1,9.74943690088066,1.6169303970990172,7.0970440717691865,1.1158438944212357,6.677320079876359,1,1,0,1,0,1,1,0,0,1,0,0,1,0,1,0,1,0,0,0,1
49.0,1,1.441049414267439,0.5177413312372179,6.010461497137254,0.7923295158426334,6.5563925030272525,0,1,0,0,0,0,1,0,0,0,0,0,0,0,0,1,0,1,0,0,0
62.0,0,2.3916046162764517,2.548495577416232,5.329604294469964,0.9207602077764607,5.209463354698034,0,1,1,0,0,1,1,1,1,1,1,1,0,1,1,0,0,0,0,0,0
78.0,0,8.697254287074648,1.3995622515914161,6.795792956261004,1.2066943803425145,10.482425098667767,0,1,1,1,1,0,0,1,0,0,1,1,0,0,0,1,0,0,1,0,1
64.0,0,9.27199159976623,1.8519140782513572,9.934451801969377,1.4732607433638993,10.07902963231032,0,0,0,1,0,1,1,1,1,1,1,0,0,1,0,0,0,1,0,0,0
38.0,1,4.254311089787422,2.1932517158391485,8.014112478059428,1.3931387183794335,7.875403766675192,1,0,0,1,0,0,1,0,1,1,0,1,0,1,1,1,0,0,1,1,1
33.0,1,0.6011624754638338,2.2565739410947896,9.335243093473682,0.8424328083823768,8.302166222356878,0,0,0,1,0,1,0,0,0,1,0,0,0,0,0,1,1,1,1,1,1
71.0,1,0.4899791535589121,2.8899501470651807,5.872225402454997,1.4981978792878574,4.47635310401997,0,1,0,1,1,1,1,0,0,1,1,0,1,1,0,0,0,0,0,1,1
38.0,1,5.782103674083203,1.8283498830915228,8.70468996683758,0.5035046635310583,8.444058818616366,1,0,1,0,0,0,0,0,0,1,1,0,1,0,1,0,0,0,1,0,1
28.0,1,3.9896615780424725,1.499298877436069,8.565517292614784,0.5276297558084151,10.330732192157091,0,1,1,1,1,0,0,1,1,0,0,1,1,0,1,1,0,1,1,0,1
77.0,1,0.3836590330187797,2.8842590662292698,7.874129584877804,1.3238405151711938,8.590620588670857,0,0,1,1,1,0,0,0,0,1,1,1,1,0,1,0,1,0,1,0,1
54.0,1,5.874198683894312,2.1052755875638027,8.399831891070914,0.699462686833052,6.122450960963351,0,0,1,1,1,1,0,1,0,1,0,1,1,1,1,1,0,1,1,0,1
53.0,0,0.21189511223132246,1.245375890691389,7.9343250609893445,0.5607692683962409,9.340386178674699,0,0,0,1,1,1,0,0,0,1,1,1,1,1,1,1,0,1,0,0,1
52.0,1,7.894982385677802,0.8161606135089279,8.523650928592865,0.7371480732365022,6.891907439721981,0,0,0,0,1,1,0,1,1,0,0,1,0,1,1,0,0,0,0,1,0
36.0,0,3.1336849447633788,2.6063862536629534,9.72404763696903,0.9261001539808602,8.358986274285883,1,1,1,1,0,0,1,0,1,0,0,1,0,0,1,0,0,1,1,1,1
37.0,0,4.961471685657772,1.405454006985379,4.877025555227518,1.2305662704334048,7.900522906231398,1,0,0,1,1,1,0,1,0,0,0,0,0,0,1,1,1,1,0,1,0
74.0,1,5.924686987733217,2.1511743034110777,9.99700601719219,1.1243355265512056,7.049400007721441,1,0,1,1,1,0,1,1,0,0,0,0,1,0,1,1,1,1,0,0,0
35.0,1,4.0370757028872415,1.6770410484147453,5.087089201020754,0.7376212175604204,9.751023843153082,0,1,0,1,1,1,0,0,0,0,1,0,1,1,0,1,0,0,1,1,0
64.0,0,4.961471685657772,0.9973244494875959,4.533023987282998,1.0032704481005843,11.071008895887054,0,1,0,0,0,1,0,1,1,0,0,0,0,1,1,1,1,1,1,0,0
58.0,0,5.4875667587866515,1.6994873972351736,11.80863748977174,1.4262141053985689,4.0417001478153995,0,0,1,0,1,1,1,0,1,1,0,1,0,1,0,0,1,0,0,0,1
66.0,1,2.8248678922663824,0.6517076723767058,11.655934150963532,1.3150077769837578,11.468932153842939,1,0,0,0,1,0,0,1,1,0,1,0,0,1,1,1,1,1,0,1,1
31.0,1,7.12344475987635,1.5333561496779806,4.483492359524512,0.8231897848317934,8.092121088665799,0,1,0,0,1,1,0,0,1,1,1,0,0,0,1,0,0,1,1,0,0
32.0,0,2.787770825172842,1.8665373491591777,7.546027531799697,1.4822645613556964,9.605855042906121,0,1,0,0,0,1,0,0,1,1,1,0,1,1,0,1,1,1,0,1,0
48.0,1,9.052008584934894,1.5901174352964476,8.014112478059428,1.208620400435131,10.844996529407016,0,0,1,1,1,0,0,0,0,1,0,1,0,1,0,0,0,1,1,0,0
18.0,1,3.809747508023027,1.6994873972351736,7.882759177075345,0.5624493556667818,7.73682953851416,0,1,0,0,1,1,1,1,0,1,0,0,1,0,0,1,0,1,0,0,1
70.0,1,5.543698771484432,2.569812386363281,10.6414179439967,0.5351607132886387,10.679792586919122,1,1,0,0,1,0,0,1,1,1,1,0,1,1,0,0,1,1,1,1,1
71.0,0,0.6006737278598657,2.428107685082945,11.604894197943121,0.66840794901003,5.420958555641618,1,0,0,1,1,1,0,0,1,1,1,0,0,1,1,1,1,0,1,0,1
71.0,0,4.318600255727085,0.5970323695295052,8.014112478059428,1.2278558680501468,5.273340275838516,0,0,1,0,1,1,0,1,0,0,1,0,1,0,1,0,1,0,1,1,1
20.0,0,8.34039904264385,0.9853219261149305,6.831245337694536,0.6837389258424279,9.259770950849228,1,0,0,0,1,0,1,0,0,1,0,1,1,1,1,0,0,0,0,1,1
49.0,1,8.075923173097086,1.8415187731594358,8.826604525156787,1.0114867692088336,10.961144044413897,1,1,0,0,1,1,0,1,0,0,1,1,0,0,1,0,1,1,0,1,0
40.0,1,2.32075373264991,2.8370551011095033,6.496010448867603,0.5932601201808317,11.139409420288315,1,0,1,0,0,0,0,0,0,1,1,0,1,1,1,1,0,0,1,1,1
74.0,0,2.3381828030045706,2.5873919376302923,11.278589126656483,1.420886157830195,9.149923667017973,0,0,0,1,0,0,1,0,0,1,0,0,1,0,1,0,1,1,1,1,0
28.0,0,8.191322590911044,2.6063362708795044,8.014112478059428,0.8439606135835676,8.20391384167454,1,0,0,0,0,1,0,0,0,1,0,1,0,1,0,0,1,0,0,1,0
29.0,0,9.310944359676322,1.2580204843991871,8.014112478059428,1.4081320565606308,6.65114470157213,1,1,0,0,1,1,1,0,0,1,0,1,0,0,1,1,1,1,0,1,0
27.0,1,1.0440731206027352,1.5736197426967564,6.598391323042884,1.4448756419105444,11.840003324794651,0,0,1,0,0,1,1,0,0,0,1,1,0,1,0,1,0,0,1,1,0
49.0,0,4.55558053031963,1.6994873972351736,6.347117404663827,0.5061286473136808,6.557565493330004,1,0,0,0,1,1,1,1,0,0,0,1,0,1,1,1,1,0,0,1,1
33.0,0,3.440797361745867,0.8934289583747761,4.267343957640476,0.964135187198732,9.953488857852745,1,1,0,0,0,1,1,1,0,0,0,0,0,0,1,0,0,0,1,0,1
25.0,1,8.71981570902865,0.5776703256111408,10.526566808202361,0.5246560557068929,8.255854399240006,1,1,1,1,0,0,1,1,0,0,1,1,1,0,0,0,1,0,1,0,1
55.0,1,0.9268966553321858,2.867257248651292,7.603065704312064,1.4086927663029059,8.868098740202774,0,0,1,0,1,0,0,1,1,1,0,0,0,0,1,0,0,1,1,0,1
29.0,1,2.1901468313245704,1.1017814641587669,6.601063427202115,1.018407544734576,7.1478444047090095,0,0,0,0,1,0,0,0,1,1,1,1,0,1,1,0,1,1,0,1,1
41.0,0,7.549436542106294,1.6994873972351736,7.768882839982031,0.5749440126984968,11.718585003777982,1,0,0,1,1,0,1,0,1,0,1,0,1,0,0,1,1,1,0,0,0
45.0,1,0.6078091049140343,0.7084476344218988,10.549903923637217,0.6102767282765669,8.57345860879417,0,1,0,1,1,0,0,0,0,1,0,1,1,1,0,0,1,0,1,0,1
70.0,1,4.9761002690714635,2.821269379859446,4.9969136616601695,0.883509024492739,11.50230104367032,0,0,1,0,1,1,0,1,0,1,1,0,1,0,1,1,1,1,0,0,1
25.0,0,4.476859643329228,1.94934278734943,10.861247905934619,1.4402341928728895,4.060731329391313,0,0,0,1,0,0,1,0,1,0,1,1,0,1,0,0,1,1,0,1,1
75.0,1,3.410571671988612,2.1675921428133846,11.180070680866832,1.192909151568081,8.581364665528968,1,1,1,0,1,0,1,1,1,0,1,1,0,1,0,1,1,0,1,0,0
45.0,0,4.006265921657345,1.6994873972351736,11.573663320271105,1.3676188661891324,9.737495117802172,1,1,0,0,0,1,0,1,0,1,0,0,0,0,0,1,0,0,0,1,0
53.0,0,5.346411810609306,1.3640504222519738,7.179903939381022,0.8664566463399797,9.960641369297743,0,0,1,0,0,1,0,1,0,0,1,0,1,1,1,0,1,0,1,0,1
43.0,1,4.961471685657772,2.05376827784521,5.737123232301375,0.5432136995499983,11.239815054253452,1,1,1,0,1,1,1,0,0,1,1,1,0,0,0,0,1,0,1,1,0
25.0,1,5.762759195007568,0.5969986368222187,6.989126547733588,1.4743176372044142,4.03521287203029,0,0,1,1,0,1,0,1,1,1,0,0,1,0,1,0,0,1,1,1,0
75.0,1,8.073780060069865,0.9669313205778234,6.663296769851226,0.5171729906623695,4.0026412740758115,0,0,0,1,0,0,1,1,0,1,0,0,1,0,0,1,0,0,1,0,0
77.0,1,7.625593204922574,2.578114512724856,5.40923130002288,1.447651653081089,7.7781076863617225,1,1,1,1,1,1,1,1,0,1,1,1,1,1,0,1,1,1,0,1,0
67.0,1,1.6236090564683596,2.416920890845839,8.858133360811904,0.8686774238491447,4.234349640042965,0,1,1,1,1,0,1,1,0,1,1,1,1,1,0,0,0,0,0,1,1
45.0,1,1.577569750440592,1.3766067286428672,7.812993284069031,0.5100904050218815,11.796260429298997,0,1,0,0,0,1,0,1,0,1,0,1,1,1,0,1,0,0,1,0,1
45.0,0,2.754926240674642,1.4420265694355312,10.92560793859203,1.1891572317245083,5.776521396331136,0,1,1,0,0,1,1,0,1,1,1,0,1,1,1,0,1,0,0,0,0
54.0,0,3.6746397907762685,1.8338860838839486,4.256876643856466,1.4805403040313543,7.781317834918758,0,0,1,0,0,0,1,1,1,0,0,1,0,0,1,0,0,0,0,1,0
58.0,1,4.143710255943978,0.5006025117128363,9.15094342044101,1.4656257228375926,4.489101040097789,1,1,0,1,1,0,1,1,0,0,0,1,1,1,1,0,1,1,1,1,0
53.0,0,6.829002446650118,1.1031108400950695,10.103591028092488,0.6609370112024184,8.176387329370069,0,1,1,0,1,1,1,1,1,0,0,0,0,0,0,0,0,0,1,0,0
44.0,1,0.6611362784417705,1.0205795215205362,10.075892553506456,0.681247806066155,7.039649001179268,1,0,0,0,1,0,1,0,1,0,1,0,1,1,0,1,0,0,0,1,0
71.0,0,0.4432597718380572,1.1262073668744086,11.0885917367642,1.06553891461966,4.35728023101779,0,0,0,0,0,1,0,1,0,0,0,1,1,1,0,0,0,1,0,0,0
34.0,0,3.9799145731446997,2.5147646063336033,9.832269942635953,1.1373048264283243,6.680994133569798,1,0,0,1,1,1,0,0,1,1,0,0,1,1,1,1,1,0,1,1,1
26.0,0,7.001920552166006,1.199184641366108,11.42248049318157,1.2394179136658656,7.131488161782845,0,1,1,1,1,0,0,1,0,1,0,0,1,1,0,1,1,1,1,1,0
50.0,1,2.0150098952691775,1.6994873972351736,6.661252798567132,0.6810503604721475,11.919371930199521,0,0,0,1,0,0,1,0,0,0,1,1,1,0,0,1,1,1,1,0,1
70.0,0,6.450894364436892,1.7606586519825789,8.025675334012345,1.4590070867644345,5.663086975355004,1,1,1,1,0,0,0,0,1,1,1,0,1,1,1,1,1,1,0,0,1
37.0,1,2.672298565608965,2.66411259093183,4.112637306263125,1.138739256289238,8.358236922960797,1,1,1,0,0,1,1,0,0,0,0,0,1,0,0,1,1,0,0,1,1
30.0,0,8.872252477253811,1.1033742595937497,4.05566069842633,1.347046918870555,11.898524393589028,0,1,1,0,1,0,0,1,0,1,0,0,0,0,1,0,1,1,1,1,0
49.0,0,8.967330448239503,0.6963406069819967,5.921012963612159,1.0400657152841717,10.336153663521081,0,1,1,0,1,0,0,1,0,1,1,1,1,1,1,1,0,0,0,0,0
65.0,0,3.0431433223851325,1.3910118396241617,4.806457577112682,0.9142768475898826,11.94694000705671,0,0,0,0,1,1,1,1,0,1,1,0,0,1,1,0,0,1,0,1,1
46.0,0,2.376938164236081,2.3691295614124446,8.014112478059428,1.477182906594996,11.746386517281355,0,0,0,1,1,0,0,1,1,0,1,1,1,0,0,0,1,1,0,0,1
30.0,0,4.171909323455689,1.6994873972351736,5.416346356227179,1.082121370819836,7.916316336753234,0,0,1,0,1,0,0,0,0,1,0,1,1,1,0,0,0,0,0,0,0
63.0,1,4.961471685657772,2.5419834239358687,4.228160198709186,1.366873582799179,9.571006798964525,1,0,1,0,1,0,0,1,1,0,1,0,0,1,0,0,1,1,1,0,0
52.0,1,6.756600048587866,2.898980369023085,11.274433171248395,1.4532923963662898,4.883545015529209,1,0,0,1,1,0,1,1,1,1,0,1,0,0,1,1,1,0,0,0,0
78.0,0,8.278040377028027,2.4816561918790425,4.065785051111132,1.1753546270086592,7.529190600374415,0,1,0,0,0,1,0,0,1,0,0,1,1,1,0,1,0,1,0,0,0
23.0,0,4.961471685657772,2.0095076971093837,9.888657154696684,1.048938678518675,10.472148338133579,1,1,0,0,1,0,1,0,0,0,1,1,0,1,1,0,0,0,1,0,0
35.0,0,8.26106942776856,1.7333539701309513,5.217183095356132,0.5035108509106506,8.042682567817147,1,1,1,1,1,1,1,0,1,0,0,0,1,1,1,0,1,0,1,1,1
68.0,0,4.030222405853994,0.6001727158706667,11.2978369759968,0.540019640739006,9.621592262537856,0,1,0,1,0,1,1,0,1,1,0,1,0,0,0,0,1,1,1,0,0
22.0,1,1.6475380100177226,1.6994873972351736,11.142367516719087,0.7008512160511163,9.966010639874217,1,0,0,0,0,0,0,1,1,1,1,1,0,0,0,0,0,1,1,1,1
49.0,0,7.405714379236162,1.4587028064376062,9.23120917095406,0.6860084318559952,6.027753129943151,0,1,0,0,0,1,0,1,1,1,0,1,0,0,1,0,0,0,1,1,1
42.0,1,3.6686976009013836,0.8805705347921671,9.377873198404842,0.7547587951998453,11.005594983540524,1,1,1,0,0,0,1,0,1,1,0,1,0,1,1,0,0,1,0,0,1
19.0,0,6.745581169768411,2.166772138491142,4.042713135757508,0.8049346376976608,7.678579447273432,1,1,0,0,1,1,1,0,1,0,1,1,0,1,0,1,1,0,0,0,1
27.0,1,2.7793750256194802,1.2107207227386483,11.878972528908816,0.8600654935507283,5.68148082897235,1,1,0,0,1,0,0,1,1,1,0,1,1,0,0,1,1,1,0,1,0
73.0,0,4.961471685657772,1.964445677327619,11.022660828606515,0.9205376900688765,10.92332705430755,1,1,0,1,0,1,0,0,0,0,1,1,0,1,1,1,1,0,1,1,1
47.0,0,9.926559775328858,1.966919769611478,11.160849805840737,0.5988663384560147,7.342550448850029,1,1,1,0,0,1,0,0,0,0,1,0,0,0,1,1,1,0,1,0,1
67.0,1,1.6463949285129331,1.614324552257173,9.273956296406975,0.542361931952782,10.002499507037758,0,0,1,0,1,1,0,0,1,1,0,0,0,0,0,0,1,1,0,1,0
76.0,0,9.885367840238462,2.5902965388626065,8.014112478059428,1.1739444490730233,8.384264577772743,1,0,0,0,0,1,1,1,1,0,0,0,1,1,1,1,0,0,1,1,0
62.0,0,9.775071332407828,1.1624176538886075,11.149189192723846,1.0373348248430778,7.054974017876003,0,1,1,0,0,1,0,1,0,1,1,1,1,0,0,1,1,0,1,0,1
22.0,0,7.9587992286895926,1.6215814790443355,6.332135425209539,0.9441442022201196,10.479011320308555,1,1,1,0,1,1,1,1,1,1,1,1,0,1,0,0,1,1,0,0,0
72.0,1,6.628287324611776,1.8442303214774287,8.501692346737624,1.1344399411683523,8.675759453156903,1,1,0,0,0,0,1,0,1,1,0,0,1,1,1,1,1,1,0,1,0
73.0,0,5.820289797485739,2.159061801918249,4.797847778751059,1.3276794072035405,7.124496819416254,1,1,1,0,1,1,0,1,0,0,0,1,1,1,1,0,0,0,0,1,0
50.0,0,8.674405299240563,2.459929626263974,11.375645041062,0.9276929091162046,4.876782962681016,0,1,0,0,0,0,0,0,1,1,0,1,1,0,0,0,1,1,1,0,0
71.0,1,2.965451264032931,1.4870182071956402,5.126163662169707,1.1411194650519794,11.163562510133662,1,0,1,0,1,1,0,1,1,0,1,0,0,1,1,0,0,0,0,0,0
18.0,1,4.730044003600282,2.11511736024149,5.799174445843258,1.4535722238351587,4.283756682733332,1,0,1,1,0,0,0,0,1,1,0,1,0,1,0,0,1,0,1,0,1
35.0,1,4.961471685657772,0.8765273826712978,8.465073265025719,1.3396244958615608,10.905498786944449,0,1,0,1,1,1,0,0,1,1,0,0,1,1,1,0,1,1,0,1,0
49.0,0,4.170785711107961,1.6994873972351736,10.112744001703852,0.9260008105024095,6.879692199065244,0,0,0,0,1,1,0,1,0,1,0,0,1,1,1,1,0,1,0,1,0
64.0,0,4.3321158954936525,1.4576470160525088,8.954810447490392,1.144716837814743,9.114710108011247,0,1,0,0,0,1,0,1,1,0,0,1,0,0,1,0,0,1,0,0,0
66.0,0,3.369818208270636,2.323803554941096,5.857071302401249,0.6770709219159398,11.377597790685481,1,1,1,0,0,1,1,0,1,0,1,0,0,0,1,1,1,0,0,1,0
28.0,1,5.6858949851769065,0.5508527047054441,4.007544340219923,1.0605221848950899,5.213652924031187,1,0,1,0,0,1,1,0,0,0,1,1,1,1,0,0,0,1,0,1,1
38.0,0,8.520687827349649,1.0129678572620175,10.057204642459514,1.4813282911384427,8.535603805110481,1,0,1,0,0,1,0,0,0,1,0,1,0,1,0,0,0,0,0,1,0
43.0,0,2.095130942262497,1.7177063608089451,11.881658607288749,1.0183151152025223,10.115462898961535,1,0,1,0,0,1,1,0,1,1,0,0,1,0,0,0,0,1,1,0,1
42.0,1,9.35088708365907,2.6956311693308663,10.479304962448722,1.4276382991901473,10.060670661752459,0,0,0,1,1,1,1,0,1,0,1,1,0,1,1,1,1,0,1,1,0
39.0,1,6.9219677721074735,1.8181378748766928,7.681652945252923,0.9073349205032607,8.205055316796031,0,1,0,0,1,0,0,1,1,1,0,1,0,1,0,0,1,0,1,0,1
76.0,1,8.250404805532298,2.8246762057346975,11.230138091192853,1.498844827184631,8.997915679251665,1,0,0,1,1,0,1,0,1,1,1,0,0,0,1,1,1,1,1,1,0
44.0,1,5.606287857037115,1.7094922414569909,8.014112478059428,1.0792200352275578,10.060215953062755,0,0,0,1,1,1,0,1,1,1,1,1,0,0,1,1,1,0,1,0,0
66.0,1,7.817215344098228,1.7261227418398748,8.19947267394774,0.5422689942359346,10.728221102059294,0,0,0,1,0,0,0,1,1,1,1,1,1,1,0,1,0,0,1,0,1
30.0,0,0.2603839336607254,1.6994873972351736,7.817038139165466,1.086754796691388,10.09450477500691,0,1,1,1,1,1,1,1,1,0,1,0,0,0,0,0,1,0,1,0,0
50.0,1,8.2019662053174,2.5066406103805496,7.5809909813242,0.7745726956795966,6.832039545449941,1,1,1,1,1,0,0,1,0,0,0,1,0,0,1,1,0,1,0,1,1
51.0,0,0.4973747049451286,1.1174135311676563,10.201526154351246,0.5324813220358947,11.973811208461864,0,1,0,1,1,1,0,0,0,0,1,1,0,1,1,0,1,0,0,0,0
58.0,0,8.910142425992339,2.7490312234307877,8.214151258155937,1.3208533046946633,7.476021549754435,1,0,1,1,0,0,0,1,1,0,0,1,0,1,1,0,1,1,1,1,1
52.0,1,9.920431197662568,2.7770605508259902,6.5337369762017286,0.7757296369807559,4.195717622071467,1,0,1,1,0,0,1,1,1,1,0,0,0,0,1,0,0,0,1,1,1
18.0,1,3.0112678755501006,2.8582752796853743,6.065265341267827,1.2965485540464985,6.900935612683696,1,0,1,1,1,1,1,1,1,0,1,0,1,1,1,0,1,0,0,1,0
38.0,1,2.1821537072293573,1.800576222757725,4.301978535739467,0.788217582955867,5.022263636590746,0,1,0,0,0,0,0,0,1,0,1,0,1,1,1,0,1,1,1,1,1
65.0,0,7.677097302194603,2.1927344619591107,8.665561295064368,0.6943263538737743,4.971540925827,0,0,1,0,1,1,0,1,1,1,1,1,0,0,0,0,1,0,1,1,0
72.0,1,2.604960775110507,2.446289700154159,5.839691323208274,1.4739355741044275,6.252280320855155,0,0,0,1,0,1,1,1,1,0,0,0,1,1,0,1,0,0,0,0,1
23.0,1,8.669067593404813,0.8275365466261639,5.185071376131065,0.8616453277550196,4.427003953418087,0,1,1,1,0,0,1,1,0,1,1,0,0,0,1,0,1,0,0,0,0
45.0,1,1.1181416623590195,2.002392987493743,9.230639710621421,1.1013762114431604,9.508097507276505,1,0,1,1,0,1,0,0,0,1,1,0,1,0,0,0,0,1,1,1,1
34.0,1,1.346956444155647,0.5857447532582791,9.449674062572392,1.1099814928144716,4.591911073615241,1,0,0,0,1,0,1,0,1,0,1,0,0,1,0,1,0,1,1,0,1
22.0,1,9.793600395496094,1.7439152084718148,10.017239138061328,1.0604734821735018,5.626316443487649,1,0,0,0,0,0,0,0,1,0,0,1,0,0,0,1,1,1,0,1,0
48.0,0,4.961471685657772,0.8871067040505685,8.028615170708733,1.4146957435212146,4.743197715952955,0,0,0,1,1,0,1,1,1,0,1,0,1,1,0,0,1,0,0,0,1
22.0,0,4.961471685657772,1.6994873972351736,8.014112478059428,1.1744410713668685,4.505341847224249,0,1,0,1,0,0,1,0,0,1,1,1,0,1,0,0,1,1,1,1,0
55.0,0,3.3108608357800287,1.4126189167315037,11.490742027185822,0.9037330041049302,6.142013324316333,0,1,1,1,1,0,1,0,0,1,1,0,0,1,0,1,1,0,0,0,0
49.0,1,6.797189120253984,1.5810929167912575,10.458967518339914,1.3623803845242741,8.57519174128296,1,1,0,1,1,0,1,0,0,0,0,1,0,1,0,1,0,0,1,1,0
70.0,1,5.982994090355112,2.057931061330468,9.084747856065498,0.6810628991159644,11.717484451574734,1,0,0,1,1,1,0,1,1,1,1,0,0,0,0,0,0,0,1,1,0
40.0,1,6.071186189217175,0.6860710460962891,6.429767628729509,1.0442367576104175,11.00445323479685,0,0,1,1,1,0,0,0,0,0,0,1,0,1,1,1,1,1,0,0,0
54.0,0,6.857071349423443,1.7592294030936115,11.86355937296177,1.4505503719437565,11.007471403562597,1,1,1,0,1,0,1,1,1,1,0,0,1,0,0,1,1,1,0,1,0
49.0,1,5.796055813978076,0.9565628256327527,6.193089337535507,1.1253976298804127,5.408536288301261,1,0,1,0,1,0,0,1,1,0,0,1,1,1,1,0,1,1,1,0,0
54.0,1,4.347717456096393,1.9349379375793547,5.6212553759234485,1.3169684504748762,6.119257547982561,0,1,0,0,0,1,0,1,1,1,0,0,1,1,0,1,0,0,0,0,0
27.0,1,2.831634674367414,2.093511530652959,7.537232910292662,1.153560725545193,4.611146534362446,0,1,0,1,1,1,1,1,1,1,0,1,1,0,1,1,1,1,1,0,0
27.0,0,7.7089551760407,1.8917731413821346,4.454724565699108,1.3393708635378903,10.22774671932148,1,0,1,1,0,1,1,0,0,0,1,0,0,0,1,1,1,1,0,0,0
36.0,1,2.3400970570315436,2.345738776195769,11.827955717374326,1.4444878798452436,4.558530411884496,0,1,1,0,1,0,0,0,1,1,1,1,0,1,0,1,1,0,0,1,0
34.0,0,6.9543076309287,1.6994873972351736,8.707468451331398,0.7729217275327368,8.453565366566826,1,1,1,0,1,0,1,1,1,0,0,0,1,0,1,1,0,1,1,1,1
38.0,1,2.409994944228334,2.412766479082827,8.455616733313402,0.6696610812567189,5.983004578591606,0,1,0,1,0,0,0,1,0,1,0,1,0,0,0,1,0,1,1,1,0
31.0,0,6.290768682549094,1.5819177042704842,9.24637023919776,0.9839907503325399,5.947565072229958,1,1,1,0,1,1,1,1,1,0,0,0,1,0,0,0,1,1,1,1,0
26.0,0,7.496074844577386,1.710461245806492,7.976189182217653,1.2018624268242157,11.92580044198084,0,1,0,0,0,1,0,1,1,0,0,0,0,1,0,0,0,1,1,1,0
63.0,0,2.265267500174738,2.1202553181526786,4.256508136756333,0.7271912531822161,10.0542384558283,0,1,0,0,1,1,1,0,1,0,1,0,0,1,0,0,1,1,0,0,1
18.0,1,0.693438678526952,0.54589595999806,8.898490310723174,0.5041014504301671,10.695514866328402,0,0,1,0,0,0,1,0,0,1,1,1,1,1,1,1,1,1,1,0,0
68.0,1,1.3966400556423235,2.134985553550621,8.014112478059428,0.8429351158367053,8.575861482752101,1,1,0,1,0,0,0,1,1,0,0,0,1,0,0,1,0,0,0,1,0
62.0,0,6.099369975983152,2.0464628726802885,8.014112478059428,1.4688593354677884,10.968114299149994,1,1,0,1,1,1,1,0,1,1,0,0,1,1,1,0,1,0,1,1,0
30.0,0,8.509519421634781,1.2746177918831998,10.058364576569543,1.1949674606058467,9.163924313330824,0,0,0,1,0,0,0,0,0,0,0,0,1,1,1,1,0,0,0,0,1
21.0,1,0.5454685302307013,0.7144857122487237,5.816010394707365,0.9013254439412239,11.569389638370762,1,0,0,1,0,1,0,0,1,1,1,1,1,0,0,0,0,1,0,1,0
79.0,1,7.368097464512298,0.7273386247826028,5.770212728529472,0.6925760973468403,6.250708688365094,1,1,0,0,1,1,1,0,1,0,0,1,1,1,1,1,1,1,0,1,1
18.0,0,3.479054594905516,2.8080593674630716,5.291335901500592,0.856089673754747,8.76255636626316,0,0,0,0,1,1,1,1,1,1,1,0,1,1,1,1,1,0,1,0,0
66.0,1,4.837430862203273,2.223198303064593,6.975958078313295,0.669839433301248,9.521050783495138,0,0,1,0,1,0,1,0,1,1,1,0,0,1,1,1,1,0,0,1,0
49.0,1,9.2957095434711,0.8177565344268509,10.776096283112668,0.6063058213129514,7.143498440222453,0,1,0,1,0,1,1,1,0,1,0,1,1,0,0,0,1,1,1,0,1
49.0,1,3.3865178968848704,1.3918079232722658,10.623296497192515,1.4067423725725539,11.037663859232426,1,0,1,1,0,1,0,0,0,0,1,1,1,0,1,0,1,1,1,0,1
51.0,1,4.706835646000911,1.981207484753991,7.06259366370803,1.4976503383754736,11.838425304833235,0,1,0,1,0,0,0,0,1,0,0,1,1,1,0,0,0,1,0,0,1
45.0,0,0.23545590613074296,2.5889292627266216,8.712949887841893,0.6641144395957903,7.950155930981293,1,1,1,1,1,0,1,1,0,1,1,0,0,1,0,0,0,1,1,1,0
48.0,1,0.9078273280478998,0.6091523217825213,9.766530531799326,0.5545225588782797,7.125125238434713,1,1,1,0,1,1,0,0,1,1,0,0,0,0,0,0,0,1,0,1,1
25.0,1,2.660056752234362,1.0915828286750222,5.929654197024184,0.8297311071462123,7.775503428451669,1,1,1,1,0,0,1,1,1,1,0,1,0,0,0,1,0,1,0,1,1
56.0,0,0.37573718412863666,2.72437247573845,5.345128687157977,0.9616591807614153,10.821893965855452,0,0,0,0,1,0,0,0,0,0,0,0,1,0,1,1,0,0,1,1,0
43.0,0,6.350615727877685,0.5229138754595413,11.776767945698488,0.7048212470758545,9.16374740414534,0,1,0,0,1,0,1,1,1,0,0,1,0,1,1,1,1,0,1,0,0
75.0,1,4.321343732336063,1.0034977569847185,8.940458505676947,0.8014249117985585,4.358178980144761,1,0,0,0,1,0,1,0,1,1,0,1,1,1,1,1,0,1,1,1,0
51.0,1,5.526637507007418,2.897560439932415,11.851325774669311,0.7008707356916577,8.337359283565718,1,0,0,1,1,1,0,1,1,0,0,1,1,0,0,0,1,0,0,1,1
71.0,1,1.8290071403736627,1.6994873972351736,6.702047897057833,1.2742605684324513,4.1384009819277585,0,1,0,1,1,0,1,0,1,0,1,1,0,0,0,0,1,0,0,1,0
71.0,1,3.0297270914224996,1.154178416593766,9.624253599793052,1.2125779432472608,10.228282968027244,0,1,0,0,0,1,0,1,0,0,1,0,1,1,0,0,0,1,1,0,0
20.0,0,6.671862301041979,0.667477735989619,5.780829092329902,1.1349515157609817,6.62649818833971,0,0,1,0,0,0,1,0,0,0,0,1,0,0,1,1,0,0,1,0,1
76.0,0,9.656496963940958,0.5704783511180553,6.089601370191303,0.8872178570792048,7.776059856938635,0,1,0,1,1,0,0,1,0,0,1,0,0,1,0,0,0,1,0,0,0
67.0,0,0.5991260586618711,1.1118626990923182,8.095216970156992,1.409040941314236,10.389424847261056,0,1,0,1,1,1,0,1,0,1,0,0,0,0,1,0,1,1,1,0,0
29.0,1,8.914804776467134,2.7037145489722763,6.55694500406457,1.46953254153502,4.3715905382860925,0,1,0,1,0,0,0,0,0,1,1,1,0,1,1,1,1,0,1,1,1
18.0,1,5.811123892980963,1.5397841357437736,5.340972510724676,0.673639312625412,5.2683322847328835,0,0,1,1,0,0,0,1,1,0,1,0,1,0,0,1,1,0,0,0,1
71.0,1,5.682803710880675,2.3008334229149825,6.103045615914608,0.723012641411878,7.183683011560919,0,0,1,0,0,1,1,1,0,1,0,0,0,1,0,0,0,0,1,0,1
61.0,1,4.961471685657772,2.7957125884498946,4.285987155726917,1.0256310280003698,5.839401308364485,0,0,1,0,0,1,1,0,0,0,0,0,0,0,1,0,1,1,0,1,1
22.0,0,0.7870014504514156,1.5201011540070415,9.635388971819893,0.5912505692822453,6.703211406200505,1,0,1,0,0,1,1,0,1,1,1,1,1,1,1,0,1,1,0,0,1
49.0,0,0.9897808321879906,0.9781934275934927,7.936933256686893,0.9364483988231128,11.98539790313972,0,1,0,0,1,0,0,0,1,0,1,1,1,1,0,1,0,1,1,0,0
47.0,1,6.049028856024952,1.7927948271422987,8.014112478059428,1.0817912647777101,10.603315500590487,0,1,0,0,0,0,1,1,1,0,1,1,0,1,0,1,1,1,0,1,1
49.0,0,3.475489857212027,2.770209217649636,5.37355194502793,1.0220735711373332,11.071214519680868,1,0,1,0,0,0,1,1,1,0,1,0,0,0,0,1,1,0,1,0,1
74.0,1,9.180953859119038,2.5109360353442516,4.820276304901152,0.8309085830780261,11.496437068526202,0,0,1,1,0,1,1,0,1,1,1,0,0,1,0,1,0,0,0,1,0
34.0,1,4.961471685657772,0.6645746084078845,8.900742466207012,1.0424458060772068,6.727487042513565,0,0,0,0,0,0,1,1,0,1,1,1,0,1,1,1,1,0,0,0,1
65.0,0,1.518486441156147,2.2314320001939545,4.75368290889995,1.4588009542588478,6.376615662371782,1,0,1,1,1,1,0,0,0,1,0,0,1,1,0,1,0,1,1,1,1
64.0,1,7.175716451670157,1.9297438061473844,10.03425866428173,0.706017404291376,5.872499940576599,0,0,1,1,1,1,1,1,0,0,1,1,0,0,1,0,0,1,0,1,0
40.0,1,3.004198872265998,2.768657940866064,8.014112478059428,1.1548313583940035,10.64093529046498,1,1,1,0,0,1,1,0,1,0,0,1,1,0,0,0,1,0,1,1,0
32.0,0,5.302156042823342,0.8062035421257431,5.995006303967137,0.5433966941560519,9.43641489828148,1,0,1,1,0,1,0,1,0,1,1,1,1,0,0,0,1,1,0,0,0
54.0,1,7.008544576501183,1.8350902830116416,11.125333407135258,0.5664164044814349,5.889375859863018,0,0,0,0,1,1,1,0,1,1,0,0,1,1,1,1,0,1,1,1,0
38.0,1,9.012614700900496,2.698656733779731,9.748250544977967,1.051828224223585,7.015950633683639,1,1,1,0,0,0,0,0,0,0,0,0,0,0,0,1,1,0,1,1,0
31.0,0,4.961471685657772,1.5250594668543576,4.583746663405502,0.6049391803279495,8.053694111462386,1,1,0,1,0,1,1,0,1,0,0,1,0,1,1,0,1,0,0,0,0
19.0,1,6.7959745719399685,1.7049872943321676,10.569008835881437,0.5223467884268573,8.22512045819003,1,1,1,1,1,1,0,1,0,0,0,1,1,0,0,0,0,1,0,1,1
28.0,0,4.961471685657772,0.6761516941673957,7.944280972321638,0.6715129976480222,11.109821828413718,1,0,1,1,1,1,0,1,0,1,1,1,0,0,1,1,0,1,1,1,0
68.0,1,9.464653975917656,1.195359101122277,10.774264217350634,1.0648491709995744,7.0445290635777305,0,1,0,1,0,1,1,1,1,0,0,0,1,0,1,1,0,0,0,1,0
56.0,0,3.028658565215707,1.3112666229223684,8.805918195603148,1.2033409545189324,11.268192244004098,1,0,0,1,0,0,1,0,1,0,0,1,1,1,1,1,0,1,1,1,0
55.0,0,0.11100973254225534,2.862806121862217,9.45466425626287,0.70247856414138,7.530940482558317,1,0,1,1,1,0,1,1,1,0,1,1,0,1,0,0,0,0,1,0,0
77.0,0,2.792350138042167,1.2066684013528977,11.948012483165666,1.1682594372081745,9.97098139833883,0,1,1,1,1,0,1,1,0,0,1,0,0,0,1,1,0,0,0,1,1
51.0,1,2.2571246583047655,1.65217183817413,5.858684367392145,0.6824763310992293,11.442034559880447,1,0,1,1,1,1,1,0,1,1,1,0,1,0,1,1,1,0,1,1,0
55.0,0,6.652162392628582,2.1782610589106994,8.991564598091106,1.1134574266312571,11.260605631706131,0,0,0,1,0,0,1,0,1,0,0,0,1,1,0,1,1,1,1,1,1
67.0,0,6.373744837678737,0.9054584310196935,7.682571120459187,0.9119596798957988,4.455622938365449,1,1,1,0,0,0,0,0,1,1,1,1,1,1,1,1,0,0,0,0,1
51.0,0,4.961471685657772,1.7161059678546862,4.3156156233815315,1.1537995093336169,5.645634359812559,0,1,1,0,0,1,0,0,0,0,0,0,0,1,1,0,0,0,1,0,0
35.0,0,0.26081008777359166,2.346347598689769,4.11576513202292,1.4950527524792472,7.815243404258201,1,1,0,1,1,1,0,1,1,1,0,1,0,1,0,0,0,0,1,1,1
47.0,0,7.31490273906141,2.667138032567665,4.953828622542869,1.437816965232562,7.452434319624858,0,1,1,1,0,1,0,0,0,1,0,1,0,0,0,1,0,0,1,1,0
49.0,1,3.3029510836063665,2.065648186656067,9.192733924308385,0.5042817578361036,9.127133318697656,1,1,1,1,1,1,1,1,0,1,1,1,1,0,0,1,0,1,0,0,1
44.0,1,6.684054291165648,2.17263378829237,8.537304703307138,1.3854387643623056,11.557672406603299,0,1,1,0,0,1,0,0,0,1,0,0,0,0,1,1,1,0,0,1,1
68.0,1,4.961471685657772,1.6994873972351736,8.42743648930982,0.5664907951747665,4.899237690223591,0,1,0,0,1,0,0,1,1,0,0,1,1,1,1,1,0,0,0,0,1
51.0,1,3.4930361617362813,2.864441243115868,4.254854100226081,1.453046586159845,7.614869321073924,0,1,1,1,0,0,0,0,0,1,0,0,1,1,1,1,1,0,0,1,1
69.0,1,1.4323050443306669,0.8314351937112059,7.754423970880056,0.7818256790996847,5.5392883030971145,0,1,1,1,1,0,1,0,1,1,1,0,0,0,0,1,0,1,1,0,0
74.0,1,1.0347470868387614,2.4366823429544957,11.39698254274023,0.882034830411271,11.152860787183581,0,1,1,1,1,0,1,0,1,0,1,0,1,0,0,1,1,1,1,1,1
55.0,1,8.332031497811013,1.162040804445797,7.180734954485173,0.5916382051757278,11.716641486413224,1,0,1,1,1,0,1,0,1,1,0,1,1,0,1,1,1,0,1,1,0
50.0,0,9.192135666607424,2.833982859253129,8.99937975830765,0.6122727583289096,7.829613455122801,1,0,0,0,1,1,0,0,0,1,0,0,1,0,1,0,0,0,1,0,1
41.0,1,6.532901662966566,2.299898848423699,10.238549404985148,1.2267405652293197,4.832082381825126,0,0,1,0,0,0,1,1,0,0,0,1,0,0,0,0,0,0,0,1,0
32.0,0,1.1239977371187855,2.384534282445922,10.2714022331351,1.4443322357482917,10.282357333781386,0,1,1,1,1,0,0,1,0,1,0,1,1,1,1,1,0,0,1,0,1
77.0,0,4.080069447193583,1.0476479326497083,8.15424065916217,1.1107484949543096,9.577130803939191,1,0,1,1,0,0,0,1,1,0,1,0,1,0,1,0,1,1,1,1,0
47.0,1,7.316498081041057,1.607599941587902,10.86361556321869,1.215850015526811,6.837366612882484,1,0,1,0,0,0,0,1,1,1,0,1,0,1,0,0,0,0,0,1,1
72.0,0,7.820226751699674,2.0445329864732162,7.131024746909976,1.2619697445971534,11.099259791751708,0,0,0,0,1,0,1,1,0,1,1,0,1,1,1,0,0,1,0,0,0
59.0,0,1.2703643606817772,2.424934045516502,8.014112478059428,0.7628142745529417,11.806655118261657,1,0,1,1,1,1,1,0,0,1,0,0,0,1,0,0,1,0,1,0,0
68.0,0,0.10030411656928592,0.7598984397809739,5.9218173311643625,0.5452296309202149,8.462830793041563,0,0,1,1,0,1,1,0,1,0,0,0,0,0,1,1,1,1,1,0,1
34.0,0,7.150156754217989,2.905913291136321,6.241731255924568,0.5018727439191686,8.525823290754339,0,1,0,0,0,0,0,1,1,1,1,0,1,1,1,1,0,1,1,1,1
22.0,1,3.630302142263436,2.72555167638639,4.424964993592009,0.8506492829540186,6.380108040910223,0,1,1,0,0,1,1,1,1,0,0,1,1,0,1,1,0,1,1,1,1
46.0,1,2.6193651830207765,1.1758714762389608,10.364654692338263,0.7414642281992161,8.676048287866514,1,1,0,0,0,0,1,1,1,1,0,0,0,0,1,1,0,1,0,1,1
21.0,1,0.22768495091630186,2.55690060758083,7.336441889861645,0.5623177250491856,7.517138564198772,0,0,1,1,0,0,1,1,0,1,1,1,1,1,0,0,0,1,0,1,1
27.0,1,5.448964126938846,1.7958098075995585,5.832932911291192,0.6795282924936668,6.417528215424415,1,0,0,0,0,1,0,1,0,1,0,1,1,0,0,0,0,1,1,1,0
73.0,1,8.52639228071722,1.6545162039050467,5.854322220932637,0.6244988982679478,4.5374815721912105,1,1,0,1,0,1,0,0,1,1,1,0,1,1,1,0,0,0,0,1,0
34.0,1,9.58055329809862,1.2860852645285135,11.211199529833866,1.4148783806173704,6.021662877672999,1,1,1,0,1,1,0,1,0,0,1,1,1,0,1,0,0,1,1,0,1
27.0,1,5.700875011071563,1.9524214665789812,10.671332803688294,0.6402672134591689,5.582837197421315,1,1,0,0,0,0,0,0,0,0,0,0,0,0,1,1,1,1,1,1,1
34.0,1,5.193167144624952,2.3247227942589945,8.428247082857467,1.0376484639876793,8.33633587643159,0,0,0,0,0,0,1,1,1,0,1,0,0,1,0,1,1,0,1,0,1
77.0,1,0.942058216343487,1.5273322624068957,8.92888640332577,1.0931059551121645,8.813360174108752,0,1,1,1,1,0,1,0,1,1,1,0,1,1,1,1,1,1,1,1,1
37.0,1,5.533840735271737,2.0730479825207304,7.794604564402328,1.0434894577086338,8.868573794448132,1,1,1,1,0,1,0,1,0,0,0,1,0,0,0,0,1,0,0,0,1
41.0,0,3.861792881757407,2.2482823028882595,7.133332343030471,0.599056434215988,7.105448008365433,0,1,1,0,0,1,1,1,1,0,0,0,0,1,0,1,0,1,1,0,0
22.0,1,6.110639280747412,2.277804542538215,11.323815049746653,0.8187983617505512,7.369837869483968,1,1,1,1,1,0,0,0,0,1,0,1,0,1,1,1,0,1,0,1,0
51.0,0,3.9483908439778124,0.6299152453279506,5.004901628162417,0.5512703324631533,10.67390743712512,0,1,1,0,0,1,1,0,1,0,1,0,1,0,0,1,1,1,1,0,0
23.0,0,2.478961322158631,2.649369514212667,7.347574317729824,0.895669914096316,7.809862508137299,0,0,1,1,0,1,1,0,0,1,0,1,0,1,0,0,1,0,0,1,1
70.0,0,1.0401562247609275,1.6456332869126198,6.756495263903003,0.688598931271592,11.90218665709698,0,0,1,0,1,0,1,1,1,1,1,0,0,1,0,1,0,1,1,0,1
19.0,0,3.217692601430068,1.156040204240536,7.985205762009187,1.0616325332843797,7.516937840070919,0,1,1,0,1,1,0,1,0,0,0,1,0,0,0,1,0,1,0,0,1
30.0,1,1.0567838594487475,1.104411268699204,7.6610549963614005,1.1928083938491005,9.196647556942711,0,0,1,1,0,1,1,1,1,0,0,0,0,1,0,1,1,0,1,0,0
79.0,0,1.851279813157441,1.7075352821098762,8.151116253208652,1.0321198602047064,4.402903991947166,0,1,0,0,1,0,1,1,1,1,0,1,0,0,0,1,1,1,1,0,1
60.0,1,9.874627969937505,2.717078848672398,5.119351817815953,0.9342366966113957,9.226719395350486,1,1,0,1,1,0,1,0,1,1,1,0,1,1,0,0,1,1,1,0,1
60.0,1,4.496625213375524,1.4458689542066172,8.105132012106218,0.8873334208566924,10.811411155320048,0,0,0,0,0,0,1,0,1,1,1,1,1,0,0,1,1,1,0,0,1
65.0,0,5.3655304883996635,2.374314366958858,5.939350511097687,1.3416917680970037,11.53966270826637,0,0,0,1,1,1,0,0,1,1,1,0,0,1,0,0,0,0,0,0,0
28.0,1,8.748823434498432,0.7420468274680465,5.47465079190553,0.7193680650652701,11.978564893118165,0,0,0,0,1,0,0,0,0,0,0,1,1,0,0,1,0,1,0,1,0
68.0,0,9.956132114857809,1.6901417553776543,4.51867375028953,1.2342183395288688,6.257429165193865,1,0,0,0,0,1,0,0,0,1,0,0,0,0,0,1,0,1,1,1,0
64.0,0,5.868873048512347,2.979215350981839,10.101220470049128,1.257482324740119,8.602960518605734,0,1,0,1,0,0,1,0,1,0,0,0,1,0,1,1,1,1,1,1,0
74.0,1,8.143490828337299,2.426094506980842,7.41953536685248,0.9192000072707345,7.605743884257179,0,0,1,0,1,0,1,0,0,1,0,0,1,1,0,1,0,1,0,1,0
40.0,1,3.336716140933085,1.0263212211015325,9.013149466494067,0.7973005992256393,8.510539844601368,0,1,0,1,1,0,1,1,0,0,0,1,1,0,1,1,1,0,1,0,0
72.0,0,3.126865178728182,1.7536036842447769,9.820746746437948,0.9705414860459752,5.259623657518773,1,1,0,0,0,1,0,1,1,1,0,1,1,0,1,0,0,1,1,0,1
33.0,1,4.086766837846146,1.0840619091214163,9.434533322508429,0.5932139258926985,10.849196580767533,0,1,0,0,0,0,0,0,0,1,0,0,1,1,1,1,1,1,0,1,1
48.0,1,6.757821900469127,1.5239023181562732,7.764005752717458,0.54593003222909,11.2765515467567,1,1,0,0,1,0,1,0,0,0,1,1,1,0,1,1,1,0,0,1,1
28.0,1,6.853697723625477,2.4502100593374116,7.103188231613839,0.6116031994518918,7.59729330490338,1,1,0,0,0,1,0,1,0,1,0,0,1,0,0,1,0,1,1,0,0
71.0,0,4.961471685657772,2.428062038226009,7.00767927712531,0.6871450314622262,6.243438892588615,0,0,1,1,0,1,0,0,0,0,0,0,0,0,0,0,0,0,0,1,0
33.0,0,1.4187782489526242,1.070250944755963,9.12039037544045,1.004176820338043,5.126667421224099,0,1,0,1,1,0,1,1,1,1,1,0,0,0,0,0,0,0,1,0,0
25.0,1,6.360722939008535,2.8055582953871503,7.958354839534987,1.3491366361611221,9.470118598222435,1,0,0,1,1,0,0,1,0,1,0,1,0,1,1,1,1,0,1,1,0
21.0,1,1.3704260356687687,1.981420456912067,10.793057983908085,0.735642331999687,6.497854716965882,1,1,1,0,0,0,1,0,0,1,0,0,0,1,0,0,1,0,1,0,1
57.0,1,5.827075831470368,1.4498107274050362,10.997615874613697,1.4351620107467782,11.27630855930711,0,0,0,1,0,1,0,1,0,0,1,1,0,1,1,1,1,1,0,1,1
21.0,1,6.964879067757459,1.7548389519521517,5.364483024052148,1.4549079089350034,9.36809979875896,0,0,1,1,1,1,0,1,0,1,0,1,1,0,1,0,0,1,1,1,0
73.0,1,7.036053814305071,2.0126781335943593,5.089869212365805,1.4589046048452052,9.165482601393926,1,1,1,0,0,0,0,1,1,0,1,0,1,1,1,1,1,1,0,1,0
42.0,0,7.559373895530007,1.8997263296144635,9.043207408287996,1.337562734676324,8.475216927185926,1,1,1,1,1,0,0,0,0,1,0,1,1,0,1,0,0,1,0,0,0
20.0,1,8.74130827350008,1.7160125888404454,6.409805984498235,0.8638250407977206,4.366210715429805,1,0,0,0,0,0,1,0,1,0,1,1,0,0,0,0,1,0,0,1,1
49.0,0,4.961471685657772,1.7623320102235003,4.148565750120791,0.5726839110026231,11.455379485484695,1,1,0,0,0,0,1,1,1,0,0,1,1,1,1,0,0,1,1,1,0
20.0,1,7.329466976342754,0.9410297760697155,11.109141354903642,1.0688187317664948,9.023499946395681,0,1,1,1,0,1,0,0,1,1,1,0,1,0,0,0,1,0,0,0,1
44.0,0,6.2298100801217835,2.5318322607616985,5.815206137950466,1.0586814439372336,11.952495867064883,1,0,0,1,1,1,1,1,1,1,0,0,0,0,0,0,0,1,1,0,1
46.0,1,1.9477354039970576,1.8544007998525385,11.434245213486474,1.3499757671095955,8.298851238183097,0,0,0,1,1,1,0,1,1,1,1,1,0,1,1,0,0,1,1,1,0
49.0,0,0.3543274842071409,0.8276996542617577,9.73947560702603,1.4959910509461052,9.680887135249705,1,1,1,1,0,0,1,0,0,1,0,1,1,1,0,0,1,0,0,0,0
49.0,1,2.9169597182016447,2.4153927539569446,10.101227919291874,1.0081573065601477,4.449676462929777,1,1,1,0,0,0,0,1,0,0,0,0,1,0,1,0,1,1,0,0,0
78.0,0,4.961471685657772,2.831109945943377,5.611691966345283,0.8452040310397843,9.053889414587287,0,1,0,1,1,1,1,1,1,0,0,0,1,0,1,1,1,1,0,0,1
75.0,0,6.209348849843697,2.868267248092405,5.873555404934503,0.685901711556267,10.117196892722859,0,1,1,0,1,0,0,1,1,1,1,1,1,0,0,1,1,0,1,1,1
68.0,0,8.514597371981733,1.422544331027932,8.170142030592526,0.5047998248173707,10.22811435882046,0,0,1,1,0,1,0,1,0,0,1,0,0,0,0,1,0,1,1,0,1
36.0,0,2.04283259539104,0.838792183901885,5.376798821198897,1.0091136924888793,10.160893217842283,0,0,0,0,1,0,1,1,0,1,0,0,0,1,0,1,1,1,0,1,1
38.0,0,1.3429429199949234,1.7959990665826628,6.443453541464258,1.0555186667025958,5.810261018349341,1,1,0,1,1,0,0,1,1,1,0,1,0,1,0,1,0,1,1,0,1
22.0,0,9.638451479995842,0.7815230733730517,6.571699823582436,1.3249384798173973,11.803187820841806,0,0,1,1,0,0,0,1,0,1,1,0,1,0,0,1,1,0,0,1,1
35.0,1,1.1696411378264306,2.834968546281543,5.277039466022113,1.0045769678928007,11.96145696499951,0,0,0,0,0,1,0,0,0,1,1,1,1,1,1,0,1,1,1,0,0
45.0,0,4.837061594061173,0.958949068387865,5.641462667161286,1.4164683486660565,4.60476700129281,0,0,0,1,1,0,0,0,1,1,1,1,0,0,0,0,0,0,1,0,0
59.0,1,5.897080915053689,1.1319146498779102,10.308414736066052,1.1280834765714354,11.491571382494058,1,0,0,1,1,0,1,1,1,0,1,1,1,1,0,0,1,0,0,1,0
78.0,1,5.459606766983638,1.5165913172124261,5.337566836378147,1.340336238221083,6.315593554434955,1,0,0,1,0,1,1,0,1,1,1,1,1,1,1,1,1,1,0,1,1
39.0,1,0.9517183546261377,1.4579111713978143,4.22765913475138,0.6483017348077471,9.51427265400772,0,0,0,1,1,0,0,1,1,0,1,0,0,0,1,0,1,1,1,1,0
38.0,1,0.6645664486358317,2.4866572309947226,9.034839541031507,1.3553361303023146,6.704887365889057,1,0,0,0,0,0,0,1,1,1,0,0,0,1,1,0,1,0,1,1,0
23.0,1,1.1442859318642533,1.640792051377406,11.8078649551396,1.1751438544438484,11.742034586984971,1,1,1,0,0,1,1,1,0,1,0,0,1,0,0,0,1,1,0,1,0
18.0,0,5.897318070338864,1.6994873972351736,6.649710516984971,0.6702330324383305,4.812030866428284,0,1,1,1,1,0,1,1,1,1,0,0,0,1,1,0,1,1,1,1,1
22.0,0,5.489014387579779,1.1680247387151852,4.949245625570018,0.6897635581460109,7.981974535651008,1,0,1,0,0,1,0,0,0,1,1,1,1,1,1,1,0,0,0,1,0
58.0,0,2.4140338411637683,1.772783462968805,8.563098602940247,1.4265006190442213,7.424382335536597,0,0,1,1,0,0,0,1,1,0,1,0,1,0,1,0,0,1,0,1,0
29.0,1,6.413964004271357,0.8686347935653372,11.25083368876517,0.5322153604503729,6.608187618223879,0,0,1,0,0,0,1,1,1,0,0,1,1,1,0,0,1,1,1,0,1
43.0,0,8.218668270350928,2.0291391891150354,10.27249423862783,0.9625349432957061,9.164271927041188,0,0,0,0,0,1,0,0,1,1,0,1,1,1,0,1,0,0,0,1,0
63.0,0,0.5116317024812783,1.9143682663778647,8.980126947301727,0.8134752899341016,5.04844594737334,1,0,0,0,0,0,1,0,1,1,1,1,1,0,1,1,1,0,0,1,0
51.0,0,5.03148644112562,1.6994873972351736,6.520451972860795,1.165077439998428,9.733299345069575,0,1,1,1,1,1,1,0,1,1,0,0,1,1,0,1,1,1,0,1,1
66.0,0,6.924173079816634,2.844261538448419,8.33504138620976,1.339629387568992,11.8447369904383,1,0,0,0,0,0,1,0,1,1,0,1,0,1,0,0,1,1,0,0,0
31.0,0,2.5978880779899023,2.780636402752889,4.729958730434043,0.8603781215565696,10.436469715749041,1,1,1,0,0,1,0,0,0,0,1,1,0,0,0,0,0,0,0,1,1
43.0,1,3.146931962402176,2.8651890451720785,9.431563394245359,0.9269020873228372,10.880134023276362,1,1,0,1,0,0,1,0,1,0,0,0,1,0,1,0,0,1,0,0,1
62.0,0,6.1750152395949,1.1117889925592523,9.800768151181206,1.4819177845014142,6.87709394543202,1,0,1,0,1,0,1,1,1,1,0,1,1,1,1,1,1,0,1,0,0
44.0,1,8.989559405092995,0.8289132665983865,8.014112478059428,1.283916509679203,6.59909285184975,0,0,0,1,0,0,0,1,0,0,1,0,1,1,1,0,1,1,0,0,1
26.0,1,8.118251760998703,1.2556917512411212,6.083178869960573,1.3972041309317915,8.136386837521066,0,0,1,0,0,0,1,0,0,0,1,0,0,0,1,1,1,1,0,0,0
43.0,1,5.872989169085876,2.7377129319157865,4.147651352344181,0.9387622206516297,4.3658129180981815,1,1,0,1,0,0,1,0,1,1,1,1,1,0,1,1,0,0,0,0,0
74.0,1,4.961471685657772,2.9301336865587206,8.364867715417205,0.7340762039841152,11.562865075652262,0,1,1,0,0,1,1,1,0,0,1,1,0,1,0,1,0,1,1,0,0
64.0,1,3.711742455057207,2.64831237767619,9.654324035174515,0.9118634653864517,5.150281384129538,1,1,0,1,1,0,1,0,0,1,0,0,0,1,0,0,1,0,0,0,0
74.0,0,6.445558728177701,0.7750443028188589,10.323259807063904,1.2160919178315135,11.22410431334474,1,0,0,0,1,1,1,0,1,0,0,0,1,0,1,1,1,1,1,0,0
39.0,0,4.715197752162814,2.8685699951494827,5.549911464198485,0.6094304048359793,4.668657776002846,0,0,1,0,0,1,1,0,1,0,1,1,0,1,0,1,1,1,0,1,1
64.0,0,1.9803677509298532,1.558395068376965,6.094022952296189,0.7704691056165088,10.58099942142848,1,0,1,1,1,0,0,1,0,1,1,1,0,1,1,0,1,0,0,0,1
73.0,1,7.047208911384846,0.5232757269058842,8.100727402138372,0.5466359004615904,5.215700207025721,0,0,1,0,1,0,0,0,1,0,1,1,0,0,0,1,0,0,1,0,0
47.0,0,5.608999909753337,1.605984351870484,6.644806479760015,0.9323477383381316,4.305052912731782,1,0,1,0,1,0,0,1,0,0,0,1,1,1,0,1,0,0,0,1,1
60.0,0,3.650353661340555,0.615172924188669,10.88409189269956,1.3274457359796132,9.75591560207527,1,0,1,1,0,1,1,1,0,0,0,1,0,1,1,0,0,0,0,1,0
65.0,1,9.122257981778445,1.8596948029027938,7.790081229909762,0.5246636882980108,6.242122401395426,1,1,1,1,0,0,1,1,0,0,0,1,1,0,1,0,0,1,1,1,0
78.0,1,0.30724776648465935,1.3463850685926282,10.396629152816024,1.175323526807166,9.715969222274797,1,1,1,0,0,0,1,0,0,0,1,1,0,1,0,1,1,0,0,1,0
34.0,1,3.2261541973700107,1.683587333985122,8.64495808385883,1.4324958745137395,8.440682003782559,0,0,1,1,0,0,0,0,1,1,1,1,0,1,0,1,0,0,0,1,0
43.0,1,0.663125837998701,2.0329259018577925,10.184721132936897,0.7369278615111823,4.870459121840525,1,0,0,0,0,0,0,1,1,1,0,1,0,0,1,0,1,0,0,1,1
53.0,0,7.688620430594109,2.672002739544551,8.014112478059428,1.1936348407276482,11.45704058640931,1,1,0,1,0,0,1,1,1,0,0,1,0,0,0,1,0,0,0,1,0
18.0,1,7.0508637957265465,2.1547539411798216,10.65133297544249,1.4751019011002002,7.618513398107821,0,1,0,1,1,0,0,0,1,1,1,0,0,0,1,1,0,1,1,1,0
25.0,1,3.380386965489539,1.5851221711954517,6.196578524408173,1.4622780601524632,9.875578222389503,1,1,0,1,1,1,0,1,1,0,1,0,1,1,1,1,0,0,0,1,0
66.0,0,6.789062731850023,2.5485696341759128,8.368790464026326,0.7349291930291433,8.008164576125,1,0,1,1,1,0,1,0,1,0,1,0,1,1,1,1,1,0,0,0,0
52.0,0,4.019778539339903,2.7639553439328304,5.712056905390994,0.6003310532120687,8.834891799689638,1,1,0,0,1,1,0,1,1,1,1,0,0,1,0,0,0,1,0,1,1
78.0,1,7.586912535082099,0.799399916080493,7.804212173009547,0.648282537895916,6.4221887388535395,1,1,0,1,1,1,0,0,1,0,1,1,0,1,1,1,0,1,1,0,0
69.0,0,4.59641826109339,1.8298324438819786,6.545401676069625,1.202035668482142,5.602882432027602,1,1,1,0,0,0,0,0,1,1,1,0,0,0,1,1,0,0,1,1,1
32.0,1,4.181569305533489,1.2112798993561102,6.133627445097714,1.2257588754532756,8.340561627264542,1,1,0,0,0,0,0,1,1,0,1,1,0,0,1,0,0,1,0,1,1
49.0,1,9.35382616333418,1.6994873972351736,11.7358801442243,1.1742365616281991,7.521751783768016,0,1,1,0,1,1,1,1,1,0,1,1,1,0,1,1,0,1,0,0,1
49.0,0,2.5837030889179324,2.1713667377849633,5.280592843893845,0.8360783877422381,7.120905707471465,1,0,0,0,0,0,1,0,1,1,0,1,1,1,0,1,0,0,1,0,1
39.0,0,1.2924286659659978,2.656926943648064,8.014112478059428,0.6697769397581221,9.380537560756984,0,0,0,0,0,0,0,1,0,0,0,1,0,0,1,1,1,0,0,1,0
31.0,1,5.886976821268636,0.9072566361934851,11.87331967586572,1.0807610919522532,9.524053056089087,1,1,1,1,0,0,0,1,1,1,0,1,1,1,1,1,1,0,0,0,1
43.0,1,9.696285941613372,2.5310341440597512,4.159211869920623,0.9836804457578665,4.367360448730104,0,0,1,1,0,0,0,1,1,1,1,0,0,1,0,0,1,0,0,0,1
45.0,1,3.840608215899148,2.633489333842354,9.59221931233676,1.2288341471223034,6.709955953949377,0,0,0,0,0,1,0,0,1,0,0,0,0,1,1,0,1,0,0,0,1
40.0,0,0.7141639599249371,2.785851106666209,6.023294444450297,0.9413600786856214,7.294116401811019,0,1,0,0,1,1,1,1,1,0,0,0,1,0,1,1,0,1,1,1,1
31.0,1,3.459122146364718,1.163212722715131,4.323902594626436,0.8386396946864684,4.775137289313345,0,0,0,1,1,1,1,1,1,1,0,1,1,1,1,0,1,0,1,0,1
41.0,1,5.108723377763629,2.7598826629747233,7.223116631653046,0.7934785773590144,5.887206933586307,1,0,1,0,1,0,0,1,0,0,1,0,0,1,1,0,1,1,1,0,0
19.0,1,1.7030377656589157,1.3016568868410805,11.481742481367,0.7114703200497465,4.413134377782053,1,1,1,1,0,1,0,1,0,0,1,0,0,0,0,0,1,1,1,0,0
62.0,1,6.6152119587592715,1.880845033638757,4.0941207549359815,0.7657463761866614,11.969936788936165,1,1,1,0,0,1,0,0,1,1,1,1,0,0,0,1,0,1,0,1,1
43.0,1,9.977718951200986,0.6262686770807053,8.703085535438253,0.5948304388441014,9.892457623758755,0,0,1,1,0,1,0,1,1,0,0,1,1,1,0,1,0,0,0,1,1
31.0,0,4.572220812216294,0.6097027209218591,8.011171828762595,0.8468570109288895,4.699601252022029,0,0,1,1,0,0,1,0,1,0,0,0,0,1,0,0,0,1,1,0,0
76.0,1,3.6118127116291054,2.3009330318305072,10.98707331496838,0.5365698123629582,4.161995038320737,0,0,1,0,1,0,0,0,0,1,1,1,1,1,0,0,1,0,1,0,1
73.0,1,4.0669712516612195,1.6111999449444776,4.672013716165005,0.6864138471663268,9.754302401218242,0,1,0,1,0,0,0,1,1,0,0,1,0,0,0,0,1,0,0,0,0
68.0,1,1.2399471661124915,1.140730938423044,9.452208239093203,1.246770444619429,7.513537325461336,0,0,1,0,1,0,1,1,1,0,0,0,1,0,1,0,0,0,0,1,1
24.0,1,8.844408654119615,0.9760337400622755,9.440877587466218,0.8254689886766227,10.294373672516608,0,0,1,1,1,0,0,0,0,0,1,0,1,0,0,0,0,1,0,0,1
20.0,0,4.206773989661384,2.1748837271480452,9.352640134898266,1.168237016977344,11.38780830254707,0,1,0,1,1,1,1,1,0,0,1,1,1,0,1,0,1,1,0,0,0
64.0,0,3.9340166731059294,0.5010038600633497,11.538675959480296,1.2168841755972775,8.79440311213098,1,0,0,0,1,1,1,1,1,0,1,1,0,0,1,0,1,1,0,0,1
49.0,0,6.630933702011696,2.5147279229921358,10.584700232055043,1.0811853427321134,5.496867383338024,0,1,1,1,0,0,0,0,1,0,1,0,0,1,0,1,0,0,1,0,1
63.0,1,4.476130867218123,0.698124015324822,4.335781809948048,1.4586977413653983,10.25755228837162,1,0,1,1,0,0,1,1,0,1,1,0,0,1,1,1,0,1,0,0,0
60.0,1,6.517511341197676,0.9787240372702986,7.768662805636105,0.5214398666231133,11.646493945394996,1,1,1,0,1,1,0,1,1,0,1,0,1,1,1,1,1,1,0,0,1
64.0,0,0.7083182722947963,1.465590988247724,7.183624449610668,1.2386526505881421,8.641850296479648,0,0,1,1,0,1,0,1,1,0,1,1,1,1,1,1,0,0,1,1,0
49.0,0,8.155861102850052,1.712146849290259,6.4811777687264165,1.458786643940408,9.455979578245868,0,0,0,0,0,0,1,0,0,0,1,0,1,0,0,0,0,0,0,1,1
62.0,0,9.410989133506085,1.3874877895348545,7.610693801232778,1.3622717293529392,6.699797560293384,0,1,0,0,0,0,1,1,1,1,1,0,1,0,1,1,0,0,0,1,0
35.0,1,6.5227773229779205,1.3017804124607348,7.07355347940782,0.6678926918050133,7.05222155728249,0,1,0,1,1,0,1,0,0,0,1,0,1,1,0,0,0,1,0,0,1
75.0,1,9.550202695702227,2.909790030182971,7.458671199029323,0.8268203062517321,9.877235982824512,1,1,1,0,1,1,0,0,1,1,1,1,1,1,0,1,0,0,1,1,0
55.0,0,1.5991799122626367,2.1039492031084857,11.83409492486914,0.6724518398764654,11.422168787254552,0,1,0,1,1,1,0,0,1,1,1,1,1,0,1,1,1,1,0,1,0
52.0,0,4.826420275855502,0.5585823884184705,8.014112478059428,1.101308363814704,9.031907097794818,1,1,1,1,1,0,0,1,0,1,0,0,0,1,0,0,1,0,0,0,0
68.0,0,6.057886666059928,1.575439771110783,11.377846958709839,1.2121879819794923,10.318783267882779,0,1,0,0,1,0,0,1,0,1,1,1,1,1,1,0,0,1,0,0,1
32.0,1,5.859192809469748,2.6875217493599255,7.841893707768214,0.8170737693630582,5.373080139322984,1,1,1,1,1,1,0,0,0,1,0,0,1,0,0,1,1,1,0,0,1
42.0,1,4.074471612981528,1.25364046602667,8.98993796399633,1.0395065739842955,5.695672722063788,1,0,1,1,1,1,1,0,0,0,0,0,1,1,0,1,1,1,1,0,0
72.0,1,3.447035652725988,0.7363908619359706,10.641463732941551,1.190920570071195,8.25627749466712,1,0,0,1,0,1,1,1,0,0,0,0,1,0,0,1,0,1,0,1,1
54.0,0,1.3555578232491463,2.3959619289747947,6.883704233194044,0.9213398166110484,5.412433537942724,1,0,0,0,1,0,1,1,0,0,1,1,1,1,0,1,0,0,0,0,0
45.0,0,3.978250260566554,2.0150345798402034,7.443375264703735,1.3540155304554593,9.07996056176739,1,0,1,0,0,0,0,0,0,0,1,0,0,1,1,1,1,1,0,1,1
27.0,1,1.710342069544303,1.9257812695662597,7.276147842229712,1.2715499352878172,6.333225483157592,0,0,0,1,1,0,0,1,0,1,1,1,1,1,0,0,1,1,0,0,0
56.0,0,7.370220197272962,0.6339413990185199,8.014112478059428,0.5646655438505707,10.332260949335137,0,0,1,0,0,0,0,0,0,1,1,1,1,0,1,0,1,0,1,0,1
74.0,1,2.167426261396441,1.6994873972351736,8.014112478059428,1.1211252990908291,10.464882772914748,0,0,1,1,0,1,0,0,1,1,0,0,1,0,1,0,0,0,1,1,1
34.0,0,0.6797965223168851,2.0563734905327844,10.631439129544097,0.7353255509597496,7.710299646042825,1,1,0,1,0,1,0,1,1,1,0,1,0,0,1,0,0,0,0,1,1
56.0,0,5.5684247643906195,1.0195596036470895,4.871999918903809,1.0575182646672752,5.446485080301082,0,0,0,0,0,0,1,1,0,1,1,0,1,0,1,0,1,1,0,1,1
39.0,0,5.9927743539220755,1.7601751993710608,4.864986819816768,1.4568884426329662,9.17419968865546,1,1,1,0,1,0,0,1,1,1,1,0,1,0,0,0,0,1,1,1,1
43.0,0,8.731939306677004,1.8622042150734837,7.4229561188239295,1.3790620045522501,11.942296146108692,1,0,1,0,1,0,1,0,0,0,1,0,0,0,0,1,1,0,1,1,1
79.0,1,5.812117962935051,1.2087679756773486,4.789259013862472,0.9045164031151317,8.980727183540186,0,1,1,1,1,0,0,1,0,0,1,0,1,1,1,0,0,0,0,0,1
61.0,0,3.520260451862113,2.871062888853732,8.952744762168958,0.7915138583443534,4.286197525712063,1,0,1,0,1,0,1,1,1,0,0,1,1,1,1,1,0,0,1,0,1
42.0,1,8.049817627110574,2.6061602670889377,5.149532858093871,0.734405744408259,4.138351806136661,0,0,1,1,1,0,0,0,0,0,1,0,0,1,1,1,0,1,0,1,0
34.0,1,4.961471685657772,2.3059337690819963,8.178986111734408,1.03251486975652,6.5628957639384495,1,0,1,1,1,0,0,0,0,1,0,0,0,1,0,1,1,1,1,0,0
49.0,1,0.8848748178487983,0.6949846660235227,4.057759576029742,0.6142484532580563,5.566270454883239,0,0,0,1,1,0,1,1,0,1,1,0,0,0,0,1,0,0,0,0,0
37.0,0,5.701920547101142,0.7653250482725487,6.532770787301174,1.0492750081282485,10.504409657146464,1,1,0,0,1,0,0,1,0,1,1,0,1,1,1,1,0,1,1,0,1
42.0,1,9.089383599674457,1.7319533646623892,9.417525789381244,0.501333639490792,10.758445336288004,0,0,0,0,1,0,0,0,1,0,1,1,1,0,0,1,0,1,0,0,1
21.0,1,4.023494992432384,0.9017833729774642,7.8723115218227875,0.8238496307458448,6.068950170483809,0,1,1,0,1,1,0,0,0,0,1,1,1,1,0,1,0,0,0,1,0
27.0,1,3.033625438808021,2.945663658823685,11.826155887991906,0.7199343138305813,6.6051582155991415,1,0,1,1,1,1,1,1,1,0,1,0,1,1,0,1,0,1,1,0,0
20.0,0,1.5203476244783987,0.8963005850685236,10.992830368529686,1.471218789960782,5.889975741720917,1,0,0,1,0,1,1,1,1,0,1,1,1,0,0,0,1,1,1,1,0
58.0,0,1.5993106671600377,1.6994873972351736,6.87256623234521,1.2272423195699789,11.267060378970111,1,0,0,0,0,1,0,0,0,0,0,0,0,0,1,0,0,0,1,1,0
62.0,1,4.3844376949840065,1.4103026421037637,4.363892331778197,0.8496533804622377,8.021194676978258,0,0,0,0,0,0,1,1,1,0,0,0,1,1,0,1,0,0,0,1,0
35.0,0,5.997230259199142,2.098466053635245,10.76501040092015,0.5928450865306205,9.24909635265616,0,1,1,0,0,1,1,0,1,1,1,0,0,0,1,1,1,0,1,1,0
64.0,1,0.8980925111790573,0.8225910222235623,11.289874482517371,1.016800594690624,7.323856693596826,1,1,1,0,0,1,1,0,1,0,0,1,1,0,1,0,0,0,1,1,0
53.0,1,9.40172903134914,1.5757910701059772,10.565019147352295,0.7134478813260423,9.048113548036248,0,1,1,0,1,1,1,1,1,0,1,0,0,1,0,1,0,0,0,1,0
64.0,0,7.57582281270744,1.1867625820178591,5.023599527358119,1.0364295458983577,7.086843013773889,0,0,0,0,1,1,1,1,0,0,0,1,0,0,1,0,0,1,0,0,0
39.0,1,4.961471685657772,2.71937881167922,11.983321075298303,1.3353623541788924,6.717427501833804,1,0,0,0,0,1,0,0,0,1,1,1,1,0,0,1,0,1,1,0,0
51.0,0,8.301542842296008,0.6014642803367377,6.068673772422191,1.1157925521013854,9.07584058538784,0,0,0,0,1,0,0,0,0,0,0,0,0,0,0,1,1,1,0,1,1
64.0,0,4.961471685657772,2.7843187350161482,9.79363930246696,1.1337884195450023,8.728496624391914,0,0,1,0,0,1,0,0,1,0,1,1,1,1,1,1,0,0,1,1,1
25.0,1,4.820704889557931,2.582485346382501,11.264279010685772,1.0410302890628116,6.348223633343597,0,1,0,1,1,1,1,1,1,1,0,0,1,0,1,1,0,0,0,1,1
57.0,0,6.337921955930468,1.2439267911020386,5.8854969146456755,1.4272656326314093,5.194787602555787,1,1,0,0,1,0,1,0,0,0,0,1,0,0,0,1,0,1,0,1,0
66.0,0,8.303663770571063,2.473226636692762,11.266068437416529,1.4319026844206033,6.948613550705101,0,1,1,0,0,1,1,0,1,0,1,1,0,0,1,0,0,1,1,1,0
61.0,1,7.85634864448775,0.5780339008468689,6.475852633558936,1.0127232010735523,7.321581113135274,1,0,1,1,0,0,0,0,1,1,1,1,1,1,1,1,1,0,1,1,1
36.0,1,2.8429855721626565,2.917163875733484,11.811305779072448,0.8057594871435044,9.029474667396839,0,1,0,1,0,1,0,1,0,1,1,1,1,1,0,1,0,0,0,0,1
59.0,0,9.414713678636122,1.6994873972351736,6.250080163043797,0.9595870058794439,11.31623010909491,0,0,1,1,1,0,0,0,1,0,1,0,1,1,0,0,0,1,1,0,0
58.0,0,1.3310238301656165,1.258202565163613,11.627486598062681,0.6865579121956157,4.289478380263401,0,1,0,1,0,0,0,1,1,1,1,0,1,0,1,1,1,1,1,0,1
54.0,1,8.763822824349406,1.4064580314866926,4.428357207141399,1.1363443153180892,5.949288100334759,0,1,1,1,1,0,0,1,0,1,0,0,0,1,1,0,0,1,1,0,1
23.0,0,9.712308471085723,1.6994873972351736,9.674176093358504,1.000092335782233,5.549727538236483,0,1,1,1,1,1,0,0,0,0,1,0,1,0,0,0,1,0,1,0,1
69.0,0,4.961471685657772,2.973373785105098,8.014112478059428,0.6033004778132799,8.01835526955027,1,1,1,1,1,1,0,0,0,1,1,0,0,1,0,0,0,1,1,1,1
43.0,0,7.248454035617474,0.5982298628767311,7.823016616981845,0.6976477811196153,7.437606456345279,0,0,1,0,1,0,0,0,0,1,0,0,1,1,0,1,1,1,1,0,1
51.0,0,0.4988266359021848,2.1372678078696477,5.78795451404672,0.9796319561995268,9.832300990561507,0,0,1,0,0,0,1,1,0,0,0,0,1,0,0,0,1,0,0,1,1
76.0,0,4.1136859688776335,1.6068398192661457,9.644766318211936,1.3875889907188583,5.939327300358911,0,1,1,0,0,0,1,0,0,1,0,1,1,0,1,1,1,1,1,0,1
73.0,0,5.211204662056972,2.8722905454717877,5.526475931570457,1.0663907206310974,8.75598692599807,0,1,0,1,0,0,1,1,0,0,1,1,0,0,0,1,1,0,1,0,1
76.0,0,5.848387736505377,1.114999350766988,8.422734367878146,1.1815350002084708,11.070858108799674,1,0,0,0,0,0,0,1,1,1,1,0,0,0,0,1,0,1,1,1,1
62.0,1,9.365778757660738,1.8302170598450282,6.025962904322006,0.8390285497439097,11.285421919346437,0,1,0,1,1,0,0,1,0,1,0,0,0,0,0,0,0,0,1,1,0
23.0,1,6.755281804212527,1.7058905214568825,11.644971038250848,1.0714113930442344,11.670276837800248,0,1,1,0,0,0,0,1,1,0,0,1,1,0,0,0,1,0,0,0,1
54.0,1,4.864651717070446,2.2571661101252536,4.229049550685223,0.9473798226380674,10.186089216639909,0,1,1,1,0,0,1,1,0,1,1,1,1,0,0,1,1,0,0,0,0
74.0,1,4.961471685657772,0.6700255798810513,5.5978262408898924,1.1591299126231607,11.247903250071321,0,0,0,0,0,0,0,1,1,1,0,0,0,1,0,1,1,0,1,1,0
50.0,1,9.510274927448648,0.9844728250583872,5.938484851099582,0.5505755660790104,5.876246975882194,1,0,0,0,0,0,1,0,1,1,1,0,1,1,0,0,0,0,1,0,0
70.0,0,0.31845487195467936,1.0364120502321246,7.312542606142531,0.9933002162389591,5.580647554803816,1,1,0,0,1,1,1,0,1,1,0,1,0,1,1,1,1,1,0,1,1
39.0,0,4.961471685657772,2.345376887104224,5.861841934960428,0.795992625143967,4.051904670244212,0,1,1,0,1,0,0,1,1,1,0,1,0,0,0,0,0,0,1,0,1
38.0,0,0.9527081767304353,0.9728467408168502,7.930792722150282,0.8261850612779092,9.654754859432787,0,0,0,0,1,1,1,1,1,0,1,1,1,1,0,1,0,1,1,1,1
23.0,0,8.162429114760737,1.9337294097274418,10.979724186068312,1.4609174315580615,11.499737502509955,0,0,0,0,1,0,0,0,0,1,0,1,0,0,1,0,1,0,0,1,1
23.0,1,2.875314050258984,1.0381095512523841,9.696507371273366,0.6826948127113828,5.495482760333411,0,0,0,0,0,1,1,0,0,0,0,1,1,1,1,0,1,1,1,1,1
72.0,0,1.4085786117633305,2.654062375209946,8.639695844280888,0.8112452525785969,9.09554860341503,0,0,0,1,1,0,0,0,0,1,1,0,1,1,1,0,0,1,1,0,1
65.0,0,4.454570833166965,2.8554636362240964,4.712025423861437,1.0098925757308717,9.971678073774221,1,0,1,1,0,1,0,0,1,1,1,1,0,0,1,0,1,1,0,1,1
21.0,1,6.475170136531374,1.7962324373556011,9.551936867114204,1.3630269481496238,11.420913881184452,1,0,0,0,0,0,0,1,1,0,0,0,1,1,0,1,1,0,1,0,1
47.0,0,3.871423265732403,1.3807722105229456,5.331314274487519,0.9166700832063704,9.174881792137773,0,0,0,0,0,0,1,0,1,1,1,1,0,1,1,0,0,1,1,0,1
28.0,0,0.6401975419987197,1.0851444375437478,10.290939087693584,1.243865280888171,11.762349861990018,0,0,1,0,0,0,0,1,0,1,1,0,0,1,1,1,1,1,0,0,0
79.0,1,6.034665282621295,0.6244525038076094,6.0004540680812255,1.3563740982148023,6.757385128100382,0,1,1,0,1,1,0,1,1,1,1,0,0,1,1,0,1,0,0,1,1
79.0,0,9.03379243349568,1.1712501904937385,7.336389826567207,0.8100163558218489,6.799428270171261,1,1,1,1,1,0,0,0,1,1,0,0,1,1,0,0,0,1,0,0,1
47.0,0,3.893832122877792,1.6994873972351736,6.803761618543423,0.8927501835387099,8.344100080114764,0,0,1,1,0,0,0,0,0,0,0,0,0,0,0,1,1,1,1,1,1
49.0,0,2.2416944985451877,1.8340423282730272,10.870511317398854,0.8565562236883563,7.068015048927257,0,1,1,0,1,0,0,1,0,0,0,0,1,0,0,0,1,0,0,1,0
41.0,0,4.481515724734872,2.8601031957023184,5.012355669707265,1.332855808617921,4.011405826300261,1,0,0,0,1,1,1,1,0,1,0,1,0,1,1,1,0,0,1,0,1
72.0,0,0.5787908393829306,1.4906931562292516,8.525159059078309,0.5443468619536012,9.8541762006959,1,1,0,0,0,1,1,1,1,0,0,0,1,0,0,1,1,0,1,1,1
26.0,1,8.222827086354721,2.2346583558209865,5.136492875544498,0.80842108882868,10.013736331827868,0,0,0,0,0,0,1,1,1,0,0,1,0,0,0,0,0,0,0,1,0
72.0,1,8.28077402840685,1.7233068686878035,9.638366689057493,1.1794085575951299,9.975796837494164,0,0,1,1,1,0,0,0,0,1,0,0,0,1,0,1,1,1,1,1,1
20.0,1,5.921204587953321,1.6994873972351736,11.24062502235585,1.0654434995653426,6.760165332883733,0,1,0,1,0,1,0,0,1,1,1,1,1,0,1,1,0,1,1,0,0
68.0,1,3.595718600490056,1.1694357865102938,7.476861230938027,0.9362893592936943,8.178315786489375,0,1,1,1,1,1,0,0,1,0,1,0,0,0,0,0,0,0,0,1,0
48.0,1,8.017855308013255,1.6373769421049993,7.904738082119807,1.0399482272213842,6.879788145413356,1,1,1,1,0,0,1,0,1,0,0,0,0,0,0,1,1,1,0,1,1
57.0,1,5.5914015454048345,1.676962492531768,11.419382691862097,0.6975845858283183,4.128291200245166,1,1,0,0,0,0,1,0,1,0,0,1,1,1,1,1,0,1,1,0,1
54.0,0,4.961471685657772,2.266606304372335,8.167931109194857,0.9307166216080104,8.499591530171351,0,1,1,1,0,0,0,1,0,0,1,1,1,1,0,0,1,0,1,1,0
53.0,1,6.351442046571904,2.851599997965285,7.9007875043964875,1.0017029841763492,4.990085328672088,1,0,0,0,0,1,1,1,1,0,0,1,0,1,1,1,0,1,1,1,1
41.0,1,7.865614184806693,1.3233031937062607,8.626632821634434,1.4011891219546015,4.640330592731525,0,0,1,1,1,1,1,0,1,0,0,1,0,1,0,0,1,1,1,1,0
48.0,0,6.025773632855824,0.6055011714532461,9.513837890903616,0.7608351628039763,10.043992549574298,1,0,0,1,1,0,0,0,0,1,0,1,1,1,1,1,0,0,0,0,1
23.0,0,4.199996575335096,1.7407378137515992,4.855067000696251,1.3678285021649326,4.076049619344845,0,1,1,0,1,1,1,1,1,1,1,0,0,1,0,0,0,1,1,1,0
19.0,1,9.583664013268763,1.8611533303729215,10.568884221932128,1.1442414008259818,11.672067548869808,0,0,1,1,1,1,0,1,1,0,1,0,1,1,1,1,1,0,1,1,1
37.0,0,5.457026866300563,0.9211013778297881,8.014112478059428,0.520340831067601,8.122042912900614,1,0,1,0,0,0,1,0,0,1,1,0,1,0,1,1,1,1,1,0,0
49.0,1,6.09038623355133,2.4011615156901667,4.578788079179884,1.2246313368993937,11.864131445649187,1,1,0,0,0,0,1,0,1,1,0,1,0,1,1,0,0,1,0,1,0
28.0,0,2.2828276302060178,2.962322771103729,10.289461353585704,0.5355518775490551,4.463980579781667,1,0,1,0,1,0,1,1,0,0,1,0,1,0,1,1,0,0,0,1,0
21.0,1,6.293942815330037,2.8644367925211522,7.015599773490177,1.497381126813813,8.668236390927305,1,1,0,0,1,1,0,0,1,0,1,1,1,1,0,0,0,1,0,1,1
32.0,0,5.758915729881144,0.9927650970591304,4.8029399607604315,1.3726366876911977,6.7946162878072895,1,1,1,0,1,1,1,0,1,0,0,0,0,1,1,1,0,0,1,1,0
23.0,0,1.929900139675547,1.6994873972351736,9.070232316346004,0.7973437475400457,10.747859942514285,0,0,0,1,1,0,0,1,1,1,0,1,0,1,1,0,0,0,1,0,1
71.0,1,4.961471685657772,2.2612340910292117,11.041050827469133,0.7574112301967054,6.88978188187429,0,0,1,1,1,1,1,1,0,0,0,1,0,1,0,0,0,0,1,0,1
66.0,1,6.083157265176234,1.634616409517279,11.10202807531189,0.8814410821056089,6.083900632458793,1,1,0,0,0,1,0,1,1,1,0,0,0,0,1,1,0,1,1,0,0
47.0,1,7.660553466568174,1.8515274858118227,11.661307798471785,0.856166965314443,10.860425016799306,0,1,1,0,1,1,0,0,1,1,1,1,1,1,1,0,0,1,1,1,0
73.0,1,5.281673572127882,2.624000437456145,10.941643678133504,0.872337818385381,6.997224733226088,0,0,1,0,1,1,0,1,0,0,1,0,1,0,1,0,1,0,1,1,1
55.0,1,2.3450489906644925,1.7003373490959328,4.017127354763802,0.8182765461194804,4.134666558884492,0,0,1,0,0,0,1,0,1,1,0,0,1,0,0,1,1,0,1,1,0
68.0,0,6.698567569261046,1.433018422762817,7.041929331307122,1.1211334068483314,7.12231280671467,0,0,0,1,0,1,0,1,1,0,0,1,0,0,0,1,1,0,1,1,0
79.0,1,0.8930466934350623,1.7331187325649644,10.548340639244024,0.664263663720624,9.236178152087536,1,0,1,0,1,0,1,0,1,0,0,0,1,1,0,0,1,1,0,0,1
74.0,1,4.47415367753935,1.6994873972351736,6.930024047987794,1.3459812924460133,6.034876310451055,0,0,1,1,1,1,0,0,0,1,0,1,0,1,0,0,0,0,0,0,0
19.0,0,1.71733090814436,0.9726941344458722,8.812388051037649,1.3124024840313153,7.455900739401258,0,1,1,1,1,0,0,1,0,0,0,1,1,0,1,0,0,1,0,1,1
32.0,0,1.9261446054928455,2.7522693256674766,8.850535578996256,0.9764832078552704,4.453721106257804,0,1,0,0,0,1,0,0,0,0,1,0,0,1,1,1,1,0,1,0,0
28.0,1,2.1027100966662164,2.1854673720740347,6.920202432310584,1.3527299652785476,8.704742332111657,0,0,1,1,1,0,0,0,1,0,0,1,0,1,0,0,0,1,0,0,0
25.0,0,3.9283998647353813,2.083172293343722,11.235791418250301,0.7471450700302933,10.05035939088315,1,0,0,0,1,0,1,1,0,0,1,1,1,1,1,0,0,1,0,0,1
43.0,0,0.6063870356419365,0.7487405654515953,8.02582676308894,0.517565455703967,7.306500491208882,0,0,0,0,0,1,1,0,1,0,0,0,0,0,0,0,1,1,0,0,0
68.0,1,4.038155065198072,2.0104348454314795,7.718273647500006,1.119207925029823,7.3618610624116805,0,0,1,1,0,1,0,1,0,0,1,1,1,0,1,1,1,1,1,0,1
62.0,0,5.1659037264355385,0.8024016555962308,11.980109965295167,0.9579094069647154,4.7062599886793315,0,0,1,0,0,0,1,0,0,1,0,1,1,0,0,0,1,1,1,1,0
61.0,0,4.88461342116662,0.6967441879884977,7.948002912580933,1.0671645462958708,5.6155269160958605,1,1,0,0,0,1,1,1,1,0,0,1,1,0,0,0,0,1,1,1,0
22.0,1,3.8895625939901017,1.8182772391059832,5.427186015428648,1.399339409018403,5.237402425023301,1,1,0,1,1,0,0,1,0,1,1,1,1,0,0,1,0,0,0,0,1
23.0,1,8.40755141990045,1.5069638351162373,8.104555382907504,1.4699255735659436,7.853502149292304,0,0,1,1,0,0,1,0,0,0,1,0,0,1,0,0,1,0,0,0,1
43.0,0,1.5387342549629908,1.972025675390558,10.51213388415944,1.134453139755603,8.234044327606,0,0,0,1,0,0,1,1,1,0,1,0,1,0,1,1,1,0,0,0,1
71.0,0,5.106397763435602,0.7230554201430965,10.214882615186252,1.2640555898524384,11.59152105027408,1,0,0,0,0,0,0,1,1,1,1,0,1,0,0,0,1,1,0,0,1
21.0,1,0.7142100278698875,1.6994873972351736,10.308654120867768,0.5838084334871643,4.585852034217871,0,1,1,1,1,1,1,0,1,1,1,0,1,0,0,1,1,1,1,1,1
36.0,0,4.961471685657772,0.9369667876128949,9.664190271983294,0.6607155848915056,8.798943785240377,1,1,1,1,0,1,0,1,1,0,1,0,0,0,1,1,0,1,1,0,0
37.0,0,5.781271911803254,2.9677502148102914,6.033742632533506,1.2332048049529765,8.21198821862593,0,1,0,1,1,1,1,1,1,0,1,0,1,1,0,0,1,0,0,0,1
50.0,0,5.703582406389427,1.902875531087936,10.896672686721852,0.9313654563880019,8.129864783486633,0,0,0,1,0,1,0,1,1,1,1,1,0,1,0,0,0,1,1,0,1
37.0,1,4.961471685657772,2.2185921523521683,11.14754772301012,0.9459652704044057,10.985274299062612,1,0,1,0,1,1,1,1,1,1,0,1,1,0,1,1,1,0,1,1,1
66.0,0,5.622949389034725,1.3135457017065195,5.5532215729483925,0.8086076816354366,5.644307765563892,0,1,0,1,1,0,1,0,1,1,0,1,1,1,1,1,0,0,0,0,1
29.0,0,9.601931102008017,1.6994873972351736,5.043645092411151,1.1073563834777438,4.326186194730972,0,1,0,1,1,1,1,1,0,1,0,1,1,0,0,0,0,0,0,0,1
64.0,1,0.5820789991593047,2.9396771569588416,11.804839748712897,0.6851650454162026,9.37817206107354,0,0,1,0,0,1,1,1,1,0,1,1,1,0,1,0,1,1,1,0,1
18.0,0,1.0702760793293367,1.6994873972351736,10.946591709202943,1.1269162793138956,6.761259713087841,1,1,0,1,1,1,1,1,0,1,1,0,1,0,0,1,0,0,1,0,1
43.0,0,0.5362520295467758,1.5595204629339356,11.145889177679575,0.6737988571352397,4.140719329700197,1,1,0,1,0,0,0,0,1,0,0,0,0,1,0,0,1,0,0,0,0
31.0,1,4.961471685657772,2.1246598042564377,8.014112478059428,0.5638260347097136,6.0109920583233105,0,1,0,0,0,1,1,0,1,1,1,1,0,1,1,0,1,1,1,0,1
55.0,1,5.458574098322613,0.5617432442152782,8.014112478059428,0.830357688699061,6.474614193734495,0,0,0,0,1,1,0,1,0,0,0,0,1,0,0,0,1,0,0,1,0
54.0,1,6.491164596131537,2.525647826293217,9.171213893326398,0.7311403420098477,8.934707014273936,0,0,1,0,0,1,0,1,0,1,1,0,1,0,1,0,0,0,1,1,0
79.0,1,0.5512930636918211,1.8414454750715508,8.362902817069134,1.3889916385563323,5.380686352394177,0,1,0,0,1,1,1,0,0,0,1,0,1,0,1,1,1,0,0,0,0
28.0,0,9.465111809471432,1.1955429676720555,4.409650793522633,0.5549534538686266,7.304434783627184,1,1,0,0,0,1,0,1,1,1,1,0,0,1,1,0,0,1,1,1,0
53.0,0,8.437437228838773,0.6540199632311732,9.964024682822181,0.6766136925741228,7.85980355534266,1,0,1,1,1,0,1,1,1,1,1,0,1,0,0,0,1,1,1,0,1
30.0,1,3.0364635733552223,0.9062460386861035,8.042656266687043,1.0487196055830494,7.673899130912727,1,0,0,1,0,1,1,1,1,1,0,1,0,0,0,1,0,1,0,1,1
60.0,1,0.8641565492420328,2.737584647133592,9.181672598321839,0.9810671908474736,11.791526133334255,0,1,0,1,1,1,1,1,1,1,0,1,1,1,1,1,1,1,0,0,0
20.0,0,1.781882024868667,1.6994873972351736,8.021118439804283,0.5458520183747015,4.364033902322369,0,1,1,1,0,1,1,0,0,0,0,0,1,0,1,0,1,0,1,0,1
50.0,1,1.3567496961742296,1.6994873972351736,7.934490578579648,0.5072524280151445,11.607745491619195,1,1,0,0,0,0,0,0,1,1,1,0,1,1,1,0,0,1,1,1,0
23.0,0,1.320509415059574,0.6640019123625738,5.374312875822135,1.48806794196115,8.655497711952266,0,0,0,0,1,1,1,0,0,1,0,0,0,0,1,1,0,1,1,1,0
67.0,1,5.233760717790766,2.226538280966591,6.229709721129192,1.1588347003588382,10.365821719758706,0,1,0,0,0,1,1,0,1,1,0,1,1,1,0,0,0,0,0,0,0
73.0,0,2.533889680684663,1.9310193149194128,5.270821535551646,0.8654061309015568,7.443140944128603,1,1,0,1,0,0,1,0,1,0,0,0,0,0,0,1,1,0,0,0,0
27.0,1,3.6455831936385303,1.5112988111455876,5.5653303650027395,0.9704322476632413,7.6307030500558435,0,1,0,0,1,1,0,1,0,0,0,0,1,0,1,0,0,1,0,0,0
22.0,1,9.896102800504792,1.4090286229751596,11.783819043362438,0.7665501204542869,11.034611992126589,1,1,0,0,1,0,0,0,1,1,0,0,0,1,0,0,0,0,0,1,1
40.0,0,6.874711064360913,1.0420356898227707,5.2249075661775874,0.8448737836932098,11.167475970335218,0,1,0,1,1,1,0,1,0,0,0,0,0,0,1,0,0,0,1,1,1
27.0,1,9.494908603765314,2.1740281413437943,6.154163394441661,1.1490444672682139,5.909511051450381,0,0,1,0,1,0,0,0,1,0,1,1,1,1,1,0,0,1,0,1,1
61.0,0,1.5113098948278445,2.9266700694846763,8.72471726190868,1.3828117988673707,5.593935028676945,0,1,1,0,1,0,1,1,1,0,1,1,0,0,0,0,1,1,0,0,1
19.0,0,3.883180800842436,0.9392881145920646,8.881428609893135,0.6841300230811849,7.969881390959609,0,1,1,1,0,0,0,0,1,1,1,0,1,1,1,0,0,0,1,1,1
30.0,0,5.591844852495307,1.9927915500387585,5.2317930379506326,1.3403615053853186,11.202216217021533,0,0,0,1,1,0,0,0,1,0,1,1,1,0,1,1,0,0,1,1,0
57.0,0,0.8599048126985064,1.5604626393649406,10.3497394062817,0.6215566295182691,6.57884074724941,1,0,1,0,0,1,0,1,1,0,0,0,1,1,0,0,1,1,1,0,1
19.0,0,0.14145569191678287,1.6167218043616622,10.281622943302601,0.7149922235883912,9.21611692271305,1,1,1,1,0,0,0,1,0,1,0,1,1,1,1,0,1,1,0,1,0
37.0,1,6.7372999045894835,1.135368200319536,5.898541633631129,0.537175288049646,9.665213501924809,0,1,1,0,0,0,1,1,1,1,1,0,0,0,1,0,1,1,1,1,1
49.0,1,6.45401321633421,2.5628371891535475,6.309330421403684,0.6408118620929995,10.229397319153247,0,1,1,1,0,1,1,0,1,1,0,1,1,0,0,0,0,0,0,0,0
54.0,0,4.961471685657772,1.7131390103681028,11.503902923675977,1.4173031454640506,8.511395663367706,1,0,0,1,0,1,0,0,1,0,0,0,0,1,0,1,0,0,1,1,0
49.0,1,4.947476352717123,1.6994873972351736,10.605371567835824,0.9594387466183786,7.219641426231757,1,0,0,1,1,0,0,1,1,1,0,0,1,1,0,1,0,0,0,0,0
34.0,0,4.212885705861687,1.6994873972351736,9.58237626450019,0.5776658617783536,11.736127910391783,0,0,0,1,1,0,1,0,0,0,1,0,0,1,0,0,0,1,1,1,0
26.0,1,0.33764994396439973,0.9545211641673743,4.657865772084804,1.4597268380389612,8.890646026422822,1,0,1,0,1,1,1,1,1,0,0,0,1,0,0,0,0,1,0,0,0
28.0,1,3.420178901552878,0.7147759705070512,7.346112647220606,1.3789923077586501,9.828521693066167,1,1,0,0,1,0,1,0,0,1,1,1,0,1,1,1,1,1,0,0,0
32.0,1,1.8531143284331695,2.28529785231229,8.474414976614616,1.2546825208681414,6.759862765567027,1,0,1,0,1,1,1,1,0,1,1,1,1,1,1,0,0,1,1,0,1
41.0,1,1.0743994721035506,0.9905857042196391,5.4992903038702154,1.4334727919475578,9.35959344802464,0,1,0,1,1,1,0,1,0,1,0,1,1,1,0,0,0,1,0,0,1
55.0,0,9.571532295504563,2.225188385471994,7.585812656865796,0.7201294208357641,6.062381297313007,1,0,0,0,0,0,0,0,0,1,1,1,1,0,0,1,0,0,0,1,0
72.0,0,6.03366127791744,1.4759411151173847,8.80820701990952,1.3363692930100863,5.960775340229089,1,1,1,1,1,1,1,1,0,1,1,0,0,0,0,1,0,0,0,0,0
52.0,1,7.313697213942366,1.5394370024741286,6.619013440923194,1.1899911963543062,9.71777761447541,1,1,1,0,1,1,0,0,1,1,1,1,1,0,0,0,0,0,1,0,1
47.0,1,3.2221010583345633,1.6729437402319292,10.247558551603898,1.3697592495676885,8.17115789010348,1,1,0,1,1,0,0,0,0,0,1,1,1,1,0,0,0,0,1,0,0
48.0,0,3.9921565819907507,1.419271270318858,10.723596653110445,1.2969115657426298,9.466212883379118,0,0,0,1,1,1,0,0,0,1,1,1,0,1,1,1,1,0,1,1,1
66.0,1,2.4455475395775625,0.7515499430564752,6.588875755472566,0.846495063176825,6.155507925984733,1,1,0,1,1,1,1,1,0,0,0,1,0,0,0,1,1,0,1,0,0
22.0,0,1.059960142557705,1.2740795250071144,10.709257235939656,1.2743985370172557,8.789786728453844,1,1,1,0,0,0,1,1,0,0,0,0,1,0,0,0,1,1,0,0,1
79.0,0,1.8724132106716798,2.1593359017348464,4.82861252882412,0.7624563029848903,7.5514691976249,1,1,1,0,0,1,1,1,0,0,1,0,0,0,1,0,1,1,1,1,0
77.0,0,7.99538904843521,2.1644610036721774,10.70183278898125,0.8285921630280548,8.775682294764223,0,0,1,0,0,1,1,0,0,0,1,1,0,0,0,1,1,1,0,1,1
61.0,1,6.807703471319381,1.2155607680999858,5.222003453340933,0.6079057172229761,6.327037857953755,0,1,1,0,1,0,0,0,1,0,1,1,1,1,1,0,1,1,1,0,1
67.0,0,5.514595872256221,1.65025656639422,4.663417220077808,1.4350766159804689,9.72360770919299,0,0,0,1,1,1,1,1,1,0,1,0,0,0,0,1,0,0,0,1,1
31.0,1,4.803389741381004,0.9836180700298437,9.13420323552809,0.7910033634002815,10.447434929275724,1,1,1,1,1,1,1,0,0,1,1,0,0,0,1,1,0,0,1,0,0
70.0,0,9.232099408195632,1.0259302038245894,7.775498926042355,1.020622465171452,6.079331790861789,1,0,1,1,0,1,0,0,0,0,1,1,0,1,0,1,1,0,0,0,1
73.0,1,0.8200759830088172,0.5576177210165185,8.014112478059428,0.8913328364661927,6.4049644788451365,1,1,1,1,0,1,1,0,0,0,1,1,1,1,0,0,1,1,1,1,1
28.0,1,2.8779480510553683,2.7418663747693617,6.905513568726794,1.4599281205835015,9.289234157752745,0,1,0,0,1,0,0,1,0,0,0,1,0,0,1,1,0,1,1,0,0
26.0,1,3.564384750350069,1.6994873972351736,6.297218107501029,0.8350491709384824,9.564681394428353,1,1,0,0,1,1,1,1,0,1,1,1,1,0,1,1,0,1,0,1,0
51.0,0,4.961471685657772,1.0688346923411582,8.005879249153587,1.278545821422689,9.6327974751796,1,1,1,1,0,0,0,1,1,0,0,0,1,0,0,0,1,0,1,0,0
29.0,0,9.925894739603516,1.1990035816128295,7.64756948614929,1.35541615463118,9.461588038206695,0,0,1,0,0,1,0,0,1,0,0,0,0,0,1,1,1,0,0,0,1
52.0,1,2.4826380960958154,0.8185201792385726,6.755424369737506,0.9356064974809659,7.14246173562031,1,1,0,1,0,0,0,0,1,1,1,0,1,1,0,1,1,1,0,1,0
52.0,1,8.755642607957098,2.098157207953407,9.549930389586628,0.8781718144529312,7.158829395229427,1,1,0,1,1,1,0,1,1,1,0,0,1,0,1,0,0,1,1,0,1
18.0,1,8.323165328274733,0.6878573829439665,10.076494671311266,1.247745820932628,6.038540989155051,0,1,1,1,0,0,1,1,1,1,1,0,1,0,1,1,1,1,1,1,1
49.0,0,2.3241082366534895,0.8355060658158757,10.823871752241093,1.4128959803062342,5.254669599170904,0,0,0,0,1,0,0,1,1,0,0,0,1,0,0,0,1,1,0,0,1
39.0,0,4.053392543972303,2.1118918164752323,11.782852837682743,1.2549317330722383,9.540619035175245,0,0,1,1,1,1,0,0,0,1,0,1,0,0,0,0,1,1,1,0,1
77.0,0,4.155761405995939,1.6994873972351736,6.133249537060036,0.7271263655918656,4.745510287778503,0,0,0,0,1,1,1,1,0,1,1,0,1,1,1,1,1,1,0,1,1
46.0,0,9.784384618412927,2.2698695667529725,9.728747859919693,1.3883077474377052,11.502338294294253,0,1,1,1,0,0,0,1,1,1,0,1,1,0,0,1,0,0,1,0,0
25.0,1,1.8908298236510936,1.8935618616753551,7.154065883965962,0.8875816674368331,10.61349042937161,1,0,1,0,0,0,0,1,0,0,0,0,1,1,1,1,1,1,1,1,0
28.0,1,8.011663913937342,1.1400529326537827,9.416655775608865,1.0762294117779343,10.860045919658049,0,0,1,0,0,0,1,0,1,1,0,1,0,0,0,1,0,0,0,1,0
58.0,0,3.4085078703137883,2.12706987622332,7.807853522793763,1.331435619292711,11.253350516921522,1,0,1,1,0,0,1,1,1,0,0,0,0,0,0,1,0,0,0,1,0
54.0,0,7.335616423183988,0.7906842007322017,11.950184822143452,0.6883947674004922,7.268839765785921,1,1,0,1,1,0,1,0,1,0,1,0,1,0,1,0,1,1,1,1,0
31.0,1,4.258108942527062,1.841025957700076,9.831217086326,1.2845101356775532,10.77360578680321,0,0,0,0,1,0,0,1,0,1,0,1,1,1,0,0,1,0,1,1,0
77.0,0,5.825761654853746,1.5928702626125866,11.619930403474596,1.0961627979106776,5.264490402333195,0,1,1,0,1,1,0,0,0,0,1,1,0,1,1,1,0,1,1,1,0
47.0,0,8.342856555928698,1.169683957043602,8.014112478059428,1.3933416418276083,4.173134356865885,1,0,0,0,1,1,1,1,1,0,1,1,0,0,1,1,0,1,1,1,1
52.0,0,8.061239093340454,2.01001249434875,8.014112478059428,0.671970401843543,10.2791311573108,1,0,1,1,0,0,1,1,0,0,1,1,0,1,0,0,0,1,0,1,1
38.0,0,8.677589517043032,2.6783339808507063,10.515353577717399,0.9206822370409284,4.598373183975514,1,1,0,1,1,0,1,0,1,1,1,0,1,1,0,1,0,1,0,1,1
54.0,0,0.6902115209121243,2.997261749407692,7.673273043007291,1.3328430928668373,11.908197338607373,0,1,1,0,0,1,0,1,0,0,0,0,0,0,1,1,0,0,1,1,1
22.0,0,6.951300475093474,2.019406921858561,6.014307626775075,0.5192317034567602,9.398371436812447,1,1,0,0,1,0,0,1,0,1,0,0,0,1,1,1,1,0,0,0,1
36.0,1,1.4858750295454526,1.5117646858229254,6.962561403604178,0.6122013667656429,10.027597681936843,0,0,0,0,0,0,1,1,1,0,0,0,1,1,1,0,1,1,1,1,0
76.0,0,4.961471685657772,1.063017750540504,4.161889861119604,1.4905652127567346,5.9664308502229275,1,1,0,1,1,1,0,1,1,1,0,0,1,1,1,0,1,0,1,1,0
31.0,0,5.531025309041416,1.1427402234877793,8.191945339717337,0.7803941785903505,9.390923151357505,1,1,0,1,1,1,0,0,1,0,1,1,0,1,1,0,0,1,1,0,0
43.0,1,4.087120898993624,1.6986374453744142,8.04046240216327,1.4755431937239534,4.345759498039658,1,0,1,0,0,0,0,0,1,0,1,0,1,1,0,0,0,1,0,1,1
79.0,1,5.244155590449774,1.418194253201773,8.202003718643905,0.6825315510086739,10.702605759388806,0,1,1,0,1,1,1,0,0,1,0,0,1,0,1,1,0,1,0,1,0
21.0,1,9.96561045710633,2.7845363065623605,11.79224979977651,0.8610944430073356,5.3569927442525795,0,1,0,1,0,0,1,0,1,0,1,1,1,0,1,1,0,1,0,1,1
42.0,0,1.438651405757262,1.4207386691392738,11.291632027638714,1.2528694445035706,9.578864534670164,1,0,0,1,1,1,0,0,0,1,1,0,0,0,1,1,1,1,0,1,1
62.0,1,4.961471685657772,1.4336114778635887,5.293702226640864,1.1577784072381785,5.795844009861827,1,0,0,0,0,0,1,0,1,1,1,1,1,1,1,0,1,0,1,0,0
59.0,0,4.020409567217591,1.4588362810849425,6.9510601724471135,1.0811223999290556,4.547625355408342,1,0,0,0,0,0,0,0,0,0,1,0,1,0,1,1,0,0,1,0,1
42.0,0,1.416797009182555,1.6994873972351736,7.391649435706095,1.0298991758050076,7.851949428395154,0,1,1,0,0,0,0,0,1,1,1,0,1,1,1,0,0,0,0,1,1
35.0,0,1.6714939574056644,2.1269708021172544,8.014112478059428,1.3434404436647402,5.354289682182316,0,0,0,1,0,0,1,1,1,0,1,0,1,0,1,1,1,1,1,1,0
57.0,1,9.497803751831608,2.035422125797232,10.387967708831304,0.7349485628333927,9.835551906612398,0,1,0,0,1,1,1,1,1,1,1,1,1,1,1,0,1,1,0,1,0
25.0,1,8.808054817446443,1.3353575559596553,8.192301358940696,0.9424709269935184,5.900526747067879,0,0,0,0,0,1,1,0,0,1,1,1,1,1,1,1,1,0,0,1,0
56.0,1,9.079715408108717,2.5447604420810985,8.576798535773001,0.6554522921564573,6.739780449886631,0,0,0,0,0,1,0,0,0,1,1,1,1,1,1,1,0,0,0,0,0
57.0,1,9.916174480691126,0.5959096533892528,10.824108471903404,1.0959415957307044,8.539514010115784,1,0,0,1,0,0,1,0,1,0,0,0,1,0,0,1,1,1,0,1,1
31.0,1,2.162322361084328,2.676992930845283,10.447425227322869,0.7505444242713202,6.279746220618493,1,1,0,1,0,1,0,1,0,0,0,1,1,1,0,1,0,1,1,1,0
49.0,0,3.6188494399042117,1.781874749484824,5.0576921825623975,0.8338420643433858,7.023904929679693,1,1,0,1,1,0,0,0,1,0,1,0,0,0,0,1,1,1,1,0,0
68.0,0,6.725268396256181,1.495625587158532,9.711316672669074,0.9712507166235281,10.524974168323094,0,1,0,0,0,0,0,0,0,0,0,0,1,1,1,1,1,1,1,0,0
78.0,0,4.889645144620408,1.7429182017942142,7.483489031216284,0.5267705857031278,5.433678796488206,1,1,1,1,1,1,0,0,1,1,1,1,1,1,1,1,1,0,0,0,0
55.0,0,4.242056380445502,1.6994873972351736,6.357191224500004,0.5919379359208377,4.657612715855469,0,1,0,1,1,1,0,0,1,0,1,1,1,0,1,1,0,0,0,1,1
50.0,1,3.6423313684223713,0.5319135662947434,4.400150567217491,1.1859292207082195,6.626862281064154,0,0,0,1,0,0,1,1,0,0,0,1,1,0,1,1,0,1,1,1,1
40.0,1,5.978428256240177,2.6788796411456195,7.897996482763608,0.9289699807175072,7.395014136111025,1,0,0,1,0,0,0,0,0,1,0,0,1,1,1,0,1,0,1,0,1
49.0,0,5.798374943536811,1.616848813278482,6.843493445796251,1.3647902219998955,8.341274257092541,1,0,0,1,0,1,0,1,0,0,1,1,1,1,0,0,0,0,0,1,0
50.0,1,1.6984325572359769,1.3574162992501955,8.014112478059428,1.1946720036441993,6.979389569400056,0,0,1,0,0,1,1,1,1,0,1,0,0,1,1,0,1,1,1,1,0
42.0,1,4.770224391432547,0.8456139140851427,9.55737383677566,0.5081009416473224,10.31929360178244,0,1,0,0,1,1,0,1,0,1,0,0,1,0,1,0,0,0,0,0,1
34.0,0,5.579370584477513,1.5986634358961054,10.155883098524697,1.1167123307671347,4.314555901347786,1,1,1,0,1,1,1,0,0,0,1,1,1,1,1,0,1,1,0,0,1
50.0,0,5.7458406934407655,1.740806928210947,5.9583161522353985,0.5937248660597164,7.454140305588464,0,1,1,0,0,1,0,1,0,0,0,0,0,1,1,0,0,0,1,1,0
64.0,1,2.180061209832283,1.5091167362336946,4.395579493434778,1.2809331797904941,7.058047317251237,0,0,1,0,0,0,1,0,0,0,1,1,0,1,1,1,0,1,1,1,1
72.0,1,7.448486783297639,2.196650234567243,10.790021604521879,1.491507688278502,9.180627926454871,0,0,1,1,1,0,1,0,0,0,1,0,0,1,1,1,1,1,0,0,0
19.0,0,0.3494710387285894,1.552241321898065,4.0796779296344265,1.0311987942415115,11.730210015179168,1,1,0,1,1,0,1,0,1,0,0,0,1,0,0,0,1,0,1,1,0
31.0,0,3.6128353698773106,2.9035439446164335,11.496899951371777,1.1827795001941304,8.083003253030897,0,0,1,0,0,1,1,0,1,1,1,0,1,0,1,0,0,1,0,1,1
70.0,0,7.824105220502772,1.9981937945589796,9.020958991861647,0.7373141608947515,11.895014775533763,0,0,1,1,0,0,1,0,0,0,0,1,1,0,0,1,1,1,1,1,1
57.0,1,5.682539918448483,2.5186948391297723,6.574773081610562,0.9375977437537936,6.41799515930558,0,1,0,0,0,1,0,0,1,0,1,0,1,0,1,1,1,1,0,1,0
57.0,0,2.6855080818575168,1.6994873972351736,5.97182327661389,1.3560953322363836,4.246945060339688,0,0,1,0,0,1,1,0,0,0,0,0,1,1,1,1,1,1,0,1,0
68.0,0,6.980035881496172,1.4932282323647643,4.072045314115802,0.6674229477462512,5.325305339811302,0,1,1,1,0,1,1,0,0,0,1,0,1,1,1,1,1,0,0,0,1
56.0,1,5.717170347145126,1.3421192536178816,5.883771336087017,0.7655356056137621,7.1609990781965385,0,0,1,0,0,0,1,1,1,0,0,1,0,0,0,0,0,1,1,1,1
68.0,1,7.982811733618233,1.9237059703414796,5.101826412137129,0.9454336752860302,6.530671273508418,0,1,1,1,1,0,0,0,1,0,0,0,1,1,1,0,1,0,1,1,1
49.0,1,7.3767493432792515,2.652783800153564,8.897329765785166,1.212248891844014,4.776433047867021,1,0,0,0,1,0,1,1,1,0,0,0,1,1,0,1,0,0,1,1,0
23.0,1,6.140068428158723,0.6958455444050167,5.3323647087504105,0.8758839547956738,7.461280861525735,1,1,1,1,1,0,0,0,1,0,0,1,0,1,1,0,0,0,1,0,1
49.0,1,4.932958985577058,0.6814369951117769,8.229038700292953,1.4277322797830039,6.704926173276502,1,1,0,1,1,1,0,1,1,1,0,0,1,0,1,0,0,1,1,1,1
24.0,0,1.4185030441084818,2.6257942703939974,8.720931378755767,0.5944570512687192,4.980953763659508,0,0,0,1,0,1,1,1,1,0,0,1,0,0,1,1,0,0,1,1,1
68.0,0,2.6871968770652996,1.0321252150958935,6.384333586775316,0.8708041975448475,6.368937044895271,1,0,0,1,0,0,0,0,1,0,1,1,0,0,1,1,1,1,0,0,0
25.0,1,4.249084781879144,2.171883136124534,4.28051959214975,1.208954123428422,11.091488442843124,1,1,1,1,1,0,0,1,0,0,0,1,0,1,0,1,0,1,0,1,0
59.0,1,6.033062941363248,1.8571953309020128,4.298031044913569,0.7259867656614925,6.416390923914721,0,1,1,1,0,1,0,0,0,1,1,0,0,1,1,1,1,1,1,1,0
69.0,1,5.185707766631517,2.5822339872180735,4.210778657551341,1.1564131342296728,9.711643385936412,1,1,0,0,0,0,0,1,0,0,1,0,1,1,0,0,1,0,1,1,0
32.0,1,2.953026806999342,0.8127222745910088,9.91299733709237,0.6642169582273459,8.896376637262044,0,1,0,0,0,0,0,0,1,1,0,0,1,0,0,1,0,1,0,0,0
64.0,1,0.16399714211813446,0.8244574143065282,6.544077638514385,0.5559802848616864,7.417449299266974,0,1,0,1,1,1,1,1,0,0,1,0,1,0,1,1,1,0,1,0,1
49.0,0,5.012768296818058,1.6994873972351736,10.370401487741308,0.6210157167486489,5.912205094429353,0,0,0,1,1,0,0,1,0,0,1,0,1,0,0,0,0,1,1,0,0
50.0,0,2.9276972867662066,2.8659466333959274,7.453862590742793,1.4299847831341346,6.9521175947675635,1,0,0,0,1,0,0,0,0,0,0,0,1,0,0,1,1,1,1,1,1
69.0,0,7.372622177034297,1.5374943959268856,8.014112478059428,1.0517508829395514,8.736857707768342,0,0,0,0,1,0,0,1,0,0,0,1,1,1,1,1,1,0,0,1,0
47.0,0,0.3370680261777866,1.3173552506367374,8.103060820076589,1.296345775479649,6.80602571799484,1,0,1,0,1,1,0,0,1,1,0,1,0,1,0,0,1,1,1,0,0
56.0,1,5.8897953319273295,2.0167233079947144,9.704251651000831,0.8326545009050512,5.719171468593855,0,0,1,0,1,0,0,0,0,1,0,1,0,0,0,1,0,1,0,0,0
44.0,0,9.420594951310047,2.826121501362578,6.1880229266376565,1.0926586478854468,4.931701991133057,0,1,1,0,1,0,1,1,0,0,1,0,0,0,1,1,0,0,1,1,1
49.0,1,1.8266517444038453,2.592319582111559,4.972698796268215,0.9949521337049916,11.038135503276521,1,0,0,1,0,1,0,1,0,0,0,1,0,1,1,0,0,0,0,0,0
46.0,1,4.769329958430894,2.9887090268330496,8.448458681531692,1.4457379594022939,7.522503806015245,0,0,1,0,1,1,0,1,0,0,0,1,0,1,0,1,1,0,1,0,1
55.0,1,1.005077718989668,0.5564214580059428,6.615820985941914,1.2475746360541105,9.00166657394344,1,1,0,0,0,1,0,0,0,0,0,0,1,0,0,1,0,0,1,1,1
74.0,0,6.294250931387391,0.7821453617819056,7.539930509344299,1.230542631496579,7.923282889094442,0,1,0,0,0,1,1,0,1,1,1,0,1,0,0,0,1,0,0,0,0
50.0,1,5.550263637902633,2.0236694084165547,9.175573666698444,0.5463532694342795,10.980532146863707,0,0,1,1,1,1,1,0,0,0,1,1,0,0,0,0,1,1,0,1,1
78.0,0,4.13291868970704,2.5514410983346245,7.953005929130165,1.049669669003691,8.375478819585688,0,0,0,0,0,1,1,0,0,1,0,1,0,1,0,1,1,1,0,1,1
54.0,0,5.261632512590038,1.2131108557669164,8.962230536806743,0.9669914539018148,7.846251343592907,0,1,1,0,0,1,0,1,0,1,0,0,1,1,1,1,1,0,1,0,0
44.0,1,8.9760891188432,1.0980277200855468,8.353600016909024,1.4278422666061945,11.3968079233737,0,0,1,1,1,0,0,0,0,1,0,1,1,1,0,1,0,0,1,0,1
72.0,1,2.0433135928795636,2.467439498453002,9.918370975488793,0.7573419881895322,9.757516768362837,0,1,1,1,0,1,0,0,0,0,1,1,1,1,0,1,0,1,0,1,0
50.0,1,0.32338866588293763,0.640954634633079,9.64749294169296,0.7698334532910943,4.892399258774859,0,0,0,0,1,1,0,1,0,0,1,0,1,1,1,0,1,0,0,0,0
79.0,0,8.6304823585211,1.4234566189564628,8.273519134468954,0.9113462488815004,5.421635689574512,0,0,0,1,0,1,0,1,1,1,1,1,1,0,1,0,1,1,1,0,1
21.0,1,5.813459115640274,1.7645230564808243,9.431224166877655,0.743369713406376,10.296982903515534,1,0,0,0,0,0,0,1,0,1,1,0,0,0,0,0,1,0,0,0,1
39.0,0,8.91751870907224,1.9008716858758086,10.988476818180903,0.6291839178087495,10.686810569439634,1,0,1,0,0,0,0,0,0,1,0,0,0,0,1,1,0,1,0,0,1
19.0,1,6.009757711790408,2.3215378919819423,7.458170302305349,1.357414846650801,8.361526632722372,1,1,0,1,0,1,0,1,1,0,1,1,0,0,0,0,1,1,1,0,1
27.0,1,8.120594790601055,1.3871143085766455,7.302104581990349,1.0582765244039158,8.435641822933114,0,1,1,0,1,1,0,1,1,0,0,1,1,0,1,1,0,0,0,0,0
22.0,0,4.353766297215964,2.031710861686518,10.11396496681904,1.361362718956567,9.055463702811556,1,0,0,1,1,1,0,0,0,1,0,0,0,1,1,1,0,0,1,1,0
76.0,0,7.523613319753861,1.963438556977391,8.660430696335952,1.331134765403696,7.512926194261116,1,0,1,1,1,0,0,0,0,0,0,0,0,0,1,0,0,1,0,1,1
27.0,0,9.139110522209574,1.8690402516343678,4.568054241780708,0.7820423547896711,9.441592987871232,0,0,1,1,0,1,1,0,1,0,0,1,0,0,1,0,1,1,0,1,0
50.0,0,5.764017340849842,2.1012082328555306,11.13689612552865,1.047737444324274,4.8678500605313255,1,0,0,1,0,0,1,0,0,0,1,0,1,0,1,0,0,0,0,0,1
71.0,0,1.8897729905675575,1.1486229276701907,4.246264817901121,0.5832177027400705,11.690233938939091,0,1,0,0,0,0,1,1,1,1,0,1,1,1,0,1,0,0,0,0,0
55.0,0,2.761096388798962,0.7116218839615724,9.987170849677945,1.4152518840307584,10.001238590359375,1,1,1,0,0,1,1,0,0,0,1,1,1,0,0,0,0,1,1,1,1
30.0,1,2.066581311284317,1.6994873972351736,10.070353141634502,0.9042627150651531,9.049393632072055,1,0,1,0,1,0,0,1,0,0,1,0,1,1,1,1,0,1,0,0,1
48.0,1,2.543884573197756,1.0614559566347528,11.624888682255444,0.8936761838890214,6.5305764560758455,1,1,0,1,0,1,1,1,0,1,1,1,0,0,1,0,0,1,0,1,1
64.0,0,3.13351294857526,1.7504948388069632,4.433075267218566,0.8027553706179532,5.287643899653833,1,1,1,0,1,0,1,0,1,1,0,1,0,0,1,1,1,0,0,1,1
53.0,1,5.595824488856565,2.6011068763650504,8.774854886275929,0.9606637447107038,7.274743710631557,1,0,0,1,0,0,1,0,1,0,0,0,1,1,1,0,1,0,0,0,0
62.0,0,5.921117131691944,2.25323335522096,7.4227245650164235,0.751759386545448,9.292613924592468,0,0,0,0,0,0,1,0,1,1,0,1,1,0,0,1,0,0,0,0,0
41.0,1,4.322347497694425,2.472601510505118,6.645063638876336,0.8748522727968046,9.069677947384887,1,0,1,1,1,1,1,0,1,1,0,0,1,0,1,1,1,0,1,0,1
69.0,1,6.1926657202262705,1.3774390598152284,4.722548482392584,1.2999470485848819,7.061129240524572,0,1,0,0,1,0,0,1,0,0,0,0,0,1,1,0,0,0,1,0,1
49.0,0,0.9075917635525227,1.5116343541213755,8.501232957370473,1.334255503585172,8.906291150665037,1,1,1,0,1,0,1,0,0,1,1,1,1,0,0,1,1,1,1,0,0
32.0,0,0.9691035468757837,1.484204714976532,7.832325805396909,0.8041824776285161,10.509986364540381,0,1,0,1,1,1,1,0,1,1,0,0,0,1,1,0,1,1,0,0,1
46.0,0,1.8011116575408188,0.9796829610112539,8.014112478059428,0.9690144305527879,4.2102781787008565,1,1,1,0,0,0,0,1,1,0,1,0,1,1,0,1,0,0,1,0,0
25.0,1,5.228967230599413,0.6530416453589301,8.899916056776668,1.3738197762800524,7.6049683834422055,1,0,0,1,1,0,1,1,1,0,1,1,1,1,1,0,0,1,0,0,1
22.0,0,2.2185473191133043,1.6994873972351736,9.903624962023507,0.5526733318296971,10.068441827734329,1,0,0,1,1,1,0,1,1,0,1,1,1,1,1,0,1,1,1,0,1
46.0,1,2.904515594576516,2.9730417085514653,10.138226408429187,1.3891449619957854,8.369155763707017,1,0,1,0,0,1,0,0,0,1,1,1,0,1,0,1,1,1,1,0,0
64.0,0,4.063097078112642,0.9170742623756571,11.24298550609942,0.7191843456523317,9.21180870343256,1,1,0,0,0,1,0,1,1,0,0,1,1,0,1,0,1,1,0,1,0
21.0,1,8.13747462770276,0.6167120497481844,7.2757659351102175,1.1785392442143758,8.133411140842735,0,0,1,0,0,0,0,1,0,1,0,0,0,0,0,1,0,1,1,0,0
29.0,1,0.23723514553731517,2.448829204559832,8.014112478059428,1.0825516963846002,11.934996357458488,1,0,1,1,0,0,1,1,1,0,0,0,0,0,0,1,0,0,0,1,0
62.0,0,6.528850320342562,1.1314650167118105,10.923435240661489,1.052940748189252,4.436972291912306,1,1,1,1,1,0,1,0,0,0,1,0,1,1,0,0,1,1,1,1,1
19.0,1,6.721877657302785,2.574109513382321,6.372012568191512,1.3593602247528214,7.928358574179018,0,0,1,1,1,0,0,1,1,1,1,1,0,0,0,0,0,0,0,1,1
44.0,1,8.006692225530703,2.2598416675862882,5.274264298795668,0.6015721436446613,4.7313323929161415,1,1,1,1,0,0,1,0,0,1,1,0,1,1,1,1,1,0,0,0,0
48.0,0,9.334254096697101,2.8641838426270114,7.483115169024107,0.847028025325636,5.278284496908563,1,1,0,1,1,1,0,1,0,0,1,1,1,0,1,1,0,1,0,1,0
68.0,1,0.29936470459796927,1.5223180893916801,7.215189663647733,1.0382527463447655,7.064306803346095,1,0,0,1,1,0,1,1,0,1,1,1,1,1,0,1,0,1,0,1,1
68.0,0,1.6224586845808404,2.1549245986265855,8.605754442649634,1.31128885394604,5.2443207320038985,1,0,0,1,0,1,1,1,0,0,1,1,1,1,0,1,0,1,0,0,1
53.0,0,8.87309581115433,1.6621369520331768,8.667089858621985,0.7164430834116715,11.709497327653208,1,1,0,1,1,0,0,1,0,1,0,0,0,0,0,1,1,1,0,0,1
53.0,0,4.639333765651452,2.076471743271359,9.999895875039801,1.3029298413742763,11.574318213801273,0,0,0,1,1,0,1,1,0,0,1,0,0,0,0,0,1,0,1,0,0
43.0,0,5.6894473254412885,1.6239972650193433,8.079119585644882,0.8996384824939357,6.68887716976483,1,0,0,0,0,1,0,1,0,0,0,1,1,0,0,0,1,1,0,0,0
60.0,1,6.663969316859159,0.9715806160601871,4.838581127526124,0.6889138564336954,9.117981696301436,0,1,0,1,1,0,0,0,0,1,0,1,1,1,1,1,0,0,1,0,1
44.0,1,6.82275938450681,1.7697435400084522,10.866330684424849,1.2589864404434827,8.270026564750289,1,0,1,1,1,0,1,0,0,0,0,1,0,0,1,1,0,0,1,0,0
22.0,1,9.32422999283343,1.8214605035936058,6.478116665481497,0.5908989014745478,10.52469584412615,1,1,1,0,0,1,1,0,1,0,1,1,0,1,0,1,1,1,0,1,1
37.0,0,9.969799232375529,2.5265096206504025,11.770379682452736,1.014767374075443,9.019564878535537,0,1,1,0,1,1,0,1,1,1,0,0,0,0,1,0,1,0,0,1,1
28.0,1,7.229558863216308,2.3388017644839527,4.942880869438161,0.5638757838618884,4.002019635924497,1,1,0,1,0,0,0,0,0,1,0,0,0,1,1,0,0,0,1,1,0
79.0,1,2.9434899711309934,2.15947905985361,11.666009377860025,0.8564178551577876,10.10539508487791,1,1,1,0,0,1,1,1,1,0,1,1,1,1,0,0,0,0,1,0,1
27.0,0,4.961471685657772,0.7834677388814313,4.728094455060136,1.1010767990063925,9.974784970368944,0,0,0,0,0,0,1,0,1,1,0,0,0,0,1,1,0,1,0,1,0
57.0,0,0.58728705395354,2.3015407266592876,5.848289103576476,1.056115541487213,8.077781644531848,1,0,0,1,0,1,1,1,0,0,0,1,0,0,0,0,0,0,0,0,1
55.0,1,2.3877004434575126,1.750762890886287,4.372639536692333,0.9046554179046665,11.22335178586443,1,0,0,1,0,0,1,0,0,0,1,1,1,0,0,0,0,1,1,0,1
23.0,0,4.961471685657772,2.735248840265398,9.64090517311196,0.9290479939721157,11.267569645523213,0,1,1,0,0,1,0,1,1,1,1,1,1,1,1,0,0,0,1,0,0
25.0,0,4.961471685657772,2.799677335326357,8.014112478059428,0.7267695533507665,8.191293413635178,0,0,1,1,1,1,1,1,0,0,1,1,0,1,1,0,1,0,1,1,1
40.0,0,2.28444549025531,0.6378914765044637,7.472568654527843,0.9558825884241029,8.863905849572301,1,1,1,0,0,0,1,0,0,0,0,0,1,0,0,1,0,1,0,1,1
64.0,0,1.4674404020884477,2.551603900886197,11.428176600339437,1.4532548557208342,11.972176575397379,1,1,0,1,1,1,0,1,0,0,0,1,0,0,1,1,1,0,0,0,1
43.0,1,8.605206400704473,1.6994873972351736,8.722392574044797,1.3504529177837905,6.39056187849134,1,0,0,1,0,1,1,0,1,0,1,0,1,0,0,0,0,1,1,1,1
63.0,0,5.050576765991758,1.4179240642375566,9.040057083572187,0.6452328690763438,6.596937938491819,0,0,0,0,0,1,0,0,1,0,0,1,0,1,0,0,0,0,1,1,1
60.0,0,6.781442710236132,1.8557499390526977,10.76335361360616,0.5297807873209209,5.462191221307971,0,1,0,0,0,0,0,0,1,1,1,1,1,1,0,1,1,0,0,1,1
29.0,0,2.466757202342794,0.8702519965678186,6.374401640414711,1.4335243127166306,11.166935513262944,1,1,1,0,1,1,1,0,0,1,1,0,0,0,0,1,0,1,1,1,1
43.0,0,7.604600168011043,2.365784531422692,6.834125770621006,1.0267497498807476,9.95590711959413,1,1,1,0,1,1,1,1,0,0,1,0,1,0,0,0,1,0,0,0,0
30.0,0,7.624054895124775,0.5208867604303464,11.247615353557155,1.0378378231493077,4.845142790961935,1,1,1,0,0,1,0,0,0,1,0,0,0,1,0,0,1,1,0,0,1
57.0,0,4.961471685657772,0.921497621085092,11.20770796831011,1.2807179957065222,11.854138809583725,0,0,1,1,1,0,0,1,0,1,0,1,1,1,0,0,1,0,0,1,0
79.0,0,4.1657580668018,1.9519920746336892,11.811862209606968,0.8146889738713265,9.84769366528893,0,0,0,1,0,0,1,1,0,1,0,1,1,0,1,1,0,1,1,1,1
35.0,0,2.1759337465589885,2.285968905093231,11.21470653153337,0.9819075688360022,10.804176876839797,0,0,0,0,0,1,0,1,1,1,1,0,1,0,1,0,1,0,0,0,0
42.0,1,9.767954130896753,2.7916077567347903,5.018976288266887,1.4686629131467375,4.385206313385607,1,1,1,0,1,0,0,0,0,0,1,0,1,0,0,1,1,1,0,0,1
50.0,0,6.491465512878275,2.2637416298365594,10.589794289095899,1.1721486869324071,8.039687351537342,1,1,0,0,0,1,0,1,1,1,0,1,1,1,1,0,0,1,0,1,0
64.0,1,9.351984419083603,2.179448175637165,7.2787078248767525,0.6537450319957859,9.588786293816314,1,0,0,1,0,0,0,1,0,1,0,1,0,0,1,0,1,1,1,0,1
57.0,0,3.1035168819284187,1.4858528658766608,11.926410847567503,0.6332267479843533,8.34357267657473,0,0,1,1,1,1,0,0,1,1,0,0,1,1,0,1,1,0,1,1,0
77.0,0,7.840720038669208,0.5032110638170035,7.7782477146304085,0.7042647583330054,9.33317972559422,1,0,1,0,0,0,0,1,0,1,1,0,1,0,0,0,0,1,0,1,1
60.0,0,7.682000574458946,0.8003981468390549,8.430688660017765,1.2667116744207174,10.542992508723781,0,1,0,1,0,1,0,1,0,1,1,1,0,0,1,0,1,0,0,0,1
29.0,0,6.947390953478761,1.836386361890098,8.238199322054388,0.795377003840616,6.99469650368157,1,1,1,1,1,1,1,1,0,1,0,1,0,0,0,0,0,1,1,0,1
61.0,1,9.659825855141325,2.1878247146110494,6.573896238866222,0.5213888466750798,10.789349404949679,0,1,1,0,1,0,0,1,0,0,0,1,1,0,1,0,1,1,0,1,1
53.0,0,3.9961978274525243,1.5436207097411563,4.600176711143345,1.4441743635056619,5.303328838122326,1,0,1,0,0,1,1,1,1,1,0,1,1,0,0,0,0,1,1,1,1
65.0,0,4.961471685657772,2.3266975288209757,8.014112478059428,0.6697134163949107,6.167088440210998,1,0,1,1,0,1,0,0,0,1,0,1,1,0,0,1,1,0,1,0,1
21.0,1,6.749917706516201,1.804655738330447,10.421406500210296,0.5095581861480686,4.346764959418606,0,0,1,1,1,1,1,0,1,1,1,0,0,1,0,0,1,1,1,1,1
22.0,1,7.320167024724341,0.6854404889857806,5.116214244477354,0.737131602383323,6.915414490682009,1,0,1,1,1,0,0,0,1,1,0,1,1,1,0,1,0,0,1,1,0
73.0,0,4.961471685657772,0.9800406274198721,10.214146170800582,0.7350287871181337,7.0392763585929625,0,0,1,1,0,1,1,0,1,0,0,0,0,0,1,1,1,1,0,1,0
54.0,1,2.1474971420206233,2.5999955581098573,9.00677332840488,0.922005250845723,10.442164777658007,1,0,1,1,1,1,1,0,0,0,1,1,0,1,0,1,1,1,1,1,1
25.0,1,5.094113822526618,2.312281866561099,7.273150303340978,1.420389831500037,9.225045362317248,1,1,1,0,1,1,1,1,0,1,1,1,0,1,0,1,1,1,0,1,0
59.0,1,3.1906783920343815,2.7369049675312374,6.032169192764502,1.379184917779098,7.493780465245333,1,0,0,1,1,0,1,0,1,1,0,1,1,1,0,0,0,0,0,0,0
66.0,0,4.331918628850222,0.7938931228023414,10.87783026801786,0.9568945549824279,9.216911828989986,0,0,1,0,0,1,0,1,0,1,1,1,1,1,1,1,0,1,1,1,1
45.0,0,6.487663900862173,2.975556336537685,9.601506074352425,0.9108999049918065,4.422266804125529,1,1,1,0,0,0,0,1,1,1,0,0,1,0,1,1,0,0,1,1,0
48.0,0,7.477625952639261,1.0235167848748339,8.014112478059428,1.0550090864748514,5.442172288147009,0,1,1,1,0,1,0,0,1,0,0,1,1,0,0,1,1,1,1,1,1
75.0,1,2.399024439923297,0.5294496907166051,8.876548271187712,0.7434540119717657,9.015582841934041,1,1,0,0,0,0,0,0,0,1,0,1,0,0,0,1,0,0,1,0,1
26.0,0,4.112721070404838,2.9935573476338853,4.728529456657448,0.5521849919663628,9.130934553802419,1,1,1,1,0,0,1,1,0,0,1,1,1,0,0,1,1,0,1,0,1
71.0,1,2.764699552817129,1.2026847136127827,7.791358087289535,1.4392241361712066,10.193077269659417,0,1,1,0,1,0,0,1,1,0,0,0,0,0,0,1,0,1,0,0,0
68.0,0,2.066452977232504,2.1700486312814,5.549602342285616,0.6866989848771727,7.2239980724288175,1,1,0,1,1,1,0,0,1,1,0,1,1,1,1,1,0,1,1,0,1
46.0,0,7.8555334779588,0.941705785440763,5.667069432070603,0.6984007292457164,9.780432772929249,1,0,0,0,1,0,0,0,0,1,1,1,0,1,1,0,0,0,1,0,0
31.0,1,9.101601674926226,1.9505713304978542,9.290431698294935,0.9724603288539476,9.471842660481515,0,0,1,1,0,0,0,1,0,0,1,0,1,0,0,0,0,0,0,0,1
57.0,0,3.7652986382773097,1.6994873972351736,11.290049214674305,0.9916133448403307,11.707147026958793,0,0,0,1,0,0,1,1,0,1,1,1,1,0,0,0,1,0,1,1,1
58.0,1,7.537661351300292,1.3004529185710965,7.230052883826772,0.5184342097007419,5.721041811397433,1,0,0,0,1,0,0,0,1,0,0,0,0,0,1,1,0,1,0,1,0
39.0,1,8.98025336470767,2.175634940110898,5.661994184097523,0.6479547387739707,8.413436510021116,0,1,0,0,1,0,0,0,1,1,0,0,1,0,0,0,1,0,1,1,1
28.0,0,8.476629684249293,0.9697589719960413,9.189975497893233,0.8781548185607417,8.814115536883754,0,1,0,0,1,0,1,0,1,1,0,1,1,1,0,1,0,1,0,0,1
40.0,1,1.9098525465383367,2.061988496796813,10.969496370802542,1.183730693510539,11.989183079473765,1,0,0,1,1,0,1,1,0,1,0,1,0,1,1,0,1,1,0,0,1
18.0,0,9.567289626982276,1.3411258795437755,9.986550408979927,0.7284184568319358,5.609473137333214,0,1,1,0,0,0,0,1,1,1,0,0,0,1,0,0,1,0,1,0,0
63.0,0,3.8290967602516788,1.0280206464698791,10.950057844292697,0.9230144462417627,8.185744159738338,0,1,0,0,0,0,1,1,1,0,1,1,0,1,1,0,0,0,1,0,1
54.0,1,3.45848254562098,1.282955126759088,8.292437368086395,1.0573450647164668,6.769482461709111,1,0,1,1,1,1,0,1,1,1,1,1,0,0,0,0,1,0,0,0,0
38.0,0,0.7180701400500253,0.9471026712694983,10.015009954953527,1.3885924946232922,8.207143748632,0,0,1,1,0,0,0,0,0,1,0,0,1,0,0,1,1,0,1,0,1
43.0,1,4.913119175638341,2.754790269594707,5.120516474871492,0.8260705023271233,5.857028816824847,0,0,1,0,0,0,0,0,1,1,0,0,1,0,1,0,0,0,0,1,0
63.0,0,1.1792347948451942,1.492967215792822,6.786196922905532,0.6335582658634835,4.380899027419905,1,0,0,0,0,0,0,1,0,0,0,1,0,1,1,1,0,0,0,0,0
53.0,0,2.5605442271815173,1.1131982624359185,7.1163933158521795,0.9892722258976082,8.58052363118151,1,0,1,1,0,0,1,1,1,1,0,1,1,0,1,0,0,0,0,1,1
71.0,0,3.237731955496086,1.6210196025398322,8.090365969968277,1.246721601684062,6.686834526886657,0,0,0,1,1,0,1,0,1,0,0,1,1,0,1,0,1,1,0,0,0
40.0,0,8.107380602567671,1.3013404170162388,11.43261088205459,0.6098597570527334,5.455531213987469,1,0,1,1,1,0,1,1,0,0,0,1,0,0,1,1,0,0,0,0,1
74.0,0,8.767337638919376,2.361048134533315,10.994372481777393,0.9246834916969604,6.59148452862427,0,0,1,0,0,0,1,0,0,1,0,0,0,1,1,1,0,0,1,0,1
18.0,1,3.09441654286855,2.928049779713736,5.076203938313476,0.5177851412624834,4.394241611581959,0,1,1,0,1,1,0,0,0,0,0,1,1,0,0,1,1,0,0,1,1
71.0,1,8.601111400321281,1.595084141744117,5.382317215059706,0.5335591816472511,11.603537872720826,0,0,0,1,0,1,1,1,1,1,1,1,1,1,0,1,0,1,1,1,0
72.0,1,8.586586279960931,2.652583499930601,6.861124396711291,0.9829533632166656,8.649183319786083,0,1,1,1,1,1,1,1,0,1,1,1,0,1,1,1,0,1,1,1,0
68.0,1,7.670044408810248,1.9146576838990488,6.325950927125391,0.7981972981509294,10.5181494507762,1,0,0,1,1,0,0,0,1,1,0,0,0,1,0,0,1,0,0,1,0
57.0,1,1.5522816287502974,0.8930891627355837,8.9181676252501,1.345107299005412,7.384945580381843,1,1,0,0,1,0,0,0,1,0,0,0,0,0,0,1,0,1,1,0,1
32.0,1,6.934196184317217,2.226556855203354,11.22220838211636,1.1021543061264543,11.226517340529487,0,0,0,0,1,1,1,1,0,0,0,1,1,0,1,1,1,0,0,1,1
38.0,0,9.45573823934763,1.7835862428145504,11.698332333380694,0.9539329617429904,7.866545772418027,1,0,1,0,1,1,0,1,0,0,1,0,0,0,0,1,0,0,1,1,1
64.0,0,6.857150739794855,2.1265163081302587,9.228823620281812,0.9079353710542963,8.591562577605355,0,0,1,0,1,0,0,1,0,1,1,0,0,1,1,1,1,0,1,0,1
26.0,1,3.3830068061675562,2.7242185314291625,10.705273611208693,0.9972454801895633,7.934351840501255,0,0,1,1,1,0,0,0,0,1,0,1,1,1,1,1,1,1,0,0,0
70.0,1,5.0557352425652295,1.6010864266401152,8.201617601846376,0.5404388312126613,9.866226366941213,1,0,1,1,0,1,1,1,1,0,0,0,0,0,1,1,0,1,0,0,0
26.0,0,6.49267792917543,2.752944058043389,5.666615574880318,1.3927933564206598,8.533248620816499,1,1,0,0,1,1,1,0,1,0,0,0,0,1,1,0,0,1,1,1,0
27.0,0,5.154647046412185,2.376672535704137,8.197507296747819,1.4983031557339583,6.172791388643182,0,0,1,1,0,1,1,0,0,1,0,1,0,1,1,1,1,1,1,1,0
69.0,0,1.2875341231366013,1.7215123146949618,8.440660811501209,0.6814871248586987,5.16431625058117,1,0,0,1,1,1,0,1,0,0,0,0,1,0,1,1,1,1,1,1,0
74.0,1,3.1894340420550047,2.008055339144909,9.939660513708453,0.6203829647746197,8.848995111063822,0,0,0,0,1,0,1,0,1,1,1,0,1,0,1,0,1,1,0,0,0
70.0,1,8.043720702480963,1.3139528312975286,5.759063917658793,0.6435774634485952,7.91343969237629,1,1,1,1,1,1,0,1,1,1,0,1,0,1,1,0,0,0,0,0,0
43.0,1,8.628038656345623,2.9589932493469355,6.946483056693854,1.1610270582343671,4.7678055735689036,1,1,1,0,0,1,1,1,0,0,0,1,1,0,0,0,1,1,1,0,0
58.0,0,1.4592703238841453,2.16837790762599,6.91221975371653,1.1614408384507748,7.164939726346147,0,1,0,0,0,0,0,1,1,1,1,0,0,0,1,0,1,0,0,0,1
52.0,0,9.528628848747374,0.6096171312415748,11.67551676592932,1.347924162278411,8.118211376003629,1,1,0,0,0,1,0,1,1,1,0,1,1,1,0,0,0,1,0,1,1
69.0,1,3.3553439167012327,1.316554764370022,7.551559682613751,1.2518263884262533,10.61514587060472,1,1,1,1,0,1,1,1,1,0,1,1,1,1,1,0,0,0,1,0,0
42.0,1,6.656906013434128,2.058286084397644,10.040751738385172,0.9496896733693397,4.608808446666899,0,1,1,0,0,1,1,0,1,0,1,0,0,1,0,1,1,0,0,0,0
43.0,0,7.543068944971143,0.6408331944980995,10.006491050995512,1.1128553615653187,6.787962785968023,0,0,1,1,1,0,1,1,1,0,1,0,0,0,1,0,1,1,1,0,0
28.0,0,8.138267722915046,0.5597104782978569,6.124353478425931,1.188284670368008,10.581248981683082,0,0,0,1,0,0,1,0,1,1,0,1,1,0,1,1,1,0,1,0,1
55.0,0,9.462922052036708,1.6250605988195064,8.574957514973857,1.0127364702852253,9.18739145417263,0,0,0,0,0,1,0,1,1,1,1,1,1,1,0,0,0,1,0,1,0
19.0,0,3.197903525485344,1.331725449231675,11.154423146549185,0.9756509844516367,6.319666574430294,0,1,1,0,0,0,1,1,1,0,1,1,1,1,0,0,0,0,0,0,0
24.0,1,8.59921390006039,1.5957465200829146,7.8015817556555955,1.1450974456426533,10.762680976181139,0,0,0,0,1,0,0,1,0,1,1,0,1,0,1,0,1,0,1,0,0
35.0,0,1.40370034401845,1.156733274700013,11.560940058740368,1.0574745489756538,7.946348644501539,1,0,0,0,1,1,0,1,1,0,0,0,0,1,1,1,0,1,1,1,0
49.0,0,7.079904972900568,1.6994873972351736,5.715665834593293,1.1439423053359103,7.986815130483684,0,1,0,0,1,0,1,0,0,1,1,0,1,0,0,0,0,0,0,0,0
51.0,0,7.44557952218846,2.2228583924508443,4.593272846192246,1.1128547739633639,11.812698713603075,0,0,0,1,0,1,0,1,0,1,1,1,0,1,1,0,0,0,1,1,0
44.0,1,6.809460087893072,1.7864277906695012,8.014112478059428,1.2191965605136548,11.576932025891027,0,0,1,1,1,0,1,1,0,1,0,0,0,0,0,0,0,0,1,0,1
34.0,1,2.5979158877380146,1.000385528123417,10.781449583697732,1.142803508782876,6.868261466958751,1,0,0,1,0,1,1,1,0,1,0,0,1,0,1,0,0,1,0,0,1
60.0,0,8.743127155450512,1.2989735656499959,11.940719007470758,1.0197424864372673,5.1246330293046585,0,1,1,0,1,0,1,0,0,1,1,1,1,0,1,0,0,0,0,1,1
76.0,0,4.961471685657772,1.9795197691583148,9.43514790489941,1.1817968112843866,6.6053338582247525,0,1,1,0,1,0,0,1,1,0,1,0,1,0,0,0,1,0,1,0,1
61.0,0,0.6309844360562253,0.6805733706811946,11.493503413337196,0.949481965185428,4.243866082491104,1,0,0,1,1,1,1,0,0,0,1,1,0,1,1,1,1,1,1,1,1
76.0,1,7.2029034070579305,0.8686325231654488,10.615592200672886,0.741671225972601,4.16614309368313,1,0,1,0,1,1,1,1,1,1,0,1,0,1,1,0,0,0,1,0,1
68.0,1,4.807209580804063,0.6831140102684753,10.755410664960696,0.5014182201339155,7.1641770900113535,0,1,1,1,1,1,0,1,0,0,0,1,1,0,1,0,1,0,1,1,0
71.0,1,8.506070397590893,2.530793331785297,8.553132563634147,1.0599641471458432,11.528158581577873,1,1,1,1,0,1,1,1,1,0,0,1,1,0,0,0,1,1,1,1,1
41.0,0,3.8956316964767637,2.381023083030023,7.058916783333687,1.0906552266086411,10.970858729857662,1,1,0,1,0,0,1,1,1,1,0,1,1,0,1,0,1,0,0,1,0
42.0,1,1.765958026226357,2.383282329698143,11.476464580346255,1.4720489647757145,8.091542671340985,0,1,1,0,1,0,0,1,0,1,0,0,0,1,0,0,0,0,1,1,1
24.0,0,8.38077770545171,2.29081335869007,7.456937404927156,0.8614783340942755,8.521811049366645,0,0,0,0,0,1,1,1,1,1,1,1,0,1,0,1,0,1,1,0,0
69.0,0,5.534205353236709,2.1734635591746727,8.310554937997352,0.8941332428283117,4.047467973968452,0,1,1,1,1,0,0,1,0,0,1,1,1,1,0,0,1,1,1,1,1
23.0,0,1.9730383446645137,1.6924797884454374,7.568914457001502,0.7017995813421902,5.724009246670124,1,0,1,0,1,1,0,0,1,0,0,1,0,1,0,1,1,1,1,0,0
49.0,1,7.231801586005813,2.1056954087677875,8.518546511681578,0.5705342952373219,4.19819301547507,0,1,1,0,1,0,0,1,1,0,1,1,0,0,1,1,1,0,0,0,1
41.0,0,5.160025021046055,0.5959038869699367,7.7640406319386175,1.2728044928617406,10.036316261563101,1,0,1,0,1,1,0,1,0,1,0,0,0,1,0,0,1,0,1,0,1
50.0,1,6.0826985241791665,2.0536610566419613,4.383740468635807,0.749681064339325,5.165166368211982,0,1,0,1,1,0,0,0,1,1,1,0,0,0,0,0,1,0,1,0,0
66.0,1,4.662893548245161,2.4446942638421927,11.05638548806159,1.1089048610300378,10.952376819814535,1,1,1,1,1,1,0,1,1,1,1,0,1,1,1,0,1,0,1,1,1
46.0,0,8.304218939798263,1.6994873972351736,7.555150551326158,1.1877730355454816,9.146594509406306,0,1,1,1,1,0,0,1,1,1,0,0,1,1,1,1,0,0,1,1,1
60.0,0,8.312670885262193,1.3937833210680923,8.71154918805879,0.9712366872916477,5.835349412125707,1,0,1,1,0,0,0,0,1,1,0,1,1,1,0,1,1,0,0,0,1
39.0,1,7.122949336061423,1.193566837002448,5.113502422063896,1.3763521130271916,5.261762536665998,0,0,0,1,0,1,0,1,1,0,1,1,0,1,0,0,0,0,0,1,0
43.0,0,1.1434736362249767,2.1070051254052062,4.027102783861113,0.9437948409797288,9.020997607384425,0,0,0,0,1,0,1,1,1,0,1,1,1,1,1,0,1,0,1,1,0
45.0,1,8.404653232850281,2.2320029965747716,8.014112478059428,0.7849086230417651,11.206695842258588,0,0,1,1,0,0,1,0,0,0,1,0,1,0,1,1,1,0,0,0,0
67.0,0,6.743028507275807,2.677418999656356,9.636688257066801,1.3960155229616222,9.746881751315053,1,1,1,0,1,1,1,0,1,1,1,1,0,0,1,1,1,0,1,0,0
38.0,1,7.000539243442565,1.3558352061524768,4.793556240903029,1.3615642842499565,6.788373212827021,1,1,1,1,0,1,0,1,0,1,0,0,0,0,0,1,0,1,0,0,1
66.0,1,3.6935301199983295,2.4244307684639637,8.014112478059428,0.664039947076413,8.699068762149178,0,1,1,0,0,1,0,0,1,0,1,1,0,1,0,0,0,0,0,1,0
24.0,1,8.804867605954366,1.9033895604733448,8.014112478059428,0.525961018353921,6.486093562979371,1,0,0,0,1,1,0,0,0,0,0,1,1,1,0,0,1,1,0,0,1
34.0,1,7.2811788423250885,2.707091226695198,5.636748914334206,0.5899855563496207,11.99319653422927,0,1,0,1,1,0,1,0,1,1,1,0,1,0,1,0,0,0,0,1,1
37.0,0,1.2146456186390253,1.819530270739052,5.452063692971964,0.7865473985538171,9.99071350769481,1,1,0,0,0,1,1,1,0,0,0,1,0,1,0,1,0,1,1,0,1
58.0,0,4.13700254062101,1.7940745709949182,4.111853703770918,1.4722598017417106,8.91505311805403,0,1,1,0,1,1,1,1,1,1,0,1,1,1,0,0,0,1,0,1,1
66.0,1,8.875165583405403,1.9446927036022728,8.014112478059428,1.058516153160825,7.386073142126634,1,0,1,0,0,1,0,0,0,0,0,1,1,0,1,0,1,1,0,1,0
37.0,1,0.5672473468040521,2.373288387856086,11.000276249962068,0.8732617320292688,8.945218322076459,1,0,1,0,1,0,0,0,0,0,1,1,0,1,0,1,1,0,0,1,1
71.0,0,9.61802453445629,2.911726197071152,8.913301620929591,1.3887160946127464,6.732928499738678,1,1,1,0,0,0,1,0,0,0,1,1,0,1,1,0,1,0,0,0,1
39.0,0,6.8237094263636715,0.6839083855394141,5.505599853438898,0.9531363314784996,4.230918715664246,1,0,0,0,0,0,1,0,1,0,0,0,1,0,1,1,0,1,1,0,1
45.0,0,6.350622178669428,0.633586505977543,6.282223975527038,0.8152386284010211,7.160708178853063,1,0,0,1,0,0,0,1,1,1,1,1,1,1,1,0,0,0,1,1,0
78.0,0,2.778536639231115,2.8438758435183464,7.807413578919706,1.4412195287456573,11.443846556638935,0,1,0,0,1,1,1,1,1,1,0,1,0,1,1,0,1,1,1,0,1
57.0,0,2.563038708517853,1.8246890637955153,11.634767612986407,1.349517666192678,9.010408758190927,1,1,1,1,0,0,1,1,0,1,0,0,0,0,0,0,1,0,1,1,1
66.0,0,9.426376372937096,2.03725753641734,5.978810974541942,1.343668375419441,4.671645624567213,1,0,1,0,1,0,0,1,1,0,0,1,0,0,0,0,0,1,1,1,1
24.0,1,3.0528972969178154,1.7060590039868222,9.853167231359105,1.012284743050213,11.079948907160208,1,0,1,0,1,1,1,0,0,1,0,1,0,1,1,0,1,1,0,1,1
18.0,0,7.777502437518094,0.7341436315186862,7.515585786343363,1.289438398815455,6.150998794732119,1,1,1,0,1,1,0,1,1,0,0,1,1,0,0,0,1,1,1,1,1
49.0,0,3.9919058022500837,2.4202234460466663,6.382778786880174,0.6793533592645519,5.9501559446618195,0,1,1,0,1,0,0,0,0,1,1,1,1,1,0,0,1,1,0,1,0
30.0,1,1.4786153007685694,2.3680616127214673,7.64732749617691,1.0732229575562435,6.3767277502425666,1,1,0,0,1,1,0,0,0,0,0,1,1,1,1,1,1,1,0,1,0
47.0,0,0.2060814471840536,1.6994873972351736,4.56965374032986,1.4838459228475456,8.61761788900766,1,1,1,0,0,0,1,0,0,1,1,1,1,1,0,1,0,0,0,1,1
40.0,0,5.488147636450983,1.265598113071001,10.3894989674429,0.7909584305179617,8.357504747471813,0,1,1,0,1,0,0,0,1,1,1,0,1,1,1,0,1,0,1,1,1
49.0,0,9.760210303634434,1.6994873972351736,5.946415423863737,1.2943523292476753,7.931310036983054,0,1,0,0,1,0,0,1,0,0,1,0,0,0,0,1,1,1,0,0,1
76.0,0,3.7544483187111246,0.6808931443533166,9.803296985543763,0.9904784072080672,9.740294908101017,1,1,0,1,0,1,0,0,1,1,0,1,0,0,0,1,0,0,0,0,0
73.0,0,3.636204106531144,2.7027628708914144,4.546786971585558,0.5398056832220873,6.532301850679672,0,0,1,1,0,1,1,0,0,0,1,1,0,0,1,0,0,0,0,0,1
36.0,1,3.506507016709477,1.141654224739786,11.640788449325488,1.2630193978156674,10.256516172579449,1,0,0,1,1,0,1,0,1,0,1,1,0,0,1,1,1,1,0,1,1
79.0,0,5.253383989318098,1.6994873972351736,5.544119883245589,0.6685691443921128,5.402573427028793,1,1,1,1,1,0,1,0,0,0,1,1,1,1,1,0,1,0,1,0,1
49.0,1,4.462582345900506,2.839985447504444,11.061936609656644,1.1314735671327503,10.260966312616073,0,0,1,0,1,1,0,1,0,1,1,1,1,0,0,0,0,0,0,1,1
47.0,1,8.811154804597443,2.195306253841616,10.475785676923476,0.5856641940469729,9.310480842002264,1,0,0,0,0,0,1,0,0,1,0,0,0,1,0,1,1,1,0,1,1
46.0,0,5.104655838062554,1.5360745311675914,11.742879392651329,1.4468673974959647,9.465666476380692,0,1,1,0,1,1,1,1,1,1,1,1,1,1,0,0,0,0,1,0,1
66.0,1,5.126802598066831,2.223835522263538,8.014112478059428,0.7917238871803609,7.85242717701808,0,1,1,1,1,1,1,0,0,1,1,0,0,1,1,1,1,1,1,1,0
62.0,0,1.4698787877335104,1.3599490907909255,9.819178350767611,0.7264646916773949,9.336012261446918,1,1,1,1,0,1,1,1,0,1,0,1,1,1,0,1,1,1,1,0,1
46.0,1,9.829121455012821,1.1931460408729653,6.965685256302272,0.6291364040663343,4.638376372475659,1,0,0,1,0,1,0,0,1,0,1,0,1,1,1,1,1,0,0,0,1
47.0,1,2.574731619601414,2.9917081948366993,5.474945904157551,1.446002193339048,10.812408936394938,0,1,0,0,0,0,0,0,1,1,1,0,1,0,1,1,1,1,0,0,1
33.0,0,0.8263042678500664,2.3769755779494695,7.544607463467591,1.2119037424413053,4.444377867901168,1,1,0,0,1,1,0,1,0,1,1,0,1,1,1,1,1,0,0,1,0
57.0,0,6.665147864854567,1.6994873972351736,5.325992123107639,1.2416608887180887,5.18993207897198,0,0,0,1,1,1,0,1,1,1,1,0,1,0,0,1,1,1,1,0,1
36.0,0,5.994127064553039,1.3882241080482969,11.856356982291071,0.9994045613802446,8.61431766797789,0,1,1,0,1,1,0,1,1,0,1,1,1,1,1,1,0,1,1,1,0
35.0,0,4.961471685657772,0.6229020728876205,4.769971929125731,0.9747277852704834,9.915291643653532,0,0,0,0,0,0,0,0,0,0,0,1,1,1,0,1,0,1,0,1,0
18.0,0,4.279703115418712,0.577642190087889,8.713693787620963,0.6100212429914766,4.610012514770028,0,0,1,0,0,0,1,1,1,0,1,1,0,1,1,0,1,1,1,1,0
31.0,1,7.872132818359669,1.885453138621997,8.014112478059428,1.0598410955839919,11.36611851297856,1,1,0,1,1,0,1,1,0,0,1,1,0,1,1,0,0,0,1,1,1
68.0,1,2.037555136986526,2.4050818025976275,8.304636342992435,0.7469164951087904,11.788861190405589,1,1,0,0,0,0,1,0,0,1,0,1,1,1,0,1,0,0,1,1,1
64.0,1,8.220507857554407,1.8434479761096376,9.29748708569467,1.4771453328004058,8.847601384061688,1,1,1,1,0,0,1,1,0,0,1,0,0,0,1,1,0,0,1,1,0
67.0,1,6.522596427560679,2.6019626798477864,4.929446200095128,1.2965809400151473,7.849947643014692,1,0,0,1,0,1,0,0,1,1,1,1,0,1,0,1,1,0,0,0,1
19.0,1,4.247800760417291,0.583566332733054,8.44014819364233,0.9129920601928876,9.931159778237998,1,1,0,0,0,0,0,0,1,1,1,0,0,0,1,0,0,0,0,0,1
71.0,1,4.634483304180299,1.4168801910648503,6.297700569018892,0.651341258691533,6.626858818617643,1,0,1,0,1,0,1,1,0,1,0,1,0,0,0,1,0,0,0,1,1
45.0,1,2.6408073511423487,1.0926759779354451,11.521408506408452,1.285331691138784,7.946115472840852,0,1,0,0,1,1,1,0,0,0,1,0,0,0,1,1,0,1,0,0,0
66.0,0,7.54593189370005,1.618182420392805,10.096573227517805,0.622053767081316,11.32920821451521,1,1,1,1,0,0,0,0,1,1,1,1,1,0,1,1,1,0,0,1,0
67.0,0,5.17745994882215,0.6809409829853061,11.780115857277941,0.6893337534970705,11.64524340193227,0,1,0,1,0,0,1,0,1,0,1,0,1,0,1,1,1,0,1,0,1
47.0,1,3.2764599732234516,2.885329103927681,4.300448557921516,0.7115205177442274,11.41655292840948,0,1,1,0,0,1,1,0,0,0,1,0,1,1,0,1,0,0,0,0,1
55.0,1,6.000896146033408,1.0581385026734023,6.2810654014456695,1.0568906382730945,6.099584535710721,0,0,0,0,0,0,1,1,0,0,1,1,0,1,1,1,1,0,0,0,1
68.0,0,9.957771075308099,2.805769438708962,5.563380693106792,1.2870566539903663,5.859752321734107,1,1,1,1,0,0,0,1,0,0,0,0,0,1,1,1,1,0,1,0,0
21.0,0,4.409096568599883,1.5647328875917044,4.089236698494644,0.8143148787246922,6.381316047434514,0,1,0,1,1,1,0,0,1,0,1,0,1,1,0,0,1,0,1,1,1
18.0,0,9.214844867708333,2.963810333138045,5.938605841970571,0.5846698142752894,7.530488899107682,1,1,1,1,0,0,0,1,0,0,0,1,0,0,0,1,1,0,1,0,0
25.0,0,3.5156667152532046,1.8851459586505268,8.014112478059428,0.9645384635244192,6.513339302335709,0,1,0,1,1,0,1,0,1,0,1,0,1,1,0,0,0,0,1,0,0
46.0,1,0.6418537985573602,2.8270821604395184,5.848711377076548,1.2481102411599356,6.993702365912464,1,0,0,1,1,1,0,1,0,1,1,0,1,1,0,1,1,1,1,1,0
72.0,0,4.961471685657772,0.5133724717355571,8.072027563860946,0.7216638430873883,8.965095616966076,1,0,0,0,0,0,1,1,1,0,1,1,0,1,1,0,0,0,1,1,1
56.0,1,4.245081918944074,2.37059701545225,11.102544919719989,0.7199245480393742,10.100205416751807,1,1,1,1,1,0,1,0,1,1,0,0,0,0,1,1,0,1,1,0,1
20.0,1,2.2743857930862332,2.7576266327562884,9.550063362792603,1.447227027346711,9.884465586143335,1,0,1,1,0,0,0,0,0,0,0,0,0,0,1,0,1,0,1,0,0
49.0,1,0.10224767836072983,0.8493014174473852,7.157032559248256,1.454153727119178,10.515388536633216,1,1,0,0,0,0,0,0,1,1,1,0,1,0,1,0,1,0,0,1,1
27.0,0,9.158515223700519,0.7403146293303787,6.979751511296866,1.4904657320615764,4.257475225723217,0,0,0,1,0,0,0,0,1,1,1,0,1,0,1,1,1,0,1,0,1
27.0,0,8.454406171186196,1.561431517964889,7.645886512067878,1.3076596015747801,4.381870317430049,1,1,0,1,1,1,0,1,0,1,0,1,1,0,0,0,0,0,1,0,1
49.0,1,7.448693091720776,2.834197265332338,5.416331528479251,0.6881841691679456,10.315063685509035,1,0,0,0,1,0,0,0,1,1,0,1,1,1,1,1,1,0,0,1,0
63.0,1,1.7613644968956836,1.8559664004760967,9.072006139327904,0.7119815207992614,8.264630578597055,0,0,0,1,1,1,0,1,1,0,0,1,0,0,0,1,1,0,0,0,1
51.0,1,1.2915994044788621,1.8186411593043303,6.913222552836844,0.840225241522392,8.625125390096962,1,0,0,0,0,0,0,1,0,1,1,1,1,1,1,1,1,0,0,1,1
49.0,0,0.7692870197765932,0.8528152957483046,10.818922794096348,0.8181325313334908,4.420694881715017,1,0,0,1,1,0,1,0,1,0,0,1,0,1,1,0,0,0,1,1,0
50.0,1,7.26788896885192,0.501973777733047,10.05242128046253,1.456527749078009,6.042510409370167,1,0,0,1,1,1,0,1,1,0,0,1,1,1,0,0,1,1,0,0,0
40.0,0,9.295198810810064,2.525350226863653,8.88410531273728,1.2890739828816935,9.106834439083823,1,1,0,0,1,1,1,0,0,0,0,0,1,0,0,0,0,1,0,1,0
72.0,1,4.362304627039066,0.7189364074655955,6.913617781196129,1.224008792161554,10.87345512088541,1,0,0,1,0,1,0,0,0,1,0,0,1,1,1,1,1,1,1,0,1
45.0,1,1.279492652760877,2.08462454683831,5.679454653387875,0.6859632240581318,11.33586717745122,0,1,1,1,1,0,1,1,0,0,1,0,1,1,1,1,1,0,0,0,1
49.0,1,5.172688925247855,2.786541136287979,10.209214912844983,1.4095255593623297,8.003355966680655,1,1,1,0,0,0,1,0,1,1,0,1,1,0,1,0,1,0,0,0,1
67.0,0,3.5534358838404385,1.0216297828960776,7.891272791928692,1.327870379506174,8.363793861905581,0,1,0,1,1,1,0,0,0,0,0,1,1,1,0,1,1,0,1,0,0
24.0,0,3.8107667510649774,2.1631820905922767,5.79800030541886,0.6636418413279237,10.664397048551926,1,1,0,1,1,0,0,0,0,1,1,0,0,0,1,1,0,1,0,0,1
46.0,1,6.251173179141502,0.6967464417687736,5.56139692032005,1.3711703319609725,8.300996805978837,0,1,0,1,1,0,0,1,0,0,0,0,1,0,0,0,0,1,1,1,0
25.0,0,7.215309321295804,2.0093878595940327,5.323207236010872,0.7722475363704713,8.134868204298538,0,1,1,1,0,0,1,1,0,1,1,1,0,0,0,1,0,0,0,1,1
18.0,1,4.961471685657772,0.9098293023830069,10.217289569644759,0.580869745832106,11.24067230208763,0,1,1,1,0,0,0,0,0,1,0,0,0,1,0,1,0,1,0,1,1
74.0,0,0.45234328498411625,2.339883901287945,5.831897482402494,1.15682230651421,10.319461768447042,1,1,0,0,1,0,0,0,0,0,1,1,1,1,0,0,1,1,0,0,1
72.0,0,9.943869996588576,1.2530782369847704,8.21313810820158,1.1538046593843307,11.272580210890357,1,1,0,1,1,1,1,1,0,0,0,0,1,1,0,0,0,0,1,1,1
20.0,0,2.4040106542639634,1.6584775220116157,7.612370887784452,0.5949320095656181,5.74597643824923,0,1,0,1,0,0,1,1,1,1,1,1,1,0,0,0,1,1,0,0,1
41.0,1,0.6329221965937448,1.6994873972351736,8.636887193826272,0.8188518089365824,8.195003893242854,1,1,1,0,0,1,1,0,1,1,1,0,0,1,0,1,0,1,0,0,0
40.0,0,1.979765758049608,0.9281835266655989,11.017239202969554,1.4928144622555386,10.739777028746865,1,0,1,0,1,0,1,1,0,1,1,1,0,1,1,1,0,0,0,1,1
76.0,0,0.48568267884979577,2.354094546544052,10.941979120653844,1.1784266670087369,4.8891826197368715,0,1,1,0,1,0,1,0,0,1,1,0,0,0,0,1,1,1,0,1,1
78.0,1,3.97892785671,1.2566008515920364,7.608608574598877,1.2300751666033292,10.357297234351694,1,1,1,0,0,0,1,0,1,1,1,1,0,1,0,0,1,0,0,1,0
25.0,1,8.043777666068111,2.155929649781884,4.1229300058777865,0.7129172856043057,5.463787067318956,0,1,0,1,1,0,1,0,0,1,1,0,1,1,1,1,1,0,0,0,1
71.0,1,3.4783200526014344,0.8957076267484341,7.4115504457144255,0.5787820710039143,10.46495003988257,1,0,0,1,0,1,1,1,1,0,0,0,0,0,1,0,0,1,1,0,0
74.0,1,4.497415728095828,2.2202941480158755,8.849548299393124,0.7769016897409377,8.896007500454946,0,0,0,1,1,0,0,1,0,0,1,0,0,0,0,1,0,0,1,1,1
64.0,0,6.788309058317644,0.8204701820261544,8.014112478059428,0.748898385193192,5.545887931878937,1,1,0,1,1,0,0,1,1,1,1,1,0,1,1,1,1,1,1,1,0
54.0,0,5.138051293691814,1.563391240674959,9.210688846401645,0.7345441007480531,7.786833434662409,1,0,0,1,1,1,1,0,0,0,1,0,0,1,1,1,0,1,1,0,0
20.0,0,8.62831229161111,1.118015184347192,5.232605859784668,0.6927543218870396,9.455241331686173,0,0,1,1,1,0,1,1,1,1,1,0,1,0,0,1,1,0,1,1,0
68.0,0,8.67375318295299,2.3709381235704563,9.17228079024586,1.0747556906554043,9.07082320706834,0,1,0,1,0,0,1,1,1,0,0,1,1,0,1,1,1,1,0,0,1
49.0,0,0.19811588536242108,1.6994873972351736,5.461212949950178,0.8281034758418218,7.417977569853635,1,1,0,0,1,0,1,0,0,1,1,0,1,0,0,1,1,0,1,0,0
45.0,1,7.802658434183671,1.6994873972351736,10.004191845573992,1.3203450150475304,11.194932231367416,0,0,1,1,1,1,1,1,1,1,0,0,1,1,1,1,0,1,0,0,1
64.0,0,4.661262642392571,2.729550528516532,6.71270090610144,0.683947417847384,8.154107315902754,0,0,0,0,1,0,0,0,1,0,1,0,1,0,0,0,1,0,1,0,1
49.0,0,9.889521358906265,0.9911032880569646,9.679163467051628,0.9646270708685445,8.046938388229506,0,1,0,0,1,1,1,0,0,0,0,0,0,1,1,1,1,0,0,0,0
51.0,0,4.883997551166808,2.0346148625193106,4.382924791248857,0.51365783642608,4.498004719531634,0,1,0,0,1,1,1,1,1,0,0,0,0,0,0,0,1,0,1,1,0
52.0,1,9.870269859344145,0.7192941042999108,8.014112478059428,0.981682322455192,11.376963118381097,0,1,1,1,1,0,0,1,1,1,0,0,0,1,0,1,0,0,0,1,1
49.0,1,7.570236675936792,1.478842749004073,9.640276178106662,0.5558382208764744,5.416932549426984,1,1,0,1,0,0,1,0,1,0,1,0,0,0,0,0,0,0,0,1,0
41.0,0,2.5611883576717327,2.283304323753181,5.814964130651953,1.4777235118726435,8.226757547492433,0,1,1,0,1,0,1,1,1,1,0,1,0,0,0,0,1,0,1,0,0
31.0,1,5.430110294940881,2.1485581171247907,10.36229635837778,1.2905921286504127,10.428540811202481,0,1,1,1,0,0,0,1,0,0,1,0,1,1,1,0,0,0,1,1,1
49.0,1,9.92214283083797,2.06175167351652,9.046237864839455,0.9901114766364554,5.7236262156451465,0,0,1,1,0,1,1,1,1,0,1,1,0,0,0,1,0,0,0,1,0
73.0,1,8.589553016744045,1.206352159156109,8.700494177198387,0.5865873581793503,8.218986319766728,0,1,1,0,0,0,1,0,1,0,1,0,1,0,1,0,0,1,1,1,0
63.0,1,1.0639322485330889,1.445062373586005,6.828390833634697,1.0924454407904143,5.925479273786727,1,1,0,0,0,0,1,0,1,1,0,1,1,1,1,0,0,1,1,0,0
60.0,1,7.093082768418961,0.7573653617507154,7.859611763048941,1.2587637507018776,10.077559982399293,0,0,1,1,1,0,0,1,1,1,0,1,1,1,0,0,0,1,0,1,0
33.0,1,3.5212379001210494,2.297557051084002,8.778794407822826,0.6907172530047453,8.514729342985206,1,1,0,0,1,1,1,0,0,0,1,0,0,0,0,1,0,1,0,1,1
21.0,1,0.16912439261544637,1.759721991978184,7.779696911319124,1.068208340787491,10.847806883161148,1,1,1,0,1,0,1,1,1,1,0,1,0,0,1,0,0,1,0,0,0
69.0,0,4.094461593367296,2.2719140808641365,9.586506591524481,1.314210898382868,11.156464023019062,0,0,0,0,0,0,0,1,0,1,1,0,0,1,1,0,1,1,1,1,1
54.0,0,2.424068775077216,1.122358811992182,7.4695754648556765,1.2682477776463164,9.189867859563185,0,0,0,1,1,0,0,1,0,0,0,1,1,1,0,0,0,1,0,1,1
71.0,1,8.206805778152669,1.3110955715876655,5.618185453936243,1.3029920178671528,9.803129969271556,1,1,0,1,0,0,1,1,1,0,1,1,1,1,0,0,1,1,0,0,1
38.0,0,3.4395730275730787,1.3355383431502865,5.711470262408378,1.3793234248697197,8.39376079909491,1,0,0,0,0,0,1,0,0,0,1,1,0,1,0,1,1,0,1,1,0
31.0,0,8.29248457014279,0.5643560243680406,4.046430150743529,1.4376821021594703,7.075429864539063,1,1,0,0,1,0,1,1,1,0,0,1,1,0,0,0,0,1,0,0,1
48.0,1,0.10591959446447356,1.3526196820765588,6.40766172446938,0.9055211552035359,9.184943384166676,0,1,0,1,0,0,1,0,1,1,0,0,1,0,1,0,1,1,0,1,1
72.0,0,3.14740958525858,2.508261433795084,9.991341123828157,1.0687691025228774,11.266308987898631,1,0,0,1,0,1,1,0,1,0,1,0,1,0,0,0,1,1,1,0,0
65.0,1,2.4875356216468436,2.743246239374346,10.353301670700876,1.2906595260456108,7.333443043451504,0,1,0,1,0,1,1,1,0,1,0,1,0,1,0,0,1,1,0,0,1
35.0,1,2.4123168745792487,1.7955457890898185,5.619740336766,1.1971398139457832,6.515280210990363,1,1,0,1,0,0,1,1,0,0,0,1,1,1,1,0,1,0,1,0,0
24.0,1,0.7750475356780807,1.6387542380480506,11.672351974971262,1.495520228264379,7.107495508420593,1,1,0,1,1,0,0,0,1,0,0,0,0,0,0,1,0,0,1,0,0
27.0,0,1.9525302770639672,0.5770615467484257,8.014112478059428,0.5136776511046441,7.483181041692797,0,1,1,1,0,0,0,1,0,0,0,1,0,1,1,0,0,1,0,1,1
24.0,0,5.599940741867637,2.6980108439634565,11.335829992148021,0.8551332153157907,4.58848823182173,0,0,0,0,0,1,1,1,0,0,0,1,1,1,0,1,1,1,0,0,0
50.0,0,2.984474621093671,1.6994873972351736,9.65412225489305,0.7810279262702025,7.987534723479955,1,0,0,0,0,0,0,0,0,0,1,0,1,0,0,0,1,0,1,0,1
40.0,0,4.232208345058565,2.8618752005255295,9.779467384179306,0.7623158501655346,7.954513984400477,0,1,0,0,1,0,1,0,0,0,0,1,1,0,0,0,1,0,1,1,0
38.0,1,3.8309821154371666,1.7230406217202265,4.680348970448569,0.7225297824988858,8.707550621124184,0,1,1,1,1,1,1,0,1,1,0,1,0,1,1,1,0,0,1,1,1
36.0,1,8.771458757498957,1.3548362339368165,5.759929015175445,1.209123840815229,6.902560243770652,1,1,1,0,0,1,1,1,1,1,0,1,0,0,0,1,1,1,1,1,1
65.0,0,9.062460090204103,2.8105460871066503,4.070518666355781,0.5847594732753219,8.904860767644717,0,1,0,0,1,0,1,1,1,1,0,0,1,0,1,1,0,0,1,0,0
78.0,1,4.980274019393014,0.5609774827752418,9.7290211238139,1.2416088339433382,11.025730482193623,0,1,0,0,1,0,0,0,0,1,1,1,1,1,0,0,0,0,1,1,1
36.0,1,3.368543908124484,1.9535622371727177,6.75550630742808,1.1934258420162736,11.643767923961313,1,0,1,0,1,1,1,0,1,1,0,1,0,1,0,1,1,0,1,0,1
53.0,0,1.1573269696234,1.872331311248344,10.293220128610773,0.7508041325008964,8.668897729128396,1,0,0,0,1,1,1,1,1,1,1,0,1,1,0,1,1,0,0,1,0
46.0,1,9.53868850588274,1.0483010030284552,6.71148975949621,0.7528337831651613,4.340727631762505,0,0,0,0,0,1,1,0,1,1,0,0,0,1,1,0,0,0,1,1,0
77.0,0,0.6962467545129448,1.5722185783755265,10.554670018390889,1.1288605853445022,11.753887978136872,0,1,1,0,0,1,1,0,0,0,1,0,1,0,0,0,1,0,0,1,0
35.0,1,3.0467377479259765,2.1306600148594255,5.045586029986504,1.2621711054836777,9.64689648717005,0,1,1,1,1,0,0,1,0,1,0,0,1,1,0,0,1,1,1,0,1
19.0,0,3.0508553915830414,2.317827992204819,5.386985254060066,1.3764856130873655,6.687709188429217,1,1,0,0,1,0,1,0,0,0,0,0,1,1,0,0,1,1,0,0,0
18.0,1,3.271972732788128,0.5017921467664495,6.727012316671492,1.3521395638544758,5.177261607709787,1,0,0,0,1,1,0,1,1,1,0,1,0,0,1,1,0,0,0,0,1
64.0,1,1.726439748396852,2.842133575227538,7.2678991110581865,1.4648829941638533,5.1473488978902,0,1,0,1,1,0,0,0,1,1,0,1,1,0,1,1,1,0,1,0,0
22.0,0,7.853298166144602,0.911313430982031,6.789622486743827,1.081384895336511,5.341955249116822,0,0,1,0,1,0,1,1,1,0,1,1,1,0,0,1,0,0,1,0,1
37.0,0,1.3127288334632934,1.083951085555898,10.109176260185759,1.4086555613403595,4.364580172910562,0,1,0,1,1,1,1,1,0,0,0,1,0,1,1,0,1,1,0,0,0
28.0,0,6.385575925616312,1.1586836142346206,4.775611141013718,1.3085132732604108,11.217233509223291,1,1,0,0,1,1,1,0,1,0,1,1,0,1,1,0,0,1,0,0,1
59.0,0,1.326075664387593,0.5945503413800883,8.014112478059428,1.3946676243140135,8.326145862618691,1,1,1,1,0,1,0,0,0,0,1,0,0,0,0,0,0,1,0,0,0
19.0,1,4.961471685657772,1.6994873972351736,10.697919996123675,0.5116266012853666,9.599675301710697,0,1,0,0,0,0,0,0,0,0,0,0,0,1,1,0,1,1,1,0,0
20.0,1,9.103352086490178,2.965874807360405,4.534376618097376,1.465902991865811,10.624868074146459,0,0,0,0,1,0,1,1,0,1,1,0,0,0,1,1,0,0,1,0,0
40.0,0,1.9822747865551864,1.288041843443215,11.53874806137086,0.9735301628464783,10.332328050665602,0,1,0,0,1,0,1,0,1,0,1,0,0,1,1,1,1,1,1,0,0
72.0,1,8.230376530141072,0.7882527258476233,11.890534738176104,1.298182989574843,11.060844989830732,0,1,0,0,0,1,0,1,0,0,0,1,0,0,1,0,1,0,0,0,0
29.0,0,5.491845623960645,0.7674781529365583,4.708545390600641,0.6272041193377809,11.738036980199615,1,0,1,0,0,0,1,0,1,0,0,0,0,0,0,0,1,0,1,1,0
37.0,0,0.8707795441268191,2.2986499191749297,6.330180178045896,0.8959410958139741,7.512564917935516,0,0,1,1,1,1,0,1,0,1,0,1,1,0,1,0,1,0,1,1,1
22.0,1,9.558937095236868,2.636421660081602,6.979205328282849,0.7714606630209909,11.602683733347124,0,0,1,0,0,0,0,0,1,0,0,1,1,0,0,0,1,0,1,1,0
54.0,1,2.5449155532197363,1.6994873972351736,10.211130949221808,0.791658770500937,9.78631958674253,1,1,0,1,0,1,0,1,0,0,0,0,1,0,0,1,1,0,0,1,0
55.0,0,8.610488918990804,0.5522737808380874,8.76741449693387,0.6232556199508817,4.565345522464628,0,1,0,0,1,0,0,1,1,0,0,1,1,0,0,0,0,0,0,0,0
47.0,0,1.7712190572671855,1.0577250461133896,9.154925603940539,1.305763832543007,9.454264969698762,0,1,0,0,0,0,1,1,1,1,0,0,0,1,0,1,0,0,0,1,0
26.0,0,8.554034533204343,0.6412892269918933,10.060078582548048,0.5092423145810782,9.493733276838789,0,1,0,0,1,1,1,1,0,0,1,0,0,1,1,0,1,0,1,1,1
49.0,1,0.23096524776241045,0.7584873415751038,4.943831995496206,0.8125054569852025,11.246884510340216,0,0,1,1,0,1,0,1,1,1,1,0,0,0,1,0,0,1,0,0,0
70.0,1,5.166626520037859,1.578770299619106,10.665675655282099,0.674410543216415,6.983457059760736,0,0,0,1,1,0,1,1,1,1,0,0,0,1,0,0,1,0,0,0,1
61.0,1,7.717481536273413,1.0747959271540815,9.644958433441152,1.0890389406083405,8.679292002174542,0,0,0,1,0,0,0,0,0,0,1,0,0,1,1,0,1,1,0,1,1
52.0,1,9.354475623178555,1.7898646963135585,8.618733801570961,0.7542524026145438,4.09750040809394,1,0,0,1,0,1,1,1,0,1,1,1,1,1,1,0,0,0,0,1,0
69.0,0,9.101101148444222,1.6994873972351736,11.117882678264454,0.7589984545280997,6.656601937450688,0,0,1,1,1,0,0,0,1,1,1,1,1,1,0,0,0,0,1,0,1
75.0,0,8.214286208521685,2.851343252757369,9.602450831070456,0.9883381439953187,4.4979498092702475,1,1,0,0,0,0,1,0,0,1,0,1,0,0,0,0,1,0,0,1,1
39.0,0,8.893094361646911,2.7648599198156614,5.613599701048203,1.1526890393409257,8.174983782119176,1,1,0,0,0,1,1,0,1,1,1,0,1,1,0,0,1,0,1,0,0
61.0,0,2.0722748897870575,1.917015262526165,7.437963048605334,0.6213047045651636,10.539581204055626,1,1,0,1,1,1,0,0,0,1,0,1,0,1,1,1,1,0,0,1,0
41.0,0,2.913424527546115,1.3860599799684654,8.014112478059428,0.6755114524654962,5.651541537032552,1,0,0,1,0,0,1,0,0,1,1,1,0,1,0,0,1,1,1,0,1
34.0,0,2.9607883967184794,1.452867205086839,4.441741014003245,0.7471747445945176,8.219528364462228,0,0,0,0,0,1,0,0,0,0,0,1,1,0,0,0,0,0,0,0,1
27.0,1,3.8328339169168184,1.5296307078612423,11.637100106880446,1.4737482141179605,5.6320690920861365,0,1,1,0,1,0,1,0,1,1,1,0,1,0,1,0,0,1,0,1,1
47.0,1,3.993874636813368,1.6994873972351736,5.028618086375028,0.8971524999429203,4.9655077427699235,0,1,0,1,1,0,0,1,0,1,1,0,0,1,0,1,1,0,1,1,1
73.0,0,5.491097714081287,1.6290974887970948,9.579690137813815,1.0989900906310264,8.08797433547474,0,1,0,1,1,1,1,0,1,0,0,1,1,1,1,1,0,1,0,1,1
76.0,0,1.6828096573277698,2.6418248662647437,8.049848288727041,0.7415428127159779,4.633188967597821,1,1,0,0,1,0,1,0,1,1,1,1,0,1,1,0,0,1,0,0,0
63.0,1,6.943341971481294,2.860236964825911,4.205057999075381,0.9904595251574879,8.698837049103915,1,1,0,1,1,0,0,1,0,0,0,1,0,1,0,0,0,1,1,1,0
40.0,1,1.7589087391146143,1.3398653834473346,11.397979806914893,0.574119174385958,4.25069968541381,1,1,0,0,1,0,0,1,0,0,0,1,1,1,0,1,0,0,1,0,0
49.0,1,3.172053972835021,1.9017362034392002,10.814694470551466,0.5347421459223269,4.853719774947004,0,0,1,1,1,0,1,0,0,1,0,0,0,0,0,1,1,1,0,0,1
34.0,1,5.083116793000925,0.7376413420814111,8.194063423230684,0.9687335268214602,8.399979883898862,1,1,0,1,1,0,1,1,0,1,1,1,0,0,0,1,1,1,0,1,1
67.0,0,7.9847615590824255,1.0011726194158974,5.831538689115562,0.8986592875184121,8.731259303191312,0,0,1,0,0,1,0,0,0,1,1,1,1,1,1,0,1,0,0,1,1
49.0,0,7.4207454090634,1.5336644167754003,4.972983125440754,0.6368803196918277,4.231895440750065,1,1,1,0,0,1,0,1,1,0,0,1,0,1,0,0,0,0,0,0,1
34.0,0,6.4907901284641705,1.0155067897544472,6.907139835457013,1.1876014289207337,8.587014304012467,0,0,0,1,1,0,0,0,0,1,0,0,0,1,0,1,0,0,0,1,0
31.0,0,1.6421552797436847,2.6914012269717937,6.043426248368724,1.4929034908992644,10.708020202589097,1,0,0,0,0,0,0,1,1,0,0,0,1,0,1,1,1,1,1,0,0
26.0,0,5.515748921594219,0.8957156401477452,8.05352960805039,0.8956468211967125,9.778529418351631,1,0,1,1,1,1,1,0,1,1,1,1,1,0,0,0,1,0,0,0,1
57.0,1,0.9657203678188659,1.63915205388273,11.731274368987432,1.1245586359173945,5.049480831366389,0,1,0,1,0,0,1,1,0,1,1,0,1,1,0,0,1,0,0,1,0
19.0,0,3.8358954502868428,2.014248101149689,8.599627945837131,1.4629759423644857,8.73979718050892,1,1,1,0,0,1,1,0,0,1,0,0,0,0,1,0,1,1,0,0,0
62.0,1,4.193813649870595,2.229659770402111,11.119448447120783,1.3315349724468752,9.378020000593708,1,1,1,0,1,1,1,1,1,0,1,0,0,1,0,0,0,0,0,0,1
42.0,0,0.49413325051296286,1.4576734243162668,9.207030699966218,0.9635522233026858,4.297849614018334,0,1,0,0,0,1,1,1,1,0,1,1,1,0,1,1,1,0,0,1,1
56.0,0,2.8124821847527213,2.6727476718118215,7.801972212697604,1.2374894844599194,10.842781349468982,1,0,0,1,0,0,1,1,0,1,0,0,1,0,0,0,1,0,1,0,1
26.0,0,9.560929725938244,1.6994873972351736,10.836860501866969,0.628135040250524,11.25013917831864,1,1,1,0,0,0,0,1,1,0,0,1,0,0,0,0,1,0,0,0,0
71.0,0,9.540962817513925,1.5987694511188795,7.77094488138398,1.012103855463799,10.803618186898069,1,1,0,0,1,0,1,1,1,1,1,0,1,0,1,1,0,1,0,0,0
39.0,0,3.5880378371001393,0.6681015851300915,10.949025364082889,0.7790602771799365,10.597051743912907,1,1,1,0,0,0,0,0,1,0,0,0,0,0,1,0,0,0,1,1,1
60.0,1,0.5266910785884081,1.6617236711129126,6.332614156606122,0.6611636878961611,9.959721587687145,0,0,1,1,0,1,0,0,0,0,0,1,0,0,0,1,1,1,0,1,0
63.0,1,1.8730398993489974,2.5518396020393257,5.030504590103905,0.9262809062545349,9.067456250255681,0,0,0,0,1,0,0,0,1,1,1,1,1,1,0,1,0,0,0,0,1
21.0,1,3.9829561549920474,2.0363525455532887,10.842515714903506,0.6310145544336144,9.429016039906015,1,1,1,0,0,0,0,1,1,1,0,0,0,1,1,0,0,1,0,1,0
43.0,0,9.483019009895376,2.580406134322796,8.699321310341334,1.1989851081744856,10.451162346679865,0,1,1,0,0,0,1,1,1,0,0,0,1,1,0,0,1,1,1,1,0
75.0,0,1.4978707290181308,1.735029176498264,8.014112478059428,0.9562400440533355,9.299987666890438,1,1,1,0,0,1,0,1,0,0,1,1,0,1,0,1,1,0,1,1,0
46.0,1,7.658806852315301,0.7961542627362046,11.502617655939066,1.0311446325646638,6.621815653456568,0,1,1,1,0,0,0,0,0,0,0,0,0,1,0,1,0,0,1,1,1
62.0,0,1.1759571398094517,0.5340996145897027,4.429027122971593,0.646375938668157,7.007688817290831,1,0,1,1,1,1,1,0,1,1,1,1,0,1,0,0,1,0,0,0,1
51.0,0,9.814450016173641,1.258048866796478,8.007754414870947,0.6397716610934945,11.176459746978338,1,1,1,1,1,0,0,0,1,1,0,1,1,1,0,0,0,1,0,1,1
40.0,1,3.8780033411804364,2.2449761787444813,6.999716392596234,1.083415435260124,4.136976686377295,0,1,0,1,1,0,0,1,1,0,1,1,0,1,0,0,0,1,0,1,0
54.0,0,7.774821935100655,2.4756497598542344,9.006867176560938,1.4850097478294462,9.590564649954256,1,0,1,0,0,0,1,1,0,1,1,0,0,1,1,1,0,0,0,0,1
49.0,1,3.4916517198302053,1.2393820865508236,10.348729577618588,0.5962505832377256,11.638220419401723,1,1,1,1,1,0,0,1,0,0,0,0,1,0,0,0,0,1,1,0,0
23.0,0,4.961471685657772,1.7391348022081177,6.244721727794952,0.7857314285657813,9.64982535966379,1,1,0,0,0,0,1,0,1,1,0,1,1,1,0,1,1,0,1,1,0
35.0,1,4.961471685657772,1.552797261085204,8.454387074985373,1.3694591165378875,11.951295905854256,1,1,0,1,0,1,1,1,1,1,0,0,0,1,0,0,1,0,0,0,1
38.0,0,1.5456080910399292,1.5263069608785695,9.669828639239196,0.5722720122552369,9.500359244226647,0,0,0,0,1,0,1,1,1,0,1,1,1,0,0,1,1,0,1,1,0
59.0,0,9.3868349817245,1.0783717830003763,5.075448662685872,1.3758857213669513,4.274904233734889,0,0,1,0,1,1,1,1,1,1,1,0,0,1,1,1,1,0,0,0,0
53.0,1,9.18470805125389,0.840927762573646,10.512535247610135,1.0242859833747513,10.616079053175389,0,1,0,0,1,0,1,0,1,0,0,0,0,1,0,1,0,1,0,0,0
58.0,0,8.885942508107535,0.9917213955780328,8.848876798823785,0.9082667739264259,6.277039295514553,0,1,1,1,0,0,0,0,1,1,0,0,0,0,0,0,0,0,1,1,0
55.0,0,6.291791156649275,0.6383309679083653,11.596299496909214,0.8096805643514559,7.568457805315528,1,0,1,1,0,1,1,0,1,0,1,0,0,0,0,0,0,1,1,1,0
51.0,1,8.101855291041154,0.9953268545589427,6.716231353045546,0.7971171581278419,6.496735327256657,1,0,1,1,0,0,1,1,0,1,0,1,0,0,1,1,0,0,1,1,1
34.0,0,0.7834656754226117,0.5230022440634486,4.865167538697589,0.8058025824494788,6.148432849677436,1,0,1,0,0,1,1,1,0,1,1,0,0,1,0,0,1,0,0,0,1
54.0,1,3.414411514717724,2.0681460015899455,8.052009608295403,1.3848030809601957,7.451245629358283,1,1,0,1,1,1,1,0,0,1,0,1,1,1,0,1,0,1,0,1,1
42.0,0,3.205660935095847,1.2909385184692073,4.686486173675511,1.2237952301747854,7.03001158752539,0,0,1,0,1,0,1,1,1,0,0,0,0,1,1,1,0,1,1,0,0
55.0,0,6.3928886873308715,2.9328617785672715,11.756212186592055,1.1697230078311507,9.066708654740715,0,0,1,1,0,0,0,1,0,0,0,1,0,1,1,1,1,0,1,0,1
49.0,0,3.6239819573593413,0.9842926269407446,4.309479666057532,1.2987491489520009,10.505209607900085,0,0,1,1,0,0,0,1,1,1,1,0,1,1,1,1,1,0,1,0,0
29.0,0,1.5702171382724401,1.3645714257739847,10.028031208858465,0.757114663004145,6.376709225497926,1,1,1,1,1,0,1,0,0,1,0,1,0,1,1,0,0,1,1,1,0
40.0,1,6.005024046594083,1.394602896603833,8.200819185137952,1.1180428120817556,5.709769222576139,1,0,1,1,1,0,0,0,0,0,1,0,0,1,1,0,0,1,1,0,0
70.0,0,8.162400814623906,0.5211287401561513,6.9489652199863094,0.960066238957951,9.33516216696274,1,1,1,1,0,1,1,0,0,0,1,1,0,1,0,0,1,1,0,1,0
59.0,1,3.8830225951537347,2.5980198825986474,4.526737316069237,1.2824416352001933,9.362560526646252,1,1,0,0,1,1,1,1,0,1,0,0,0,1,0,0,1,0,0,0,1
39.0,0,1.409460279474969,0.5799861503608118,8.977335393388863,0.8092561104732855,11.209049914289373,0,1,0,1,0,0,1,0,0,1,0,0,1,1,0,1,1,0,1,0,0
38.0,0,2.047213153396948,1.6994873972351736,8.681762635127642,1.1431786168698959,4.127565491626487,0,1,1,1,0,0,0,0,1,0,1,0,0,0,1,1,0,0,1,0,1
44.0,0,2.4510847211769016,2.7301858777340517,6.247066184540798,1.3822124118173136,10.82432529693208,0,0,1,1,0,1,1,0,1,0,0,1,1,1,1,1,0,0,0,0,1
74.0,0,3.0689861706459087,1.838804790214909,11.281773611282496,0.9021504761949287,8.168017383586855,1,1,1,0,0,1,1,0,0,0,0,1,1,0,0,0,0,1,0,0,1
49.0,1,6.46367119801246,1.8589889372782302,6.432880058742695,0.5666220873674614,8.97041671337679,0,1,1,1,1,1,0,0,1,1,1,0,1,1,1,0,1,1,1,1,1
23.0,1,6.049360296923418,2.1344448073903908,7.597803284736849,1.0160508223417928,4.730971524491318,1,1,1,1,1,0,1,1,0,1,0,1,0,0,1,0,1,1,0,0,0
44.0,1,6.991190629513688,1.4676250298372175,8.350099647349246,0.8459724878070259,7.460919462976365,0,0,0,0,0,0,0,1,0,0,1,0,0,1,1,1,1,1,1,1,0
57.0,1,3.6887696468619806,2.118055708494639,4.801855025410289,1.172225380547175,5.81841925790819,0,0,1,1,0,1,0,1,0,0,1,0,1,1,0,0,0,1,0,1,0
51.0,0,8.257576753611785,0.6119209717212172,11.45729375370906,1.4510329247486062,6.033800240660073,1,0,0,0,0,1,1,1,1,1,1,0,1,0,1,0,0,1,0,1,0
29.0,1,2.1204678454420267,0.6351190683743164,6.996289219608329,0.985608317996847,8.032760917408218,1,0,0,0,0,0,0,1,0,1,1,1,0,0,0,0,1,0,1,0,1
62.0,1,4.743503400429724,1.643076049048861,4.646233710994749,0.9661902301555338,10.499647603224899,1,1,0,1,0,1,1,1,0,1,1,1,0,0,0,0,1,0,1,1,0
74.0,0,8.02929334326016,1.8740557527650874,7.09832938940264,1.1545848001914603,9.950247441158849,0,1,0,0,1,0,0,0,1,1,0,0,0,0,1,1,1,1,0,0,0
70.0,0,1.8835706125529308,2.7195441008395473,8.801620376740646,0.6034975035935677,8.72799967268763,0,1,0,1,0,1,0,1,0,0,1,1,0,0,0,0,0,1,1,0,0
24.0,0,1.1876448260337513,0.7616515847697407,8.109221374570637,0.7535061889250146,8.315345542027735,0,0,1,0,1,0,0,1,1,1,1,1,0,0,1,1,0,0,1,1,0
27.0,0,8.848471280111099,2.5566198179847235,9.556335792298192,1.4189793255003984,7.41844834587592,0,0,1,1,0,1,1,1,1,1,0,0,1,1,1,1,1,1,1,0,1
62.0,1,3.49500366131604,1.025118343230174,4.443871536543285,1.1699426133637663,11.78167978849109,1,0,1,0,0,1,0,1,1,1,1,0,1,1,0,1,1,0,1,0,0
34.0,1,6.870314236599416,1.4852091212750795,6.276324882176449,0.5134440439834163,8.481540433873867,0,1,1,0,0,1,1,1,1,0,1,1,1,0,1,0,0,0,0,0,0
43.0,0,0.35095118221299093,1.2915060870685322,10.553844614720818,0.7046254725590199,6.031731186497777,1,1,0,0,0,1,1,1,1,0,0,0,0,1,0,1,1,1,0,0,1
38.0,0,6.931464195253551,1.5003881821634975,4.639149502330887,1.182837266028899,5.840726336320317,0,1,0,1,1,0,1,1,1,0,0,0,1,1,1,1,1,1,0,0,0
45.0,0,3.2294029843150085,0.8762387451814639,10.843887637567661,1.2643992025625743,8.890824246201134,1,0,1,0,1,1,0,1,1,1,0,1,0,0,0,0,1,0,0,1,0
79.0,1,0.6518344505156732,1.7589251860088875,4.73516873661685,1.3398595726740419,8.182620218487429,1,0,0,1,1,0,0,0,1,1,1,1,1,1,0,1,0,0,0,1,0
75.0,1,6.137146339326359,2.504106474578418,10.67563371913357,0.7921768033820449,4.061582423637702,0,1,1,1,0,1,1,1,1,1,1,1,0,1,1,1,0,1,0,0,0
63.0,0,2.4839577791244154,1.6038350259472423,6.886307208629813,1.4310285962775626,10.640522977566235,0,0,0,0,1,1,1,1,1,1,1,0,1,0,0,0,0,0,1,0,1
19.0,0,3.9293916963136124,1.7265339397454977,8.897672506057727,1.0529468935778925,9.632978833859477,1,1,0,1,0,0,1,1,1,0,0,0,1,0,0,0,0,1,0,1,1
77.0,1,0.8977500416364845,1.6994873972351736,5.223096925183985,1.196539022387893,9.294634317424828,0,1,0,1,0,1,1,1,1,1,1,1,0,1,0,0,0,0,1,1,0
71.0,0,1.556916185839959,2.265145286595077,4.529349773801447,1.096738862779908,4.550245261581272,1,0,0,0,1,1,1,1,1,0,1,1,0,1,1,0,0,1,1,1,0
60.0,0,3.0499746314088534,1.7261360212994619,8.014112478059428,0.6227400546746205,6.896446801379931,0,1,1,1,0,0,1,0,1,1,1,0,1,0,0,0,0,0,1,0,1
18.0,1,0.9886190555455556,1.1442391204729492,5.022830543269564,1.4631146593848798,11.48305808586229,0,1,0,1,0,1,0,0,1,1,0,1,1,0,1,0,1,1,0,1,0
68.0,0,9.117180020394521,2.7123168671124165,6.499247181437054,0.6228755798941527,10.900713930730909,0,1,1,0,1,1,1,0,1,1,0,1,0,1,1,0,1,1,0,1,0
70.0,1,0.15986572752138634,1.9425510042263958,8.11506597208816,0.7548819564111836,6.2843435029562675,0,1,1,0,1,1,1,0,1,1,0,0,0,1,0,1,0,1,1,1,0
53.0,0,4.890216166756683,1.0528690252767334,8.710075708520076,1.3136278802229802,5.25647107279311,0,1,0,0,0,0,1,0,0,1,0,0,0,0,1,0,1,1,0,0,1
68.0,0,1.3201498355122594,1.172799381595026,10.318944859037943,1.1185969615011015,7.592703657348617,1,0,1,0,1,1,1,1,0,1,1,1,1,0,1,0,0,1,0,1,1
43.0,1,3.146022985831691,2.507832722340615,9.249919145986869,1.338149165376357,6.846643029341287,0,1,1,1,1,0,0,0,1,0,1,1,1,1,0,1,0,0,1,0,1
46.0,1,4.961471685657772,0.6103639052186387,8.870066601036424,1.0157361883740448,9.457811013647929,1,0,1,1,1,0,0,0,1,0,1,0,0,0,1,1,0,0,1,0,1
38.0,0,1.70077607741247,2.98023046757205,7.294256219886197,0.8769932353666349,11.731478480674557,1,1,1,1,0,0,1,0,0,0,0,0,1,0,1,0,1,1,0,0,1
28.0,1,9.661739965211494,0.8258791992869794,7.7904674796811095,1.421845499547785,6.904011599860492,1,0,0,0,0,0,1,0,0,0,1,0,0,1,1,1,0,0,0,0,1
57.0,0,2.137364332195275,2.4901713134923433,7.316166635121449,0.5362523175147949,4.497793381217936,0,0,0,1,1,1,1,1,1,0,1,0,1,0,0,0,1,0,0,0,0
28.0,0,7.441504473821612,1.4869382919292071,10.737328240491065,1.3561302203530459,11.180912066739083,1,0,0,0,0,1,0,1,1,1,1,1,0,0,1,1,0,1,0,1,0
53.0,1,5.512104922483386,1.7305404582186672,5.840003620387199,0.7308177851877816,4.303597841918966,1,1,0,1,0,0,0,0,0,1,1,0,0,0,0,0,1,0,1,0,1
66.0,0,4.961471685657772,2.7016264436614446,4.045767452335717,1.3487363277539677,11.622127177226664,1,0,1,0,1,1,0,1,1,0,0,0,1,0,0,1,0,0,0,0,1
49.0,0,4.961471685657772,1.532277973973033,9.210559177809914,0.6391966134168856,9.316635424072318,1,1,1,1,1,1,1,1,0,1,1,1,0,0,0,0,1,0,1,1,0
56.0,1,5.392136269647455,1.8437343841830862,5.619697469110651,1.0802189636905406,11.533513667535594,1,1,0,1,1,1,0,1,1,1,0,1,0,0,0,1,0,1,1,1,1
57.0,1,2.035034203647159,0.6232491560229249,11.120921090478475,1.388107919011472,5.597277493191826,1,0,0,0,0,1,1,1,0,1,1,1,1,1,1,1,1,0,1,0,1
52.0,0,4.961471685657772,0.5058686846686329,10.872370637653248,0.9735396468988905,4.325598362030461,0,0,1,1,0,1,1,0,1,1,0,0,1,0,0,1,1,0,1,1,1
71.0,1,9.173242596043591,1.1119996825043148,4.613818975425647,1.246566673803393,7.9056798262119345,1,1,0,1,0,1,1,1,1,0,0,1,1,0,1,1,1,1,0,1,0
51.0,1,3.3455981686153375,2.201457732296918,4.851107243312619,1.3046716178555584,7.604987316561002,1,1,1,1,0,0,1,1,0,1,0,0,1,1,1,0,0,0,1,0,1
72.0,1,3.78361432413267,0.8031622333978418,7.96137273797333,1.2364942087167792,6.651938186039063,0,1,0,1,1,1,1,0,1,0,1,0,0,1,0,0,1,1,0,0,0
64.0,1,7.622254218441045,0.7844048970113735,8.873781302154837,1.4253297368745983,11.66125179510958,1,0,1,0,1,0,0,0,0,0,0,1,0,1,0,1,0,0,0,1,0
41.0,0,3.454352475985793,1.5274015200897582,6.199266699857926,0.9468342305199287,10.580669857291458,0,1,1,1,1,1,0,1,0,1,0,0,0,0,1,1,0,1,1,1,0
71.0,0,9.525418221726127,2.119592596520566,9.734381733594965,0.6731254391651558,9.292656171004747,0,1,0,0,1,0,0,0,0,1,1,1,0,1,0,1,1,1,1,0,0
39.0,0,7.405484913088123,2.280179980619826,8.759328167350972,0.5478110637024798,5.302866333102622,1,1,0,0,1,1,1,0,1,1,1,1,0,1,0,1,1,1,0,1,0
49.0,1,6.014549501476858,0.9461266852459369,6.5985928779884375,0.7464598696375051,9.874587265748197,1,1,0,0,0,0,0,0,0,0,1,0,1,1,0,0,1,0,1,1,0
73.0,1,8.82086208939305,0.6989703684301061,4.202971904338525,0.6431975038802421,9.816099637597791,0,1,1,1,1,0,1,0,1,1,1,0,1,0,1,0,1,1,1,0,1
50.0,1,0.5910984926598792,1.6994873972351736,10.001202250388141,1.0579487414344806,7.40054538892806,0,1,0,0,0,1,1,1,0,0,0,0,0,1,1,0,0,0,0,0,1
75.0,1,2.6449206526731666,1.1516659564052543,5.718029326600662,0.684945337211732,11.39828727771211,0,1,0,0,0,1,1,0,0,1,0,1,1,0,1,0,1,0,1,0,0
53.0,1,4.703859708787008,2.6333662440218095,8.014112478059428,0.5389337072893712,5.3358230578320835,0,1,0,0,1,0,0,1,0,0,1,1,1,0,1,0,1,0,1,1,1
64.0,1,2.3470875407680585,2.6587286261570457,7.3623220804340415,0.5359898288686679,6.138700499293314,1,1,0,1,0,1,0,0,0,0,0,1,1,1,0,0,0,0,1,1,1
37.0,1,7.464661354291304,2.431306479406361,8.616619541054124,1.3315694983648616,4.505794714005069,0,1,0,1,0,1,0,1,1,0,0,0,1,0,1,1,1,1,0,0,1
36.0,0,9.200159507431879,0.9220840166314253,10.983589843272014,1.0914499314430248,10.3636076654207,0,1,1,0,1,1,0,0,1,0,0,1,1,0,1,1,0,1,1,1,1
52.0,0,4.295324187316141,2.554503648135501,10.908984007359628,0.8580853018933782,8.974075088763179,0,1,0,0,0,1,1,0,1,0,0,1,0,0,1,1,1,1,0,1,1
69.0,1,3.4871127411077603,2.4231263981039666,6.972156601948586,1.394228042740247,6.519522445449996,1,0,0,1,1,0,1,0,1,0,0,1,1,0,1,0,1,0,0,0,1
60.0,1,9.619352248161906,1.9918074752655428,5.671111141718745,0.5701966114077136,5.310509308754523,0,1,0,0,1,1,1,1,1,0,1,0,0,0,1,0,1,1,1,1,1
34.0,1,4.504039084992654,1.3430050879223818,10.201168621828756,1.480322072727826,4.321182160229923,0,1,0,1,0,1,1,1,1,1,1,0,0,1,0,0,1,0,0,0,0
79.0,0,4.941579164447903,1.1562715106663601,7.464641628817049,1.116291790254461,5.333964549007493,1,1,1,0,0,1,1,0,0,0,1,0,0,0,1,0,0,0,1,0,1
76.0,0,3.581333736184863,0.8047230302008974,5.536335948472033,0.6834642539688485,7.6262771707012655,1,1,1,1,1,1,0,0,1,1,1,1,0,0,0,1,1,1,1,1,1
62.0,1,9.10452988282017,1.7743926672521786,11.235402738537202,1.1790690989769685,5.977415752084849,0,1,0,1,0,0,0,0,1,1,1,1,0,0,1,1,0,1,0,1,0
60.0,1,5.732659284490322,1.9631521887746164,5.584833553928699,1.2633812597835625,6.071857419455734,0,0,0,1,1,1,1,1,1,1,1,0,1,0,1,0,0,0,0,1,0
51.0,0,4.961471685657772,1.398347476289468,4.206457345529849,0.9293427833707745,11.004610933341715,0,1,0,0,1,1,1,1,1,0,1,0,0,1,0,0,1,0,1,0,0
26.0,0,8.136886511673774,1.6883976692021714,4.16223979013936,1.3616326062455473,8.121101387688805,1,0,1,0,1,1,1,1,1,0,0,1,0,1,1,0,1,1,0,0,1
49.0,0,3.484305514980856,1.4087861434231668,8.978522851634114,0.6507324072964703,9.834015785027317,1,1,1,1,1,0,1,1,1,1,1,1,0,0,0,0,1,1,0,1,0
19.0,0,4.393573880071762,2.102515143301753,9.293400485740243,0.7788375835776084,4.285687592225145,0,0,0,1,1,1,1,0,0,0,0,1,1,0,1,1,1,1,0,0,0
70.0,1,8.49987056662202,2.7531480194914084,6.488333640455871,0.5934923615839898,6.92130684542423,0,0,1,0,1,0,0,1,0,0,0,0,1,1,0,1,1,0,1,1,0
26.0,0,3.6962279815905217,0.9098006551173622,6.560087913976507,0.7108778406073522,7.8333547791635345,0,1,1,1,0,1,1,1,1,1,0,0,1,0,1,0,0,0,1,1,0
26.0,0,7.959957821173328,1.4535220247578087,8.014112478059428,0.738728811911145,5.491334841681478,1,0,1,0,1,1,0,0,0,1,0,0,1,0,0,1,0,1,1,1,1
49.0,1,9.415823993486928,0.8521715098771533,9.44126837407103,1.4176331909217101,4.961532331564309,0,0,1,1,0,0,0,0,1,1,0,0,0,1,1,0,1,0,1,1,1
34.0,0,6.269782693373269,2.06235942601958,4.465070328214629,0.5781096887511562,10.962430227998741,0,1,1,1,0,0,1,1,0,1,1,1,0,1,0,0,1,0,1,0,1
18.0,0,7.4421101457737,2.3221762737214897,11.432930821530604,0.9274151201877094,11.515453016798372,1,0,1,0,0,1,1,1,1,1,0,1,0,0,1,1,0,1,0,1,0
42.0,0,8.070463389207235,2.82978183149364,5.780168353419572,1.0323986872269129,4.630453584363259,0,0,0,0,1,1,0,0,0,1,1,1,0,1,1,1,0,1,0,0,1
78.0,1,4.961471685657772,1.6994873972351736,11.997385641936738,1.3986930538021607,6.792149700339545,1,0,1,1,1,1,0,1,0,1,1,0,0,0,0,1,1,0,1,1,1
60.0,0,4.01102804478228,2.8755280146635753,5.372181550297496,1.4976962186612135,11.66628502515579,1,1,0,0,0,1,0,0,1,0,1,0,1,0,0,1,0,0,1,0,1
57.0,1,0.6075082458423819,0.658156679551687,10.17237165849902,1.2533881149198358,4.665293865059719,0,1,1,1,1,1,1,1,1,0,0,1,0,0,0,1,1,1,0,1,1
59.0,1,4.078575085243721,2.0075346584114704,5.787300359437,1.4707909905690295,9.14913098302981,1,1,0,0,0,0,0,1,0,0,0,0,1,0,0,0,0,1,1,0,1
42.0,0,6.770186674862488,0.6428317983583249,8.014112478059428,1.2871011325358737,11.777770967736044,1,1,1,1,1,1,1,1,1,1,1,0,0,1,1,0,1,1,1,0,1
56.0,0,4.558468819229848,2.734435469404862,10.999466594805192,1.4632026409714167,11.825789348650996,0,0,0,0,1,0,0,0,1,0,1,1,1,1,0,0,1,1,0,1,1
52.0,0,4.961471685657772,1.8245226426751353,10.870010073527135,1.207270725944455,7.769786647229946,1,1,0,0,1,0,1,1,1,1,1,0,1,1,0,0,1,1,1,1,0
20.0,0,4.961471685657772,2.17337087690699,7.228563139596811,0.5797634254510711,5.301992862259045,1,0,1,1,0,1,1,0,1,1,1,0,1,0,1,0,0,0,1,0,0
67.0,1,6.3839669969298924,2.5789348147761313,9.619169140323415,0.9019201869926765,5.616674519819511,0,1,0,1,0,1,0,0,1,1,1,1,0,1,0,1,0,1,1,1,1
54.0,0,4.961471685657772,0.8757765562099219,8.456527461471337,1.1465972838024703,11.116811160995157,0,1,0,1,0,0,1,1,1,0,0,1,1,0,0,0,0,1,1,0,1
49.0,0,7.5187574227850735,0.5964789048453346,10.823648909389991,0.850718509454251,11.293464034637887,0,0,1,1,1,0,1,1,0,1,1,1,0,1,0,1,0,0,0,0,0
61.0,0,5.502390091248956,2.6972028647821302,6.520447754549235,0.7733839181137786,8.863037150988438,0,0,0,1,1,1,0,1,1,1,1,0,0,0,1,1,1,1,1,0,1
68.0,1,2.120237446611346,1.2873330686473312,8.189379199991881,1.077399267133091,10.12941119575929,0,1,1,1,0,0,1,0,1,1,1,1,1,0,0,0,1,0,1,1,1
47.0,0,2.989920617628292,0.8224472698179132,7.882978969636404,1.4335018767024348,9.919450011763265,1,1,0,0,0,0,0,1,0,0,1,1,1,1,1,0,0,1,0,0,1
55.0,0,7.51122621496014,1.6711530927177163,6.83124661005487,0.5349818735161536,9.294572783912855,1,1,0,1,0,0,0,0,0,0,0,0,1,0,1,0,0,0,0,0,0
51.0,1,4.877752233049055,1.995765189240047,11.131640516450979,1.2692312035414377,10.618215638975514,1,1,1,1,1,1,0,0,0,1,1,0,1,0,1,1,1,0,1,0,0
29.0,1,2.238711259891415,0.5774265085562753,5.327023397300284,1.2227272780446272,9.483252984322569,1,1,0,1,0,1,1,1,1,1,1,1,0,1,1,0,1,1,1,1,0
36.0,0,9.675984784665946,1.1872391456427194,5.196069116165569,1.463953425388287,8.272018445979995,1,0,0,1,1,0,1,1,0,1,0,1,0,1,1,1,0,1,0,0,1
54.0,0,7.17973769618719,0.58199968569224,8.61527628258201,1.4307112223325436,5.895650900705254,0,1,1,0,1,0,0,1,0,0,1,0,0,0,1,0,0,0,0,1,0
61.0,0,9.575634842143982,1.5508384729887474,9.259953839879536,1.262232562044193,9.951105152948951,0,0,1,1,0,1,1,1,0,1,0,0,1,0,0,0,0,0,0,0,1
76.0,0,4.328339949067398,2.7377500726656105,5.556954034596521,1.0204087646825988,7.787502942706196,0,1,1,1,1,1,0,0,0,1,0,0,1,0,0,0,1,1,0,1,0
76.0,0,4.803493372848032,2.956631028733923,7.125739538036993,0.7042675532335199,6.358333472060075,0,1,0,0,1,0,0,1,0,0,1,1,1,0,0,1,1,0,0,0,0
66.0,1,8.98975664023169,2.092618883759069,11.57251074382995,1.0452357183255745,10.415570205934202,1,0,0,0,1,1,0,0,0,0,1,0,1,1,1,1,1,0,0,1,0
78.0,1,5.297988468429308,0.9040942344614795,5.972939381525392,1.2653519939196538,9.573708802824227,0,1,1,1,1,1,1,1,0,0,0,1,0,1,0,1,1,0,0,1,0
34.0,0,7.102061227866105,2.7646234749982646,9.346885616939153,1.3956692126378931,11.4987165049976,0,0,0,0,0,1,1,0,0,0,0,1,0,0,1,0,0,1,0,1,0
27.0,0,2.596511487205747,1.7906195580001512,9.921195149580726,1.289712009210549,5.323533120151022,1,0,0,1,1,1,1,0,1,0,1,1,0,0,1,0,1,0,1,1,1
74.0,1,4.522592040156141,0.8843732802572952,7.585029595721276,0.695266935191054,9.193514277091946,1,1,0,0,0,1,0,0,1,0,1,0,1,0,0,1,0,1,1,1,1
72.0,0,1.3221536715225157,2.8043166736291534,11.500207894076663,1.0996863142280593,5.953915744705408,0,0,0,0,1,0,0,0,0,1,0,0,1,0,0,0,1,0,1,1,1
66.0,0,2.139202355181921,2.3936726268077573,9.893253881750324,0.832173459531357,11.228663882413134,1,1,0,0,0,0,1,1,1,0,1,1,1,1,0,1,0,0,1,0,1
64.0,0,0.10933981114954777,1.6994873972351736,7.663396638887183,0.509205667390643,4.7959953140529255,1,1,1,0,1,1,1,1,1,0,0,1,1,1,0,0,0,1,1,1,1
29.0,0,0.48872401132173626,2.272951759486012,8.014112478059428,0.7002209357886661,9.249294451559017,0,1,1,0,0,1,0,1,1,1,1,0,1,1,0,1,1,1,1,0,0
79.0,0,9.7751098494516,1.0008495527411059,9.540907547400806,0.6132206499334493,10.32868577222424,1,1,0,1,1,1,0,1,0,1,1,1,0,1,1,0,0,1,0,0,0
33.0,1,2.499301581853947,1.0275167292688152,8.737521443433746,1.3427191235394687,6.8393427229176575,0,1,0,1,0,1,0,0,0,1,0,0,1,0,1,1,0,0,1,1,1
41.0,0,6.666776024089619,2.2207324960681376,11.029580670608606,0.758506252147812,11.633104635070474,1,1,0,0,0,0,0,1,1,0,0,1,0,0,1,0,1,0,0,0,1
49.0,0,8.407087018116155,1.0493068752759922,6.855109298243209,0.7846979688875555,10.805845476688297,1,1,1,0,0,0,1,0,0,0,1,0,1,0,0,1,0,1,1,1,1
25.0,0,5.551538546441986,1.5966792420076221,6.399085920446439,1.4599365717988841,6.356946397479227,1,0,1,0,1,1,1,0,1,0,0,1,0,1,1,1,1,0,1,0,1
48.0,1,1.6161305508311665,2.4550045639848532,5.7107111159621144,0.8790867230488522,4.060328741727989,1,1,1,1,1,1,0,0,0,0,1,1,1,1,0,1,1,1,1,1,0
49.0,1,7.308352729628047,2.4598812952446023,4.302263744516761,0.5095856401443946,6.373257408944487,0,0,1,1,0,1,0,0,1,0,1,1,1,1,1,0,1,0,1,0,0
34.0,1,6.042488959985872,1.633154431314649,4.344111715040443,0.7838461483461365,6.25048376376594,1,1,1,1,1,1,1,0,0,1,0,0,0,1,0,1,0,1,1,1,1
40.0,1,7.339380834539013,2.4804748456881125,10.960441544874262,0.6192995806018124,11.119716860007273,0,1,0,0,0,1,0,0,0,1,1,0,1,0,1,0,0,1,1,1,1
54.0,0,7.720491566285163,2.596554490495142,9.427145171247258,0.602808561735854,11.73696942603798,0,0,0,1,0,0,0,0,1,0,1,0,1,0,1,1,1,0,1,1,0
71.0,1,9.756562640078977,2.1369393782106507,9.284259323491888,0.5774872901357495,4.563519887762083,1,0,0,0,1,0,1,0,1,0,0,1,1,1,1,1,1,1,1,0,0
33.0,0,5.778276472264428,1.0710646307710503,8.014112478059428,1.0932594701753773,7.770358628266534,1,0,0,0,1,1,1,0,1,1,0,1,0,1,1,1,0,1,0,0,1
23.0,0,3.482247015636958,1.1850294509638688,10.793753157552839,0.6893477236298586,8.386655988238367,0,0,1,0,1,1,1,0,1,0,0,0,1,0,0,1,1,1,1,1,0
25.0,1,6.519799113312347,1.2871028885218383,7.84213540532502,0.8612427940410105,4.743293290637626,1,1,0,0,1,0,0,0,0,1,1,0,1,0,1,0,1,1,1,1,1
42.0,1,0.7775630215019987,0.7920102693348801,8.014112478059428,1.3620177161300169,7.0199816731001805,1,1,0,1,1,0,0,1,0,1,0,0,1,0,1,0,1,1,1,0,0
35.0,1,8.984233451383705,1.182899050924863,6.875560209457913,0.9243381397962757,6.536659339143605,0,0,0,1,1,0,1,0,1,1,1,1,1,0,1,1,0,0,0,0,1
42.0,1,1.2818720122481484,1.0237980607813304,11.413660034712724,1.4156913500516377,8.288450834616699,1,1,0,0,0,1,1,1,1,1,0,0,1,0,1,0,0,1,0,0,0
29.0,1,3.3456440950696007,1.6383218745215054,9.58925584064992,0.9979380533956063,9.289527197855504,0,0,1,0,0,0,0,0,0,1,1,0,0,1,1,0,0,0,0,0,1
32.0,0,8.175879268198598,2.771093869680662,6.057417088195418,0.8988366148397557,9.627880883972534,1,0,1,0,0,1,0,0,0,1,1,1,0,0,0,1,1,1,0,0,0
76.0,1,6.013392545474047,0.7612007918848952,8.512679373509002,1.2503889270907016,5.0940401889071,1,0,0,0,1,1,0,0,0,1,0,0,0,0,1,0,1,0,0,1,1
43.0,1,3.996991650746677,2.300669809868489,8.264244491906044,0.5731750987680021,10.503581615556971,1,0,0,0,0,0,1,0,0,1,1,0,0,1,1,0,1,1,0,1,0
58.0,1,4.787013027812712,2.218207511032819,5.103190573842672,0.5894783829824174,9.428336238326072,1,0,0,0,1,1,1,0,1,0,1,0,1,0,1,0,1,0,1,0,0
62.0,0,8.560019192701585,0.7393854966583941,8.729943246004913,1.1519737139229607,11.112599333973757,1,1,0,1,1,0,0,1,1,1,0,0,1,0,0,0,0,1,1,0,1
43.0,1,3.4660434219929326,2.8064310122645,6.518284989735664,0.9869407132392483,7.594688475483473,1,0,1,1,1,1,1,1,0,1,1,0,0,1,1,0,0,1,1,1,1
64.0,0,8.709531879640496,1.921180505392049,4.4187901344768195,1.2904152503192101,11.151118101777532,0,0,1,1,0,0,1,0,0,1,1,1,0,1,0,1,1,0,1,1,1
49.0,1,0.9725308666692458,1.4093138028392107,11.589249261652519,1.4162708373435313,10.926192978848604,0,1,0,0,0,0,1,0,1,1,1,0,0,1,1,0,0,0,0,0,0
27.0,1,4.961471685657772,2.3913464587382665,9.131922952514302,0.8883668776715475,7.507274658874157,1,0,0,1,1,0,0,0,1,1,1,0,0,1,0,0,1,0,0,0,0
33.0,0,8.49072156724189,1.1434136460040851,11.015351454966776,1.0964100265846461,7.049146522343829,1,0,1,1,0,0,0,1,0,0,1,0,0,1,0,1,1,1,1,0,1
24.0,1,1.8999947630896539,1.6994873972351736,9.408448040106025,1.00069662779531,11.462496119762054,0,1,1,1,1,1,1,1,1,1,1,0,1,1,0,1,0,0,1,1,1
34.0,0,4.360430670484784,0.599278018930618,8.014112478059428,1.4816106556424329,9.721317876307502,0,1,0,1,1,0,0,0,1,0,0,1,0,0,0,1,0,1,0,0,1
40.0,0,1.7384477691701907,2.59852009402318,8.101504578630491,1.3310844073565953,11.425962771504604,0,1,0,1,0,0,1,0,0,1,0,0,1,0,0,0,1,0,0,1,0
43.0,0,7.095380877042755,1.6204271175532963,9.405974082777416,1.4117377082773537,10.375798231166504,1,1,0,0,1,0,1,0,1,1,0,1,1,0,0,1,1,1,0,0,1
38.0,1,5.399942903810402,2.0917322858948544,11.6820186016115,0.7543400875776042,8.874379514331315,1,1,1,0,1,0,0,1,0,0,1,0,0,0,1,0,0,1,1,0,1
39.0,1,6.389701132412378,1.0530945495167092,6.029355672973572,1.2725264231625943,4.926822216030116,1,0,1,0,1,1,1,0,0,0,0,0,1,1,1,1,0,0,0,1,0
75.0,1,2.0452209728664905,2.1926842816461196,10.999816468992941,0.7654732249976489,6.331845380632788,0,0,1,1,1,0,1,0,0,1,0,0,1,1,0,1,0,1,0,0,1
24.0,0,2.1962840343189534,2.4306006897331915,8.014112478059428,0.7087425334283899,11.750739256787131,0,0,1,0,0,1,1,0,1,1,1,1,1,1,0,0,1,1,1,1,0
31.0,1,0.5108235225480731,1.683032967210997,9.363324117271652,1.4442661596555508,6.555376789713636,1,1,1,1,0,1,1,1,1,0,0,0,1,0,1,1,0,0,1,0,0
32.0,0,3.2884685984377247,2.0443173101544856,11.450133019210703,0.5193044167178666,4.746038958282966,0,1,0,0,1,1,1,0,1,0,0,0,0,1,0,1,0,0,1,1,0
70.0,1,5.641472147203382,1.6408148095559965,7.183028699818948,1.4653887036634297,9.660426847354557,1,1,0,1,1,0,1,0,0,1,1,0,1,0,1,1,0,0,1,1,1
24.0,0,8.593555648573554,2.735228423144614,11.624129408323542,0.6492618969888062,9.872034036349474,1,1,0,1,1,1,0,0,1,0,0,0,1,1,0,0,1,0,0,0,0
26.0,0,6.702581729840939,1.744672951285798,9.6222630173278,1.319438081793268,6.283661762297206,0,1,0,0,0,0,1,1,1,0,0,0,0,0,1,1,0,0,0,0,0
68.0,0,4.410423601657539,2.6045217725720473,4.336046139350495,0.7759225530681031,6.38137583477043,1,1,1,0,0,0,0,1,0,0,0,1,0,1,0,0,0,1,1,1,1
65.0,1,9.535889132501964,2.5033801456756213,11.254982654552421,0.8507023274307274,7.751143884070271,0,0,0,1,0,0,0,0,1,0,0,0,0,1,0,0,0,1,0,0,0
25.0,0,7.220527485700735,1.5262620533708913,7.8757824722655405,0.716757711321985,4.174311598098044,0,1,1,1,0,1,0,1,1,0,0,1,1,0,1,1,0,1,0,1,0
67.0,0,9.308635508339245,1.0752112296436875,7.682615878222663,1.0855140424810796,10.314584082889308,1,0,1,0,0,0,0,0,0,1,0,1,0,1,1,1,1,1,1,1,1
76.0,0,5.3231209353944395,1.5152053313994274,8.531732847837073,0.8480955475078741,6.536710298193005,1,0,0,0,1,1,0,1,1,1,1,1,1,1,0,1,0,0,1,0,0
40.0,0,2.6631523204520824,2.5655434394380503,5.195076374169823,1.1573930394946632,10.83010481601582,0,0,0,1,0,1,1,0,1,1,1,0,0,0,1,1,1,0,0,1,1
46.0,0,0.6229841950107476,1.0690813395484808,7.753328388539189,0.515647317942066,10.42104337280027,1,1,0,0,0,1,1,0,1,1,0,1,1,0,0,1,0,1,1,0,0
35.0,0,7.28824002969012,1.8110908646443733,10.649017733741966,0.5643748835150396,9.291216264950265,0,1,0,0,1,1,0,0,1,1,0,0,0,1,0,1,0,1,1,0,0
49.0,1,1.3008996802547879,2.515241869901869,4.123859673100123,0.5996611527312486,6.59899893679431,1,1,0,0,0,0,1,1,1,1,0,1,0,1,0,0,0,1,0,1,1
47.0,1,3.097473769892475,1.383693687820947,6.18333728259497,0.9189936853102311,8.13053249328936,0,1,0,0,1,0,0,1,1,0,1,0,1,1,0,1,0,1,1,1,0
69.0,0,5.371461988050584,2.1055240925067435,4.019636691550754,1.314796172659976,7.558634060783672,0,1,1,1,1,0,1,1,0,0,0,0,0,1,1,1,0,1,0,0,1
56.0,1,5.687724219019502,1.1140789351220364,7.325690473198787,1.3881779103783827,6.711055089989394,1,0,1,1,0,0,0,0,0,0,1,0,0,1,0,0,0,0,1,1,1
52.0,1,6.045773650172647,0.7731986134203999,9.826524083949877,0.7448107400609008,10.785090314425425,1,0,1,1,0,0,0,1,0,1,1,0,1,1,0,1,1,1,0,1,0
35.0,0,1.7459277704620364,2.485960562732141,10.390174632917027,1.074369724239014,7.868056596621322,0,1,0,0,0,1,0,0,1,0,0,0,0,0,1,0,1,1,1,0,1
76.0,0,3.859400307734323,0.7474215585217671,11.561518089016053,1.2683649926926006,10.661784782377172,0,0,1,1,0,1,1,1,0,0,1,1,0,1,1,0,1,1,1,0,0
59.0,0,4.961471685657772,1.1784534876989614,8.868036903766292,0.7888294299196087,4.841747793134594,0,0,0,1,1,1,1,0,0,0,0,0,1,0,0,0,1,1,0,0,0
56.0,1,9.701206759874468,2.6377735549936,6.037014933223164,0.9090077367362732,5.128198308802686,0,1,0,0,1,0,0,0,0,0,1,1,1,0,0,1,1,0,0,1,1
34.0,0,7.303548263226918,1.366173217696668,11.393183593093593,1.023974202685714,11.818562440903815,1,0,1,0,0,1,0,0,1,0,0,0,0,1,0,0,0,0,1,1,0
31.0,1,9.233777195230182,2.9326133737854025,10.202526031043009,0.6348748464080477,8.702147700848716,1,0,1,1,1,0,1,0,0,1,0,0,0,0,0,1,0,1,0,0,0
48.0,0,7.645899377310353,1.6994873972351736,8.595427864025156,0.5259822937257803,8.078157387992391,1,1,0,1,1,1,1,1,1,1,1,0,1,1,1,0,0,1,0,0,0
41.0,1,5.957997992034764,1.1706900511338918,9.565121725751489,0.6528058093182832,8.185248505152893,0,0,0,0,1,1,0,0,0,0,0,0,1,0,0,0,0,0,1,0,0
52.0,0,2.001031354449811,0.6024455556247261,11.394530840059433,1.1268536212535334,5.722150192262879,1,1,1,0,0,1,0,1,0,0,1,0,0,1,1,0,1,0,1,0,0
61.0,0,6.700187953735879,1.6994873972351736,8.014112478059428,0.5736182615336817,9.749631596015785,0,1,1,0,1,0,0,0,0,1,0,0,1,0,0,1,1,0,0,1,0
77.0,1,6.27145770300308,1.6274662566208593,6.946996060677872,0.6896963648501283,4.678244989838035,0,1,1,0,1,0,1,0,0,1,1,0,0,1,1,1,0,1,1,1,0
62.0,1,6.064444787526938,0.7518821098989408,9.704225618312773,0.8378538856953037,8.586589704824185,1,0,1,0,1,0,0,0,1,0,0,0,0,0,1,0,0,1,1,0,1
51.0,1,4.9488800930835835,2.268807047445107,4.322225301883103,0.5778700643063663,8.566150372687211,1,0,1,1,0,0,1,1,0,0,0,0,1,0,0,1,1,1,1,1,0
20.0,1,5.333700379493829,0.5779372727798031,7.09132449464465,0.6916992711616344,11.313507393068088,0,0,1,1,1,1,1,0,0,1,0,1,1,0,1,0,1,1,0,1,1
54.0,1,3.4109810184692306,2.6754917262306055,7.250584254764634,1.411269788983511,8.209462480838884,0,1,0,1,1,0,0,0,0,1,1,1,1,0,1,0,0,1,0,1,1
60.0,1,5.241195657158801,0.8466313227832594,5.334705875366677,0.5192991322269848,5.096501567793436,1,0,1,1,1,0,1,0,1,0,1,1,1,0,1,1,1,1,1,0,1
57.0,0,2.055803466216935,0.8182796968668125,4.184683844414161,1.1534319241743622,8.5820260739853,0,0,0,0,1,1,0,0,0,0,0,0,0,0,1,0,0,1,0,0,0
43.0,1,8.07122653386773,0.9391807449214613,5.0670498931019425,0.8844089309151849,4.730621154922659,1,1,0,0,1,1,0,1,0,1,0,1,1,1,0,0,0,1,1,1,1
72.0,0,1.9391918515172075,2.9006658962301666,9.23697196637644,1.172648739432371,5.630350682399373,1,1,1,1,1,1,1,0,1,0,0,0,0,1,1,1,1,1,0,0,0
40.0,0,0.9411662699057175,2.232923400634615,10.418310530909501,1.0886917203634046,4.248868673499329,0,1,1,0,1,0,0,0,1,1,1,0,0,0,0,0,1,1,1,0,1
61.0,1,4.418835660935858,2.503428838659092,11.905627941815794,0.7234987543546443,8.106348659675987,0,0,1,1,0,1,1,0,0,0,0,0,0,0,1,0,0,1,0,1,1
56.0,0,6.617243651110012,1.4940874643318827,6.770908024867954,1.3472094875733887,4.676260922348579,0,1,0,1,0,1,1,1,0,0,0,1,0,0,0,1,1,0,0,1,0
32.0,1,4.43339656684206,1.3407818187623888,8.795033778088815,0.9919403826093567,7.755155028250632,0,0,0,1,0,0,0,1,0,1,0,1,0,1,0,0,1,0,0,0,1
73.0,1,2.8398659063179554,1.0862100169579247,11.497159734520976,1.3225360189134716,11.463560282593154,0,1,1,1,0,1,1,0,0,0,1,0,1,0,1,0,0,1,1,1,1
66.0,0,5.6258947205153635,1.7016200707810223,5.336334250705221,0.9060125361882192,9.758091304154657,1,1,1,1,0,0,1,1,1,0,0,0,1,0,0,1,0,1,0,1,0
21.0,0,3.5353231205807796,1.8795718338354213,9.741164690741941,1.484685553915239,4.619293393802344,1,1,0,1,0,0,0,0,0,1,0,1,0,0,1,0,0,1,1,1,0
46.0,1,9.335390132253668,2.0794371091318884,10.039829865193305,1.2704893585012962,5.793678497670745,1,1,0,0,1,0,1,1,0,1,1,1,1,1,0,1,1,0,1,0,0
39.0,1,9.234186882075363,1.1427962599967363,4.711804286954707,1.4659502051125735,9.389299359147474,1,0,1,0,0,1,0,0,0,1,0,1,1,0,1,1,0,1,0,1,0
42.0,0,5.073481017723745,2.8716352022574765,10.88999508146452,1.014326478909859,11.15761488819347,0,0,1,1,0,1,0,0,1,0,1,1,0,1,1,1,0,1,1,1,1
49.0,0,3.3460515407807594,0.9243962455178396,10.50484037688675,0.9736911322907005,4.26334869411163,1,0,1,1,0,1,1,1,1,1,1,1,0,0,0,1,0,1,0,0,0
35.0,0,7.3976108981707265,2.914132936916031,4.267224052619476,1.2554538093252579,10.499609053764752,0,1,0,1,0,0,1,0,0,1,1,1,1,0,0,0,1,0,0,0,0
50.0,0,0.4634581404823598,0.5371403062687594,4.728675319040412,1.3802912630134303,8.49451104270647,0,0,0,0,1,1,0,0,1,1,1,1,0,1,1,1,1,1,1,0,1
33.0,1,4.800213159832147,1.702814229542114,8.014112478059428,1.4641457958655582,8.36873060237114,0,1,1,0,1,0,1,1,0,1,1,1,1,0,1,0,0,0,1,0,1
62.0,1,3.429601603276302,1.333419595291407,6.677948254394898,0.8245519060324997,11.662505462026864,0,1,1,0,1,1,0,0,0,0,0,1,1,0,1,0,1,1,1,1,1
59.0,1,9.213305262515291,1.622808534825627,8.07431192543941,1.298704573842639,9.981156900774184,0,0,1,1,1,0,1,0,1,1,0,0,0,0,1,1,1,0,1,0,0
61.0,1,0.21882996999955717,1.9266614474519725,8.25878182363703,0.7106455976355367,10.800950944448896,1,1,0,0,0,0,0,0,1,0,0,0,1,1,0,1,0,0,1,0,0
49.0,0,5.572867269611656,1.5889728950317725,6.141334078155541,1.0455743467454452,6.831964556357334,0,1,0,1,1,0,0,1,1,0,0,0,1,1,0,1,1,1,0,0,1
19.0,0,7.432569452559597,1.5371171257539875,11.292775092482193,0.6798481484091992,8.434912326627279,0,0,0,0,0,0,1,1,0,1,0,0,0,0,0,0,1,1,1,1,1
72.0,1,4.901678076488008,2.3318085385332665,6.9461023189753055,0.8473973617503389,8.923245419422166,1,0,1,1,1,0,1,0,1,1,0,1,0,0,0,0,0,0,1,0,0
52.0,1,0.9454899986109444,2.2146906877161614,4.36440124772282,1.4313583672064594,6.572671522899721,1,1,1,1,0,0,1,1,0,1,0,0,1,1,1,0,1,1,1,0,0
59.0,1,9.727367761276232,2.5831782050896197,6.401816892331091,0.6460906997730861,8.561984999579195,1,0,1,1,0,0,0,0,1,0,0,0,0,1,1,1,1,0,1,1,0
51.0,1,5.228303270623369,1.1248974530987388,8.248875380353244,1.1324008951351965,5.893243035837711,0,1,0,0,1,0,0,1,0,1,1,0,1,0,0,0,1,0,0,1,1
47.0,1,6.180443818758213,2.023821274385159,7.265774580705856,1.0929542729274033,5.1470053685459165,0,0,0,0,1,0,1,1,0,1,0,1,0,0,1,1,1,1,1,1,1
76.0,1,2.4424368488043227,1.9629869634821346,6.190740152794073,0.6207383527089865,6.991762074218661,0,1,0,0,1,0,1,1,0,1,0,1,0,0,1,1,1,0,1,1,1
72.0,1,4.886631042557357,1.4243445271817219,8.014112478059428,0.8259790437688121,9.914317029971496,0,1,1,1,1,0,0,0,1,0,1,1,1,1,0,0,0,0,1,1,0
30.0,1,4.348579970387386,1.7151438547567022,10.553316000769838,1.0629815045152657,11.329497184591101,1,1,1,1,1,0,1,1,1,1,0,0,1,1,0,1,0,0,1,1,0
30.0,1,0.841468835819639,1.284455358264322,11.969161936993535,0.6871786089884903,7.66171241198586,1,0,0,0,1,1,1,0,1,0,1,0,1,1,0,0,1,1,0,1,1
49.0,0,1.1509875001199257,0.854610994042463,6.6363370681910565,1.3006236564128155,9.142589506203453,1,0,1,0,1,1,0,0,0,0,0,0,0,1,0,0,0,1,1,0,1
49.0,1,8.390977944225869,1.034503026656832,7.052968353412831,1.47215650953475,4.824297047800804,1,1,1,1,0,0,1,1,1,0,0,0,1,0,0,0,0,0,0,0,0
49.0,0,2.4742175268452438,1.6994873972351736,8.944300197415657,0.7147593999624721,11.23571006841863,1,0,0,1,1,1,0,0,1,1,1,1,0,1,0,0,0,1,1,0,1
52.0,0,2.0300868878364424,2.2076739379753105,9.747531797884331,0.6869119647905759,8.548833708559474,1,0,0,0,0,0,0,1,1,1,0,1,0,1,0,1,0,1,0,1,0
76.0,1,5.098623367376378,2.151818482772879,7.13623627842873,0.9549350717974446,10.242705981001256,0,0,0,1,0,1,1,0,1,0,1,0,1,1,1,0,1,1,0,1,0
56.0,1,7.710596600488878,2.876515928949682,11.239436135854522,1.247765277140032,10.35552960737115,0,1,0,0,1,0,1,0,0,1,1,0,1,0,1,1,1,0,0,0,0
63.0,0,0.7132705339319804,2.324196034118103,8.480031913831347,0.7816006102352514,6.051844210944847,1,0,0,0,0,1,1,0,1,0,1,1,0,0,1,0,1,1,1,1,0
69.0,0,5.8103984044187325,0.6301145968903286,7.603120611247448,0.5198799086972804,8.233395625454797,1,0,1,1,1,0,0,1,0,1,0,0,1,0,0,0,0,1,1,0,1
46.0,1,1.2801833841216763,2.7106129348223855,9.173382025279242,1.041220628032894,11.683838012487819,1,0,0,0,0,1,0,0,0,1,1,1,0,0,0,1,1,1,0,0,0
79.0,0,0.46096440317362275,2.6566879073643146,11.622430785993386,1.4566005677673077,4.717076358566622,1,1,1,0,1,0,0,1,0,1,1,1,0,1,0,0,0,0,0,0,1
66.0,1,0.6221651264059521,1.6083008019317466,10.356418355373645,0.8912768554069456,9.464399184236507,0,1,1,1,1,1,1,0,0,0,0,1,0,1,1,0,1,1,0,1,1
46.0,1,8.358224671263569,1.964657626319804,4.320105044280995,0.9201345541831004,11.698112624281375,0,1,0,0,1,1,0,0,0,1,1,0,1,0,0,0,1,1,0,0,0
79.0,1,1.2679275879178096,2.9401958311812972,6.658479285919677,1.468901717114038,6.404616864432177,0,0,0,0,1,1,0,0,1,0,1,1,0,0,1,1,0,0,0,1,1
70.0,0,0.5469985076816903,1.8307609096204156,7.764357479609782,1.1946076116267283,10.891583371234784,1,1,1,1,1,0,0,0,1,1,0,0,0,0,0,0,1,1,1,0,1
61.0,0,4.961471685657772,2.7633045709402246,6.516140577672842,1.2191719228421252,11.469260363266173,1,0,1,1,0,1,1,1,0,1,0,0,1,1,1,0,0,1,1,0,1
74.0,1,8.455535372226045,0.707596894525466,9.601500486643651,1.0627020053710676,9.9766896751586,1,0,1,0,1,1,0,0,1,1,0,1,1,1,1,0,1,1,0,0,1
33.0,0,2.697842927244089,0.9776296717717071,10.610153198900647,1.4746092108632416,5.850626498455666,0,1,0,0,1,0,1,0,0,1,1,0,1,1,0,1,0,0,1,1,1
73.0,0,4.274954913506572,1.6018873586032947,9.850760761482173,1.188866484425556,6.672005750612751,0,0,1,1,0,0,1,0,0,0,1,0,0,1,0,1,0,1,1,0,0
61.0,0,0.4952330723811371,1.9618920208432618,11.914666294626201,1.3950327516051695,4.286474355341846,0,1,0,1,1,1,0,0,0,0,0,1,1,0,1,1,0,0,1,0,1
49.0,0,4.545877289935271,2.5405696296570004,6.180381183144233,1.1993788657332212,10.651625873962843,1,0,0,0,0,0,0,1,0,1,1,0,0,0,1,1,1,1,1,1,0
74.0,0,5.818369498307623,2.970655287857967,10.999915960195372,1.235115824840396,10.796889492088638,0,0,1,0,1,1,0,0,1,0,1,0,0,1,0,0,1,0,1,0,1
27.0,0,5.751979832146233,1.472128741185291,10.132981321395889,0.7904109221422465,9.06168247972954,0,0,0,0,0,1,1,1,0,0,0,0,0,1,0,1,0,1,0,0,0
47.0,0,3.3910242525262153,0.6185390903502124,6.897430060465169,0.803478698013819,6.820222810110811,1,0,1,0,1,0,1,0,1,0,0,0,1,0,0,1,0,0,1,0,1
42.0,1,3.223778488565042,2.502928758238312,8.014112478059428,1.2829846495760293,4.614488221119364,0,0,1,1,1,1,1,1,1,1,0,0,0,0,0,1,0,0,1,0,1
56.0,0,1.1555738274723193,2.0109517977070204,4.832607651345976,0.7967062891698996,10.024460879319275,1,1,0,1,0,1,1,1,1,1,1,0,0,0,1,1,1,1,1,1,1
37.0,0,3.731303374398057,0.9963571471705042,10.31466785872442,1.0627700708015317,9.812209548879384,1,1,0,1,0,0,0,0,1,1,0,0,1,1,0,0,0,0,1,0,0
22.0,0,1.08499722184235,1.7370711415535505,8.258644820696821,0.749352310906702,11.300820173911209,1,1,1,1,0,0,0,1,0,1,1,0,0,0,1,0,1,1,1,0,0
18.0,0,7.689299852649311,2.355775613834311,6.338321381674025,1.3169833808090694,9.844256168042897,0,1,0,0,0,1,1,0,1,0,0,0,1,1,0,1,1,0,1,1,1
47.0,0,9.66611554770704,2.4260294676716097,9.246218414273441,0.61050135122769,10.629559537952016,0,0,0,1,0,1,1,0,0,0,1,0,1,0,1,1,1,1,1,1,0
66.0,0,9.703737121000398,1.749046029996905,9.132959989715271,1.3294466397616644,9.967636943231996,1,0,1,0,1,1,1,1,1,1,0,1,1,1,0,1,0,0,1,0,0
20.0,0,8.664203883816398,1.263036325322148,5.675889781756798,1.1027298005076018,9.045497506498531,0,1,0,0,1,0,1,0,0,1,1,0,1,0,1,1,1,1,1,0,1
49.0,0,6.047842278462229,2.9343564550962338,4.243179318492209,0.6869095348270773,7.415731153528074,1,1,1,1,0,1,1,0,0,1,1,1,0,0,0,0,0,0,0,0,0
31.0,1,7.038570402714411,2.1584065273912323,7.468980695213391,1.0420353855061182,11.216938469138222,0,0,1,1,0,1,1,1,1,0,1,0,0,0,0,0,0,0,0,1,1
73.0,0,2.9235374465360993,1.5205937983657467,8.55609495475537,0.7824988368473405,9.207748575259759,1,1,0,0,0,1,1,0,1,1,1,0,0,0,0,1,1,1,1,1,0
47.0,0,6.344627159708944,1.201158060511631,11.012842226964787,0.8234673347304966,7.1868425757272725,1,0,1,1,1,0,1,0,1,1,1,0,0,0,0,1,1,1,1,1,0
67.0,0,4.610930539454786,1.6994873972351736,11.425734365180755,0.8515280415968803,4.667754361455658,0,0,0,0,1,1,0,1,0,1,1,1,1,0,1,1,0,0,0,0,0
21.0,0,4.871971663791632,1.6994873972351736,8.230441745254131,0.5633192469723209,6.325638847235057,1,1,1,0,0,1,0,1,1,0,1,0,0,1,0,1,1,0,1,0,0
35.0,1,7.601987947714064,0.9292749724342204,10.030427870148358,1.4859616844014174,8.349813878641317,1,0,0,1,1,0,1,0,1,1,0,0,1,0,0,1,1,0,0,1,1
79.0,1,4.961471685657772,1.8245847224051757,7.514426178623975,0.5315346281312241,6.205082960129556,1,0,1,0,0,0,0,0,1,0,1,0,0,1,0,1,1,0,0,1,0
54.0,1,3.248592155775747,1.2249684816103548,9.968657252583144,1.1624968731842784,5.769882783343217,1,1,1,1,1,1,0,1,0,1,1,0,0,0,0,1,1,1,0,0,0
42.0,1,9.253953732173503,2.072262862309038,5.638412199513335,0.8712276477574306,8.219148112702777,1,1,0,1,0,0,0,0,1,1,1,1,1,0,1,0,0,1,0,1,1
65.0,1,0.6566205190246253,0.7948466871855837,6.968517878428251,1.146010290946699,5.358562767165877,0,0,0,1,0,1,1,1,1,1,1,0,0,0,0,0,1,0,1,0,1
18.0,1,4.90777955429207,2.137352761418304,9.073823990508918,0.8562482530875838,10.403280506600828,0,1,0,0,1,1,1,0,0,0,1,1,0,0,1,0,1,1,0,1,1
70.0,1,9.136727924037832,1.6994873972351736,4.145263724856631,1.1737506462588587,7.874945210741264,1,0,0,1,1,0,1,1,1,1,0,0,1,1,0,1,1,1,1,0,1
63.0,1,6.142593777399754,0.5006073360862818,9.779690482711633,1.229235509468361,8.5909021917012,0,1,0,0,0,1,0,0,0,0,0,0,0,0,0,0,1,0,1,1,0
32.0,1,5.509430034700108,0.8173401441854409,10.684284010145333,1.1905526403996447,5.179066140778788,1,0,0,1,0,1,1,0,0,1,0,1,0,0,1,1,1,0,1,0,0
26.0,1,2.572467374370617,2.834038444587735,7.1931332887516115,0.6139619813581523,6.596610685034939,1,0,0,0,1,1,0,1,0,0,1,1,0,0,0,1,1,0,0,1,0
32.0,1,4.961471685657772,2.6683865977883947,7.583539337417315,1.1568932346546847,7.280717466089223,1,0,0,0,0,1,1,0,0,1,1,0,1,1,0,1,1,1,0,1,1
66.0,1,8.53527931646646,1.084022580090592,10.810257697732247,0.7799875494540973,10.465702644132023,1,0,0,0,0,1,1,1,0,1,1,1,1,1,0,0,1,1,0,1,1
74.0,1,5.636259504507735,2.445929761363728,10.205237082608267,0.5288013705693335,10.161276184689221,1,0,1,0,0,0,0,1,0,0,0,0,0,0,0,0,1,0,1,1,0
41.0,1,5.19594771819212,2.0214289829349354,6.305195912267,0.914830671888954,5.783819798301451,0,0,0,0,0,1,1,1,0,0,0,0,0,0,0,1,0,0,1,1,1
21.0,1,1.0858391640462863,2.9272617786246737,6.591808852492312,0.933543102803801,8.929432652856061,0,0,1,1,0,1,0,0,0,1,0,0,0,0,1,0,0,0,0,1,1
29.0,1,4.961471685657772,1.4340141488351477,9.431025859124773,0.9671741333524465,5.947650862175981,0,0,0,0,0,0,1,0,0,1,1,1,1,0,0,0,1,1,1,0,0
76.0,0,9.640483368001787,2.203651531292928,8.50558473958529,1.2048241653907161,11.905977245521964,0,0,0,1,1,0,1,1,0,1,1,1,0,1,0,0,1,0,0,1,0
75.0,1,3.8321630561397324,0.6588393060597965,5.2978365687719755,0.8088438091424591,11.616991025046964,0,1,1,1,1,0,1,1,0,0,1,0,1,1,0,0,0,1,0,0,1
54.0,0,6.071809314785092,1.490618367041015,6.479439273833331,0.8152805131039226,8.506117764164964,0,0,1,1,0,0,0,1,0,1,1,0,1,1,1,1,0,1,1,1,1
78.0,1,0.8891792245541215,2.9095441529704513,11.199866215029232,0.5605522562412606,9.591220575153145,1,1,0,1,0,0,1,0,0,0,0,0,0,1,1,1,1,1,1,1,0
54.0,1,6.86283142865816,1.8474521861253015,9.505395493778106,1.186821215992296,10.41144305766916,0,1,1,0,1,0,0,1,0,0,0,1,1,1,1,0,0,0,0,0,0
60.0,0,9.332410416189013,1.2196987583371115,11.887794541484155,1.067826091399584,9.767987360359232,1,1,0,1,0,0,0,1,1,0,0,1,1,1,0,0,0,1,0,0,1
77.0,1,5.799086004674455,0.8006774078215171,10.136100239846154,0.8494251126937881,9.598629528659366,1,0,1,1,1,0,0,0,0,1,0,0,1,0,0,0,0,1,1,0,0
49.0,0,1.3485416915165647,2.258820850453826,11.535795457148723,1.2051889789173547,11.668432063596224,0,0,0,1,1,1,1,1,1,1,0,0,1,0,0,1,0,1,1,1,0
56.0,0,5.859043121987419,2.1121401085743168,5.729508590963803,1.037357749226877,8.771648850458266,0,1,1,1,0,1,1,0,1,1,1,1,1,0,0,0,0,0,1,1,1
73.0,0,7.686837409736058,1.4348467840094365,10.171878998535405,0.9692449458705397,9.090421374552445,1,0,0,1,0,0,1,1,1,1,0,1,0,1,0,1,0,0,1,0,1
63.0,1,4.123523712082784,1.6994873972351736,4.161740161182379,1.0113245436611265,10.79415000350545,1,0,1,1,0,1,1,1,1,0,1,1,1,0,1,0,0,1,0,0,1
41.0,1,8.810393704620532,0.5555070324696258,9.366080173692271,1.1363481252670566,9.359126942867254,1,0,0,0,1,1,1,1,1,1,1,1,1,1,0,0,0,1,0,0,0
28.0,1,6.521961238237909,1.2593096290795645,7.754258224961931,1.1600026045745995,9.86346097614018,1,0,1,0,1,1,0,0,1,0,0,0,1,0,1,1,1,1,0,1,1
79.0,0,4.961471685657772,2.8026737157489534,6.774080575360549,0.7889578191407172,5.8733494895731395,1,0,0,0,0,1,0,0,0,0,0,1,1,1,1,1,0,1,0,0,1
30.0,0,6.272702581348638,1.302338595798601,10.899234818344713,0.6407433633911532,6.970135392920567,0,0,0,1,0,1,0,0,1,0,1,1,1,0,1,1,1,1,0,0,1
51.0,1,1.39975092284776,1.1306320846379259,10.834141541260244,0.6566341811905188,5.178410765695144,0,1,0,1,0,0,0,1,0,1,1,0,0,0,0,1,0,0,0,1,1
42.0,1,3.1659479399413724,1.8355510248281184,4.178413639189149,1.1393908859030017,8.046123538678444,1,1,1,1,1,0,0,1,0,1,1,1,0,1,0,0,1,1,0,0,1
24.0,1,2.0977699876993237,2.5595043748013446,8.876040979595448,1.372873285767126,7.6458192054419705,1,1,1,0,0,1,0,1,1,1,1,1,1,0,1,1,1,0,0,1,0
69.0,1,9.097382327396938,0.7578669021959026,6.942657794567651,0.9094962783455518,11.977302514235655,1,1,1,1,1,0,1,1,0,0,0,0,0,1,1,1,1,0,1,0,1
21.0,1,7.627960666146079,2.8575517741143406,7.325288012003593,0.6695201603294624,8.88966922252434,1,1,1,1,0,1,0,0,0,0,1,0,1,0,1,1,1,1,1,0,1
76.0,0,6.79634385220906,2.48768220295291,10.656325913750209,1.2566024982938546,10.291558585555386,1,0,1,0,0,1,0,1,1,1,0,0,0,0,1,0,0,1,0,0,0
25.0,0,3.0795665643530548,0.9531256388788798,6.478718172221426,1.3324894744194484,6.672117366061234,1,0,0,1,1,1,0,1,0,0,0,0,0,0,1,1,1,1,1,0,1
37.0,0,1.922043243297114,2.2800199029954067,11.544390485100962,1.3805824431209666,10.652362650742372,1,0,1,0,1,0,0,0,1,0,0,1,1,0,0,0,0,0,0,0,0
46.0,1,7.5888657710902265,1.4623968065938928,5.437070610977126,1.106831428913733,8.920679731901467,1,1,0,1,1,1,1,1,1,0,0,0,1,0,1,0,1,1,0,1,0
71.0,0,4.794163664202888,1.5057366951907967,9.301779386945423,1.3607285593880847,9.575938652787507,0,1,0,1,1,1,0,0,1,1,1,0,1,1,1,1,0,0,1,0,1
70.0,0,2.3353165662912283,2.458225231097166,9.376840536110118,0.5154149584484077,6.355446223595635,1,0,0,1,1,1,1,1,1,1,1,1,1,1,0,0,1,1,0,0,1
68.0,0,6.204557583836223,2.9069620199518305,6.017561291423346,0.6072358017695235,8.389107133564618,1,1,0,0,1,0,1,0,1,1,0,0,0,1,1,1,0,1,1,0,0
62.0,0,0.4993051361706746,1.6994873972351736,6.598004871737616,0.5925760670520988,9.07229578730887,0,0,0,1,0,1,0,1,0,0,1,0,1,0,1,0,0,0,0,0,1
63.0,0,3.32908551586971,1.5515755921970484,10.678387940639524,1.2126046842547331,8.71275740653265,1,0,1,0,1,0,0,0,1,1,0,0,0,1,1,0,1,1,0,1,1
27.0,1,4.738714246452233,1.7023540202107588,10.09444203963962,0.569581783543579,11.321549691396532,1,0,0,1,0,1,1,0,1,1,0,1,1,1,1,1,0,0,1,0,1
60.0,0,1.564787507683118,1.440779542387494,6.6327670425180765,0.996364372466307,11.186181315940427,1,1,1,0,0,1,0,1,0,0,1,1,1,0,0,1,0,1,1,1,1
51.0,1,9.848079328149312,1.4079728092905626,8.271652375479471,0.9727068986362891,11.767872463014964,1,1,0,1,0,1,0,1,1,0,1,1,0,0,0,0,1,0,0,1,1
49.0,1,2.1700639094371814,1.6994873972351736,4.493442370024764,0.8107035235582409,9.339424048055914,0,0,0,0,1,0,0,0,1,1,1,1,1,0,1,1,0,0,1,1,0
43.0,1,1.390495987428329,1.6994873972351736,5.669967059189034,1.3704051699420998,11.775313041005477,1,0,1,0,1,1,1,0,1,1,1,0,1,1,1,1,1,1,1,1,0
58.0,1,2.1149952514802743,1.5905360428001134,7.886564470883193,0.670433201879996,10.65982400025527,1,1,1,1,0,1,0,1,1,1,0,1,0,1,1,0,1,1,1,0,0
66.0,1,7.7137052182812695,0.9869845066098168,4.687789882233693,0.8524627843992398,6.166657122719674,1,1,0,0,0,1,1,0,1,0,0,1,0,0,1,0,0,1,1,1,0
75.0,0,4.312506026791244,2.540083755755171,10.746658839135499,1.2741715000229292,7.419485356410377,0,1,0,0,0,1,1,1,1,1,0,0,1,1,0,0,1,0,1,0,0
20.0,0,5.697617803550126,2.5064018703790696,8.014112478059428,0.5304223143932842,5.907139537512078,1,1,0,0,1,1,1,1,1,0,1,1,0,1,0,1,1,1,0,1,0
73.0,1,0.3079906541649714,1.7159790702222346,11.549069365187957,1.1729504002463687,4.033577286644522,1,0,1,1,0,1,0,1,0,1,1,1,1,1,0,0,0,1,0,1,1
23.0,1,0.44086995487581415,1.2461266528694013,9.547735247712218,1.3163977263615707,5.504390025175269,0,0,1,0,1,0,1,1,1,1,0,1,0,1,1,1,0,1,1,1,1
22.0,1,4.51367294328746,2.095231814491131,11.523210978097485,1.4322678388381673,4.032484690295005,0,1,0,1,0,1,0,1,0,0,1,1,1,0,0,0,0,0,1,1,0
22.0,0,8.184886907696074,1.2203803394435075,8.436100445527721,1.376296640491485,9.75870769080392,0,1,1,0,1,0,1,1,1,1,0,1,0,0,1,1,1,0,0,1,0
71.0,1,8.863864899204895,1.0900198258092801,8.801748888495755,0.8193841168336852,7.404274381769596,0,1,1,0,1,1,0,0,1,0,0,0,0,0,1,1,1,0,1,0,1
64.0,0,0.9583950191968381,2.3262866350658165,11.815768437010087,1.0863641413229526,6.500597816622866,1,1,1,0,0,0,0,1,1,1,0,0,0,1,0,0,0,1,1,0,1
49.0,1,5.429794710800126,0.6008130993023768,9.137033174914084,0.5772934931504659,10.093767128761503,0,0,1,0,1,1,1,0,0,1,1,0,1,0,1,0,0,0,1,0,1
66.0,0,9.140973894164778,0.7369211775864849,4.246292550885973,0.7578700035480086,10.659894196957161,0,1,1,1,0,0,1,1,0,1,1,1,1,0,0,1,0,0,0,1,0
26.0,1,4.961471685657772,1.6994873972351736,9.790422213044186,0.5942223787475074,11.80239630919904,0,1,1,1,0,1,1,1,0,1,0,0,1,1,0,0,0,1,0,1,0
52.0,0,8.31270173114085,0.8823579661885654,11.243749537099326,0.8151872901539639,9.136108677401928,1,0,1,0,0,0,0,1,1,1,1,0,0,0,1,0,0,1,0,0,1
37.0,1,1.4235869785544186,0.6724750217761486,10.364641998354614,1.3751872134587289,7.692231668320414,0,1,0,1,0,1,0,0,1,0,1,1,0,1,0,1,0,1,1,1,0
75.0,0,9.360405447711207,2.9895059194497966,8.67066618100338,0.8471668396742926,6.442114412859487,1,0,1,1,0,0,0,1,0,1,1,0,0,0,1,1,0,1,1,1,0
66.0,0,7.5390908435598964,1.222024924885224,9.37042810474813,1.0618981030014263,5.77854567371381,1,0,1,0,1,1,1,1,0,1,0,0,0,1,1,0,0,0,0,1,1
78.0,0,9.419210488590327,0.8731700316731181,11.921534314013375,0.9333808481149408,5.70340760386081,0,0,0,0,0,1,0,1,1,0,1,1,1,0,0,0,0,0,1,0,1
76.0,0,6.798510612169814,1.1024906449897949,4.725296708074707,0.9589165242987353,7.27351499775839,1,1,1,0,1,1,0,1,1,1,1,0,0,0,0,0,0,0,1,0,1
59.0,0,3.6976989267943274,2.8403139288503367,9.337958629065916,1.4695720518365583,11.934290842303438,0,0,1,0,0,0,0,0,1,0,1,0,0,0,0,0,1,0,1,1,0
52.0,0,9.387993607994753,1.8004005575609892,6.267181556564751,0.7961544682638579,4.006829579499226,0,1,1,0,0,0,1,0,0,1,0,1,1,1,0,0,1,1,0,0,1
67.0,0,2.828111085460867,1.4120452407696422,9.12072317268936,1.1273244695231712,5.577647177848006,1,1,1,0,1,0,1,1,0,1,0,1,1,1,0,1,1,0,1,1,0
35.0,1,3.3885079684111523,2.6834786447730483,8.86098860707151,0.920062669579447,5.507143859228591,1,0,0,1,0,1,0,1,1,0,0,1,0,0,1,0,0,1,0,0,1
79.0,1,7.038003338217229,1.4874756763725812,5.227654656865297,0.5611461810476862,9.73695588425834,1,0,1,0,0,0,1,0,1,0,1,1,0,1,1,1,0,1,1,0,1
34.0,1,7.676631365301324,1.3375214248942395,5.653973165921913,0.989330831624236,6.819877820784495,1,0,0,0,1,1,1,1,1,1,0,1,0,1,0,0,1,0,1,0,1
41.0,1,9.301094490106623,1.018206306374339,8.973036624345708,1.3133433290451082,7.658086436734565,0,1,1,0,1,1,1,0,0,0,1,1,1,1,0,0,1,1,1,0,1
20.0,1,2.1275438496564743,1.4444920597735287,5.025839578430193,0.5987529686816884,5.18899304375924,1,1,1,1,0,1,1,0,1,1,0,1,0,0,0,0,1,1,0,1,0
49.0,0,8.000180548670318,1.291710890042315,6.121447001042583,0.569591847396309,7.239976311015582,1,0,1,0,0,1,1,0,0,0,1,0,0,0,1,1,0,1,1,0,1
52.0,0,7.411605928629938,2.1932598982453526,10.68196438190402,0.6536315203932667,4.825598495246688,1,1,1,1,0,1,1,0,0,0,0,1,0,0,1,0,0,1,1,0,1
55.0,0,0.7315661069106189,1.2239567616768179,6.616732048013109,1.264400111389306,8.264346303108665,1,0,0,1,0,1,1,0,0,0,0,1,1,1,1,1,1,1,0,1,1
30.0,0,3.933509097981049,1.9429993660564036,7.904481250157303,1.223995384144738,4.7835069230628475,0,1,0,1,0,1,1,0,1,0,1,0,0,0,0,1,0,0,1,1,0
73.0,0,2.8993780248949763,0.6647304125799318,11.529122681166722,1.0650177689061104,10.324067049385249,0,1,0,0,0,0,1,0,1,0,0,1,1,0,1,0,1,1,1,0,1
78.0,1,3.114455201104901,0.9782228917412858,5.81719271069557,0.9682264040926324,8.532813740323917,1,1,0,1,0,0,0,1,0,1,1,1,1,0,0,0,1,0,1,1,0
64.0,1,9.831174107591538,1.518513179028372,7.117008138864083,1.388325814702622,9.791742990188135,1,1,0,0,0,1,0,0,0,1,1,1,1,0,0,0,1,1,0,0,1
42.0,1,6.463496393451286,2.8423731347717385,8.851662204348365,1.2666978238334825,7.348131093221471,0,0,1,0,0,1,1,1,1,0,1,0,1,0,0,0,0,1,0,0,0
26.0,1,7.204993962155646,1.4431299642892386,10.042711436031777,1.3119422513018053,7.051930345937818,0,0,0,0,1,0,1,1,0,1,1,0,1,0,1,1,1,0,0,0,0
21.0,0,9.76851460941859,2.160185302999585,11.21322709370164,1.3132623013506541,4.785671112390909,0,0,0,0,1,1,1,1,1,0,1,0,0,1,1,1,0,0,1,0,0
31.0,0,3.834297646330623,1.1377180560534954,8.014112478059428,1.142717154745558,8.190844856342581,0,1,1,1,0,0,1,0,1,1,1,0,0,0,0,0,1,1,1,1,0
54.0,0,8.03821766768278,0.8175839399330793,10.213120594980984,0.9580146243159459,8.116017318856736,1,1,0,0,1,1,0,0,1,0,0,1,1,0,0,1,1,0,0,1,0
51.0,1,4.4018565367145035,0.6463415002001254,5.8266466927464835,1.3646777525856504,7.744816355596843,1,0,1,1,1,1,1,0,1,0,0,0,1,0,0,0,0,0,0,0,0
28.0,0,8.7083833509683,1.2635337463568783,4.198474640340526,1.4260074176032507,9.924146917459595,0,0,0,1,0,0,0,1,0,1,0,0,0,1,1,1,0,0,0,1,1
58.0,1,1.8885096589819017,0.8941525669922699,7.07019144284499,0.523806043258343,10.660035200258836,0,0,1,0,1,0,0,1,1,0,0,0,1,0,1,0,1,1,0,1,0
73.0,0,9.482093152936368,0.9350261200403105,5.132390807902587,0.5515548732662513,10.006317399588065,1,1,0,0,1,1,0,1,0,1,0,1,0,1,0,0,0,0,0,0,0
20.0,0,2.2658399132677087,2.401898270967375,9.683101179506384,1.4587432969084373,5.150925942454751,1,0,1,1,1,1,0,1,0,0,0,0,0,1,0,1,1,0,0,0,1
76.0,1,3.3295830191112223,0.5395951773621855,9.289044694605735,0.7771606138441948,8.976476074256865,0,0,0,1,1,0,0,0,0,0,1,1,1,1,0,1,1,0,0,0,0
45.0,0,7.586303117657127,1.894525314338586,4.351773132971639,1.3733694396494187,4.642584845516267,1,0,0,0,1,0,0,1,1,0,1,1,0,0,0,1,0,1,1,0,0
46.0,0,3.9981759014975267,1.448653451483662,10.692750233047608,0.8887951189614026,9.556978299523813,0,0,1,0,0,0,1,0,1,1,1,1,0,1,1,0,1,0,1,1,1
26.0,1,4.961471685657772,1.766374999771368,5.989946130329458,0.6191000576093556,7.0547127724890135,1,0,1,0,0,1,1,1,0,0,0,0,0,0,1,1,1,0,0,0,1
20.0,0,4.501277660587342,1.9070755930365073,7.457816603928338,0.5804432002093343,5.059991650130293,1,0,1,1,1,0,0,0,1,1,1,1,1,0,1,0,1,1,1,0,1
42.0,1,7.44946237718884,1.2834192361431955,9.34346988364594,0.6565078990804565,10.896406855809023,0,0,0,0,1,1,1,1,1,1,1,1,0,1,0,0,1,0,0,1,1
51.0,0,2.3604793984492476,1.2377721504607133,7.435350294818027,0.7498931948673647,8.9120667123115,1,0,1,0,1,0,0,0,1,1,1,0,0,1,1,0,1,1,1,0,0
29.0,0,0.6787340736450823,2.333504623337264,7.530302422399547,0.9885183539308262,6.83779974358022,0,0,0,0,0,0,1,1,1,1,1,0,0,0,1,0,1,1,1,0,0
59.0,0,3.069301034983356,2.6781924703028928,4.525023962685923,1.2014979005657835,4.245817437203996,1,1,1,0,1,0,0,0,1,0,0,1,1,0,1,1,1,1,0,1,0
26.0,0,4.79565578219746,0.9814540811463197,7.2115483940800305,1.4863985764852998,8.298482072028884,0,0,0,1,0,0,0,0,0,0,1,1,1,1,0,0,0,0,1,1,1
32.0,0,1.763398516707518,0.7440469013378723,10.118783145759867,0.941506743289171,11.38580702788986,0,0,1,1,1,1,1,0,1,0,1,1,1,0,1,0,0,0,1,0,1
57.0,0,3.6124931675982483,2.7444895159800646,11.321410697492782,1.01818494234311,8.771038661618926,0,0,1,0,1,1,0,1,1,0,1,1,1,0,1,0,1,1,1,0,1
42.0,0,4.059831881106328,1.3747386591184967,7.307977096506974,1.0218157013832556,11.773204836955944,1,1,0,1,0,0,1,0,0,1,0,1,0,1,0,1,1,0,1,1,1
22.0,0,0.6681792525139081,1.8782934766570354,7.388686615032631,1.039434355487936,5.091608946163668,0,1,1,0,0,1,0,0,1,1,0,0,0,0,0,1,0,0,0,0,0
28.0,1,5.8747417570236244,1.3988578613000087,9.621016850589218,1.0177406571044623,8.546440836758695,0,0,1,1,0,1,1,0,0,1,1,1,0,0,0,1,1,1,0,1,1
76.0,1,8.854999936915746,0.8145058408651282,11.542176008842212,0.5087747550619178,10.385000384051436,1,1,1,1,1,1,1,0,0,0,1,1,0,0,0,0,0,0,1,1,1
51.0,0,1.602254838235219,1.9733291123693202,6.136487521914882,0.5017248221098407,8.20432584900573,1,1,0,0,1,0,1,0,1,1,0,0,1,0,1,1,0,0,1,0,0
41.0,0,4.961471685657772,1.812852129424074,7.521153652303495,0.5976663181261229,4.728530847899781,0,0,0,0,0,0,1,1,0,1,0,1,1,1,0,1,0,0,0,1,1
77.0,1,6.680918128617378,1.007483897977993,10.367785948418408,0.6015566034291788,8.663088012377742,0,1,1,0,1,1,1,0,0,0,1,1,1,0,1,0,1,0,1,0,1
32.0,0,4.961471685657772,1.6296726116306945,8.877548554992309,1.204896908954796,8.893903246739773,1,1,1,0,0,0,0,1,1,0,0,1,0,1,0,0,1,1,0,1,0
55.0,0,7.040866114906272,2.4923687600391147,4.884690751711638,0.7049160325159998,9.82967398780282,1,0,0,1,0,0,0,0,0,0,0,0,1,1,0,1,0,0,1,1,1
25.0,1,4.166242280561019,1.9760652577697284,9.021861884498126,1.3947141047556129,10.089692121323791,1,0,0,0,1,0,1,1,1,0,0,1,1,0,1,1,0,1,1,0,1
76.0,0,5.095909150976605,0.7422933176674871,5.493970276778615,1.4286063295770195,10.166181505684857,0,1,1,0,1,0,0,1,0,0,1,0,0,0,0,0,1,1,1,0,0
22.0,0,0.1727951410888271,1.8700537430728377,8.081727472627232,1.4758933378958987,9.307555149111728,1,0,0,0,1,1,0,1,1,0,0,0,0,0,0,1,1,1,0,1,1
65.0,1,6.948029129933419,2.2568457482239674,8.232826141283507,1.4390813048870201,5.726489491349265,0,0,1,0,1,1,1,1,0,0,0,0,0,0,1,0,0,0,1,0,1
43.0,0,6.647292521552772,2.4817585144518786,11.00962689779988,0.7718883219185246,7.233886046715835,0,0,1,0,1,0,1,1,1,1,1,1,1,1,1,0,0,1,0,1,0
35.0,0,0.48016868553081116,2.0727939465856666,7.699954192099505,1.0097768447035125,10.20903978091519,0,1,0,0,1,1,0,1,1,1,1,0,0,0,0,0,0,0,0,0,0
23.0,1,3.7456760632118176,1.6994873972351736,6.235539377887154,0.675454970196941,11.627415867206505,1,0,0,1,1,1,1,0,0,1,1,1,1,1,0,0,1,1,0,0,1
54.0,0,9.792415223837507,2.275433166475402,5.847730785728253,1.3062096551724331,4.631575718692976,1,1,0,0,0,1,1,0,0,0,0,1,1,0,0,1,1,0,0,0,0
77.0,1,4.265291969429306,2.193354615203791,10.994015013474689,1.3884317051440962,8.284293422377559,1,1,0,1,0,1,1,0,1,0,0,0,0,0,1,0,0,1,1,0,0
65.0,0,5.0692595108052325,0.561067207351583,5.368086835345827,1.3512888392975149,6.5001781705944515,0,0,0,0,1,1,0,0,0,1,1,1,1,1,1,0,1,1,0,1,1
30.0,0,9.108308565781213,1.529369168975608,7.40694848706515,0.9333669486968349,5.803151154534638,0,1,0,1,0,0,1,1,0,0,1,0,1,1,0,1,1,1,0,0,1
45.0,1,7.200892571070988,1.3323756174059334,5.497384919415576,1.258673884686781,8.04648546815772,1,0,0,1,0,1,0,1,0,1,1,0,0,1,1,1,0,1,0,0,1
49.0,1,5.862494298129813,2.1735301606341086,10.186432320915003,0.5975791695762694,8.848714724452293,1,0,0,1,0,1,1,1,1,0,1,1,1,1,1,1,1,1,0,0,1
30.0,0,7.998266345276618,1.0403395307773018,7.794981119796952,0.5402447706192507,4.07817785135585,0,0,1,0,0,0,0,0,1,1,1,1,1,1,0,0,1,1,1,0,0
34.0,1,8.657226037914135,1.9771798074356464,6.809149524454496,1.2532364143087609,10.241652577609528,0,0,1,1,1,0,1,0,1,1,0,1,1,0,0,0,0,1,0,0,0
67.0,1,4.961471685657772,2.783014904535431,6.888797125011735,0.9253552743286837,10.55905705007558,0,0,0,0,0,0,1,1,0,0,0,1,0,1,0,0,0,1,0,0,1
57.0,0,4.80357281282517,2.4945059305215196,10.817713653783835,1.4955492647395692,11.724086596543465,0,1,1,1,0,1,1,0,0,0,1,1,1,1,0,1,1,1,0,0,0
62.0,0,3.9219042629531744,2.803644340541326,8.430191634355506,0.5972542158555324,5.44514986579756,1,1,1,0,1,1,0,1,0,0,0,0,0,0,1,1,1,0,0,1,1
49.0,0,9.67039078618276,2.946264917331725,8.014112478059428,1.3556276815352337,8.756420498887584,0,0,1,0,0,0,0,1,1,0,1,1,0,0,0,0,0,0,1,1,1
79.0,1,7.001945917474469,0.5266753175154069,11.176308130005477,0.9799830655289917,7.413002987811156,0,1,1,1,0,1,0,0,1,1,0,1,1,1,0,0,1,0,0,0,0
46.0,1,0.9239083554599157,2.056853190943694,11.213933408325136,1.3271501955038771,6.678622812442805,1,1,1,0,1,0,0,1,1,1,0,1,0,0,1,0,0,1,1,1,1
68.0,1,8.643300270798882,1.5320984943972662,6.628072434702905,1.3171272821701447,8.525067611500038,1,1,0,1,0,0,1,0,1,1,1,0,1,0,1,1,0,0,0,0,1
75.0,1,4.8575434142790535,2.6496362258378046,11.619610105171082,1.4159920013620773,10.259064745788402,1,1,0,1,1,1,1,0,0,1,1,0,0,0,1,1,0,1,1,1,0
20.0,0,0.7806636735826259,1.1295367550228292,4.1990070561168436,0.7978500112861028,4.184422267561681,1,0,0,0,1,0,0,0,0,1,1,0,0,0,1,0,1,0,0,0,1
73.0,1,5.542200826116779,2.9525737227876903,7.014684488129325,1.449799353462003,11.755200900529495,0,0,0,1,1,1,0,0,0,1,1,1,1,0,1,1,0,0,0,0,1
57.0,0,4.229926361859451,2.0342699238593682,8.014112478059428,0.6516669603576203,10.479052685645687,0,0,0,0,0,0,0,1,1,0,0,0,0,0,1,1,1,1,0,0,0
51.0,1,8.789719108139986,2.4838435055720773,6.197095038535863,0.5819687775934905,10.009229629164627,0,1,0,1,0,0,0,1,0,1,0,0,1,1,1,1,0,0,0,1,1
57.0,0,2.1195465757329353,0.7139988820569207,6.184651602570547,0.9316155173723492,10.083099057444027,0,1,1,0,1,0,0,1,0,0,1,1,1,1,0,1,0,1,1,0,1
44.0,0,8.28199963397261,0.9586447118971626,8.014112478059428,1.3283229686418427,7.112485676949221,0,0,0,0,1,1,0,1,1,1,0,1,1,0,0,0,1,0,0,0,1
30.0,0,5.621118042735982,2.396009182585508,8.898507078775378,0.9734211306334456,10.01296440675851,1,0,1,0,1,0,1,0,1,0,1,1,1,1,1,0,0,0,1,0,1
62.0,1,0.6406420018133435,0.554966305098309,7.50666220491483,1.329286677530514,7.094161668823661,1,1,0,1,0,0,0,0,0,0,1,0,1,1,0,1,0,0,0,0,1
50.0,0,9.721268483122298,2.542194964734457,9.81387869082674,1.2296868057943051,11.189654636598345,0,0,1,0,0,0,0,1,1,1,1,0,0,0,1,1,1,1,0,0,1
23.0,0,5.174890916621679,0.5348725467297786,11.159285140517326,0.7094283861389336,5.417779066451757,1,1,1,0,1,1,0,0,0,0,1,0,1,0,0,0,1,0,1,1,0
41.0,1,2.9796808568926667,2.142797097653183,9.393594999542884,1.4488816248994638,6.338779393721212,0,0,0,0,0,1,1,0,0,1,1,1,1,0,1,1,0,1,0,1,1
36.0,0,4.747127735693655,1.4127348005795146,5.635733761580604,0.5607811686294034,8.410700341592609,0,0,0,0,0,1,0,1,1,0,0,1,1,0,1,1,0,0,1,1,1
33.0,1,8.592792056823141,2.028737131797998,11.461455218884018,1.398279707543795,6.55368828709818,0,1,0,0,1,1,1,1,1,1,0,0,1,1,1,0,1,0,0,0,1
57.0,1,3.118540931412129,2.240078517472784,6.115942986779828,0.804443448990374,7.393897962362187,0,0,0,0,0,1,1,0,0,0,0,0,0,0,1,1,0,1,0,0,0
45.0,0,2.0074963252183333,1.3561880479657604,5.199154362625265,1.0001480831643992,7.9393815151887575,0,0,1,0,0,0,0,1,1,1,1,0,0,1,1,0,0,1,1,0,0
50.0,0,1.3778053446157266,0.7699061202770889,4.719738230887687,0.9223518727007345,10.85082679050807,1,0,0,0,1,0,1,0,1,1,1,1,0,0,1,1,0,0,0,1,1
76.0,1,4.961471685657772,0.6741146693706641,8.507069925329326,0.6718345569169162,8.185538028869543,1,0,0,0,0,0,0,0,0,1,0,1,0,1,0,1,1,0,1,0,1
76.0,0,7.82247606169643,1.9723400564063696,4.910099699845214,0.8581468664016931,6.899678788916484,0,0,1,1,0,0,1,1,0,0,0,0,1,0,0,1,1,1,0,1,1
65.0,1,4.76910101543309,1.8016383843352788,5.110207072901046,0.6929344362927953,5.981889312280926,0,0,1,0,0,1,0,1,0,1,1,1,1,0,0,1,1,1,0,0,0
58.0,1,2.352067876566046,2.3555025228028312,6.400243844763973,0.7038864754605239,7.2694078303375775,1,1,0,0,1,0,0,1,1,1,0,1,1,0,0,1,1,0,1,0,0
30.0,1,4.961471685657772,1.7743387750098427,6.253224077475711,0.6870568360263803,8.12588883531496,0,1,0,0,0,1,1,0,1,1,1,1,1,0,0,1,0,1,0,1,0
60.0,0,3.3940218174527534,1.5561144750771978,8.833916082657138,0.9890173803465943,9.96891885762589,0,1,1,1,0,1,0,1,1,1,1,0,1,1,0,1,1,0,0,0,0
62.0,1,9.405251291568517,1.4952179455905772,10.533962235781452,1.2979313675113155,4.968390209378709,0,1,0,0,0,1,0,1,0,0,1,0,1,0,1,1,1,1,1,0,1
42.0,0,3.4959644546412414,1.6994873972351736,10.09079724962314,1.0689700337612411,5.772873505913207,1,1,1,0,0,0,1,1,1,0,0,1,1,1,1,0,1,1,1,1,1
70.0,0,9.88242835195089,1.338893004241643,8.014112478059428,1.393206588550842,7.037232126949386,0,0,1,1,0,1,1,1,0,0,1,1,1,1,0,0,1,0,0,1,1
59.0,0,4.903781512077026,2.9400503938112355,5.962483983887839,1.1365444885767242,6.883187240956117,0,0,0,1,1,0,0,0,1,1,1,0,1,0,1,0,0,0,1,1,0
53.0,0,1.8737227910724938,2.683888940567722,11.72633224085574,1.1893401156326044,7.133984700841694,1,1,1,1,0,1,1,1,0,0,0,0,1,0,0,0,1,0,1,0,0
44.0,1,8.922286908755742,1.323445167585544,4.065889932735681,1.167607229727003,10.348170117122596,0,0,0,0,1,0,0,0,1,0,1,0,0,1,0,1,1,0,1,0,0
55.0,0,4.657518194034786,1.9694885126659305,8.014112478059428,0.9494591931837412,6.593235223697385,0,0,0,0,0,0,1,1,0,0,1,0,0,0,1,0,0,1,0,1,1
77.0,1,7.125746300694792,2.618241863838735,5.59782815297924,1.189338822200083,8.015185443221316,1,0,0,0,1,1,1,1,0,0,0,1,1,1,1,0,0,1,0,1,0
24.0,1,9.838744673770602,1.6031858418751717,11.578274584718143,0.5697077464689612,8.991256262863171,1,0,1,0,1,1,1,1,0,0,0,0,1,0,0,1,1,1,0,0,1
22.0,0,0.5967359681677427,0.5448946593753774,6.738458278620158,1.3598514719156631,5.857428401468841,0,0,0,1,0,0,0,0,0,0,1,0,0,0,1,1,1,1,1,0,0
60.0,1,1.0572761418969148,0.6862761545466002,7.5228141911460185,1.2778121434439174,9.74956309718031,1,1,0,1,1,0,0,1,1,1,0,0,1,0,1,1,1,1,0,0,0
62.0,1,7.232521740481286,1.7759818033717665,9.656964911555047,0.7452299582316788,8.376890557906247,0,1,1,0,0,1,0,1,1,1,0,0,1,1,0,1,0,0,0,0,1
75.0,0,4.961471685657772,2.923598439189696,8.701352411786083,1.2680324542540824,7.574249304251024,0,0,0,1,1,1,0,1,1,0,1,0,1,0,0,1,1,0,0,0,0
74.0,1,4.961471685657772,2.2330238555471693,6.5435146376545825,0.5126426014000185,10.47827221390651,1,1,0,0,0,1,0,0,1,1,1,1,1,1,0,0,0,1,0,1,1
68.0,1,0.489682610215322,0.6772904785964238,8.430647326942587,0.7172465724808804,5.947962073481456,0,1,0,0,0,0,1,1,1,1,1,1,1,0,0,1,0,1,0,0,0
48.0,1,0.3162824486633979,0.973402189479657,9.845655074903089,0.5651372386708959,11.065407764914585,1,1,1,0,0,1,0,1,0,1,1,1,0,1,1,1,0,0,1,0,0
40.0,1,7.76740747088593,2.428307858042125,8.014112478059428,1.2802269166178948,8.48838988293363,1,1,1,0,0,0,1,0,1,1,1,0,1,0,0,1,0,1,1,1,1
59.0,0,1.4308909309585451,2.6035993998906117,4.089594442045633,1.255874151178387,8.873399035037266,1,0,0,1,1,1,1,0,1,1,1,0,0,1,1,0,1,0,1,1,0
27.0,1,4.730434098114394,2.044236465471477,7.6645355125831305,1.3136360238018305,11.000471713351542,0,1,0,1,0,1,1,0,0,0,0,1,1,0,1,1,0,1,0,0,0
49.0,1,6.098378470276882,2.1110579240745415,5.0546929424281135,0.5044816933255288,10.540661502794688,1,0,0,0,0,1,0,0,1,0,1,0,1,1,0,1,1,1,1,0,1
60.0,1,4.3406828256315775,0.5708436259584616,9.314754331717715,1.001232726678408,8.812496550575203,0,1,1,0,0,0,1,1,1,1,0,0,1,1,1,0,0,1,0,0,0
70.0,1,0.36835585812870775,2.5713256489537715,5.7124196498194735,1.2048361975173365,10.025501630785392,1,1,0,1,1,0,0,1,1,0,0,0,0,1,0,0,1,0,1,1,1
47.0,0,7.8566648756202975,2.4706880204270742,7.462808854365368,0.6554011287390155,7.466555921863175,1,0,0,1,0,0,0,0,0,0,1,0,0,1,1,1,1,0,0,0,1
56.0,1,0.20408092296236952,1.1475878602583678,5.581367494994152,1.1497907275126247,8.37902202799797,0,0,0,0,1,0,0,0,0,0,0,0,1,1,1,0,1,1,0,0,1
48.0,0,7.642709954337091,2.2716917999137674,8.387868685992995,0.5841100993096857,4.496561093668089,0,1,1,1,1,1,0,0,1,0,1,0,0,1,1,0,0,1,1,0,0
35.0,1,8.943714488502415,1.0371365160624952,4.928427675076551,0.6813258561043132,4.718863344000375,1,1,1,1,0,1,1,0,0,0,0,1,0,0,0,1,0,0,1,1,1
53.0,0,4.385115218466005,0.6008254026287825,4.184854822299842,0.975796814994601,10.635403233490656,0,0,1,1,1,1,0,1,1,0,0,0,0,0,1,0,1,0,1,0,0
19.0,0,5.401870483668202,1.002841356475943,4.4090531048535775,1.153565152681102,4.477373245459973,0,1,1,0,0,0,1,0,0,0,0,1,1,0,0,0,0,1,1,0,1
31.0,0,4.822135586914772,0.9465721918857488,11.63406753212248,0.6458691269538961,5.355193005060858,1,0,1,1,1,0,1,0,0,1,0,0,0,1,1,1,1,0,0,0,1
30.0,0,3.9531653243720446,1.3443699918371181,5.138289748887487,0.6852233308309379,10.366661271603533,1,0,0,1,0,1,0,1,1,1,0,0,0,0,0,0,0,1,0,0,0
46.0,0,8.885502900166566,1.5461237429386452,9.667826025094682,0.704446367065663,4.00916760502605,0,0,0,1,0,1,1,1,0,1,0,0,0,1,1,0,0,1,0,1,1
29.0,1,8.949941755632906,1.7713472287442698,8.014112478059428,0.7387008046989785,6.259234630766914,1,1,0,1,0,0,1,0,1,0,1,0,1,1,1,1,0,1,1,0,1
56.0,1,4.961471685657772,1.6918846887708203,4.865282817881457,0.7265538485262912,8.672309262612973,1,0,0,1,1,0,1,0,0,1,0,1,0,0,1,1,1,0,0,1,1
19.0,1,6.18919056474551,1.1766865149132233,8.071010011274677,0.8951491084976367,8.763599451754374,1,0,1,0,1,0,0,0,1,0,1,0,0,0,0,0,1,0,0,1,0
49.0,0,9.276384865244054,0.5729266714351862,7.718967441234749,1.153789650836723,10.217223265835788,0,1,1,1,1,0,1,1,0,1,1,1,1,0,1,0,0,1,0,1,1
30.0,1,9.62437913951938,2.0127540555928767,11.612642475518957,0.9380317831344697,8.047410035937364,0,0,0,1,1,1,0,1,1,1,0,1,1,1,0,0,1,1,0,0,0
49.0,0,5.1386945001782705,1.489362074618386,11.558683624165898,1.2759739087498883,8.075214956247763,0,1,1,1,0,0,0,1,1,0,0,1,1,0,1,0,0,1,1,0,0
44.0,0,4.582965572314835,1.2466803934688744,10.23686914033972,1.2192685059486148,9.802484604325603,1,1,0,1,0,1,0,0,1,1,0,1,0,1,0,0,1,1,1,0,0
66.0,1,2.8590737276924054,1.6994873972351736,8.816814641018798,0.6265269140490757,7.988995706130268,0,0,1,0,1,1,0,0,1,0,1,0,1,1,1,1,1,0,1,1,0
58.0,1,9.592831544585058,2.3668582694953995,7.639682539144088,0.5488416233207439,8.867928692508935,1,1,0,0,1,1,1,1,0,1,0,1,1,1,1,0,1,1,1,0,0
34.0,0,1.513861614281387,2.6444138709311056,6.8494282746273685,1.377941563999606,11.182192546040408,1,1,0,0,1,0,1,1,1,1,1,0,0,0,1,0,0,0,0,1,1
57.0,0,5.840312802872478,1.7374569867811525,11.576700375804442,0.5798310665628734,7.211608060898976,1,1,0,1,1,1,1,1,0,0,0,1,1,0,0,1,1,1,0,1,1
48.0,1,2.897247648434525,0.8273281303169437,8.823270491397484,0.6483391807197131,7.081000567353778,1,0,1,1,0,1,0,0,0,1,0,1,0,0,0,1,0,1,1,1,1
51.0,1,2.8621820744431865,2.240553590303181,8.632580221487956,0.5221332755581181,4.0283919349181705,0,0,0,0,0,1,1,1,1,1,1,1,1,0,1,0,0,0,1,0,0
77.0,1,4.109189015024265,1.015184449842938,5.855208974151319,1.1283363652986538,8.907410092169854,1,0,0,0,0,0,0,1,1,1,0,0,1,1,0,0,0,0,1,0,1
41.0,1,9.98805006457498,1.603074172729292,4.3735825430809045,1.0823705631583485,4.238175259257056,1,1,1,0,1,1,1,1,1,1,1,1,0,1,0,1,1,0,0,1,1
62.0,0,0.6441664377142384,0.6625019723722212,11.561508638076354,1.4869036664352557,8.033187917826531,0,0,0,0,1,1,0,0,1,1,0,0,0,1,1,0,1,0,1,1,1
52.0,1,5.827564000214961,2.563271006057456,6.509882070757231,1.386932396317172,10.433870312257813,1,0,1,0,1,1,0,1,0,0,0,1,0,1,1,1,0,0,0,1,0
65.0,1,0.9174643645492441,1.6994873972351736,7.54071218659567,0.9108431774809097,8.399368564157305,0,1,1,0,1,0,0,0,1,0,0,1,0,0,1,1,1,0,0,0,1
23.0,1,1.629756216906138,2.7577437676232743,4.917119548685655,0.871585840912535,6.157089321733408,0,0,1,1,0,0,0,0,1,0,0,1,1,0,1,1,0,1,1,1,1
36.0,0,4.451673123551696,2.660576505653893,10.695394639274337,0.7968520342799851,10.289347371594971,0,1,0,1,0,1,1,0,1,0,0,0,1,1,0,1,0,0,1,0,0
47.0,0,5.153555300329769,1.6614569110981152,4.221054662847445,0.6524069200378814,6.157736032660311,1,0,1,0,1,1,0,1,1,0,1,0,0,0,0,0,0,1,1,0,1
24.0,0,2.662044842808788,2.3609205107599767,10.671926096792772,0.638083656602009,9.864254247567189,0,1,1,1,0,0,1,0,0,0,1,0,1,1,1,1,1,0,1,1,1
27.0,0,3.23292559565672,2.0486126845453834,8.014112478059428,0.6322837080096054,8.88206764152185,1,1,1,1,0,0,1,1,0,1,1,1,0,1,0,0,1,0,1,0,0
58.0,1,0.9609735005337373,2.507689105844362,11.092512901049217,0.6141147571867785,5.35997037398401,0,1,0,0,0,0,1,0,0,0,1,1,1,0,0,1,1,0,1,0,0
49.0,0,4.961471685657772,1.57951275196478,9.838181098689258,0.7405120424055369,11.241070998753486,0,1,1,0,0,1,0,0,1,0,1,1,0,1,0,0,0,1,0,1,0
51.0,1,9.668928549867386,2.464521210610875,5.317362100058441,0.8066686303131164,5.605149463657566,0,0,0,1,1,0,0,0,0,1,0,1,0,0,1,0,1,1,1,0,0
45.0,1,9.45260307855757,1.65614204266287,8.526543942875744,1.4615789710389158,11.916696593125359,0,1,1,1,0,0,0,1,1,1,0,0,0,0,1,1,0,0,1,0,1
77.0,1,3.4152950723561517,2.8524144696069844,6.501250514841756,1.0784732510018857,4.058483909239526,1,1,1,1,0,0,1,1,0,0,0,1,0,1,1,0,0,0,0,0,0
32.0,1,5.75145396915974,1.715930252062869,5.425864791292668,1.4875957745132808,6.107867017143224,1,1,0,0,0,0,0,1,1,1,0,0,1,0,1,0,1,1,0,0,1
47.0,0,9.104994371998348,1.6565481798343238,10.873457595288867,0.8724669478256732,5.598882378193591,0,1,0,1,0,1,0,1,0,1,0,0,0,0,1,0,1,0,0,0,0
54.0,0,0.16121984414487708,2.462679653908782,7.228182132057835,0.957626632589441,4.111947281363701,0,1,0,0,1,0,1,0,1,1,1,0,0,1,0,1,0,1,1,0,0
46.0,0,8.12576734634216,2.553944229402095,7.18834971492306,0.8245786591652792,9.858943201178525,0,1,1,0,0,1,0,0,1,1,1,1,1,0,1,0,0,0,0,0,0
39.0,1,9.488858572610297,1.8862227858029268,5.35909339845296,0.6828876508965527,9.54740641679677,1,0,1,1,0,0,1,0,0,0,1,0,1,0,1,0,1,1,0,1,1
49.0,1,1.0041247699022149,0.9494945337376886,7.0645254086862295,0.6431647077775792,10.338807714839444,0,1,0,0,1,1,1,0,1,0,1,0,0,0,0,1,1,1,1,1,1
37.0,1,1.6983320917259184,1.6693955773939488,10.9729347706308,1.445079197807832,6.053588371716522,0,0,0,0,1,1,1,0,0,1,1,0,1,0,1,1,0,0,1,0,1
49.0,1,9.611388397436418,2.920181257274196,6.905029683917087,1.4868106817987559,7.5546813366637595,1,1,0,0,1,1,0,1,0,1,0,1,1,0,0,0,1,0,0,0,1
53.0,1,5.421647422039428,2.3824654825979628,11.612828499998304,0.5449094965087316,9.272908172972379,0,1,0,1,1,1,0,0,0,1,0,0,0,0,0,1,1,1,1,1,0
67.0,0,0.24054668127006465,2.5279065096978304,11.5704711936671,0.6503458747317665,7.518148031105149,0,0,0,1,1,0,1,1,1,0,0,0,0,1,1,1,0,0,1,0,0
21.0,1,2.650556787758939,0.5820637470481003,8.014112478059428,0.9235240923010226,9.578606162543327,0,1,1,1,1,1,1,1,0,1,0,0,0,0,0,1,1,0,1,0,0
44.0,0,4.55444237526171,1.6696486565853998,5.418490028181159,0.6863334763444073,9.071787267523536,0,1,1,0,0,1,0,1,1,0,1,0,1,1,0,0,0,0,0,0,1
34.0,1,6.9597982191452,2.1165528341438886,10.901392562655113,0.8638803936268833,4.917182424177412,1,0,0,1,0,1,0,0,1,0,1,0,1,1,0,1,1,0,1,0,1
29.0,1,4.961471685657772,2.5750817090701865,7.142087351397754,0.6290963498596334,10.248344968615744,1,0,0,0,1,1,1,1,0,1,0,0,1,1,1,1,0,1,1,1,0
39.0,0,9.954672977962016,0.6231841339569286,4.034991858264075,0.9565117567217902,9.765410872740146,1,0,1,1,0,1,1,1,0,1,0,1,0,1,0,1,0,1,0,1,0
34.0,0,2.9463608738992146,2.631097214104683,6.190974557642968,0.7716946161692593,9.246675100939242,0,0,0,0,0,0,1,1,1,1,0,0,0,1,0,0,1,1,0,0,1
27.0,1,5.428379008497905,1.8710023418547792,8.781031945564479,0.8519050557586608,5.240748850168019,0,1,0,1,0,1,0,1,1,1,0,1,1,1,0,1,1,1,0,1,1
71.0,1,5.37990312381009,0.9932849264401498,10.394127727679745,0.5943126514627476,6.143971590362909,1,0,0,1,0,1,1,0,0,1,0,1,0,0,0,0,1,1,0,0,0
18.0,1,4.115888068527651,1.2931380411242501,5.067108936746076,0.9281280507101417,7.145416252700803,0,0,0,0,0,1,0,0,1,1,0,1,1,0,0,1,1,0,1,1,0
39.0,1,1.77470274903996,1.204823879378902,4.884330915333883,1.4832576109615698,6.239436973251547,0,0,1,0,1,1,1,0,1,1,1,1,1,1,1,0,0,1,1,0,0
43.0,0,9.776819975520041,1.8271475857211894,11.376741228578652,0.8288330468811903,5.822482325409052,1,1,0,1,0,1,0,1,1,0,1,0,0,1,0,1,1,1,1,1,1
73.0,1,8.547840147999201,0.6292141997778296,10.009186942580662,1.376429274842435,10.442861361294206,1,0,1,1,0,0,1,1,0,0,1,1,0,1,0,1,1,0,1,0,1
76.0,0,5.0334969801129485,1.6994873972351736,8.718236806224628,1.343199141623685,9.105857970881619,0,1,1,0,1,0,0,0,0,0,1,0,1,0,1,0,0,1,1,0,0
35.0,1,6.072129684571895,2.531732608439456,10.153494319967425,1.4520584182972107,8.523777052402004,1,1,1,1,0,0,0,0,0,1,0,0,0,0,0,0,0,0,1,1,0
67.0,0,2.349884430240657,0.8315099768670277,7.430834890453108,1.2901095122670945,5.807621686826031,0,1,1,0,0,1,0,1,1,0,0,0,0,1,0,1,0,1,1,1,0
31.0,0,5.4834919968782945,1.0834906736453174,10.067645978473013,1.1595968270588148,11.34461249814913,1,1,0,0,0,1,0,1,0,0,0,1,0,1,0,1,1,0,0,0,1
64.0,1,6.9802043179026105,1.6334265140103934,6.974423930196286,1.3565844442274577,5.52946431277853,1,0,1,0,0,0,0,0,0,1,0,0,0,1,1,1,0,1,1,1,1
46.0,0,5.200153581027229,1.7928022202833263,5.952756579940819,0.5756446806573496,10.359607462597417,0,0,0,0,0,1,0,0,1,0,1,0,0,1,1,0,1,1,1,1,0
29.0,1,9.903823188790918,2.4090261990353965,9.83210737034375,0.9628306571988078,11.733381333642345,0,1,0,0,0,0,1,1,0,1,0,1,0,1,1,1,0,1,0,0,0
53.0,0,6.152282396852489,1.6183310666654696,8.014112478059428,1.489256238615059,9.816741833793888,1,0,1,0,1,1,1,0,0,0,0,0,1,1,0,1,1,0,1,1,0
76.0,1,4.961471685657772,2.474661552588847,11.85101683460956,1.2696001512947324,11.942870201477039,0,0,0,0,0,1,1,0,0,1,1,0,0,0,0,1,0,0,0,0,1
52.0,0,7.744305073396798,2.045865767613644,8.014112478059428,1.462075378037223,9.208408935823574,0,0,0,0,1,1,0,1,1,1,0,0,1,0,1,0,0,1,0,1,1
69.0,1,1.7875788646582564,0.7827493485595561,8.014112478059428,1.279634356133479,5.73968274883116,0,0,1,0,1,0,0,0,1,1,1,1,1,0,1,1,1,1,1,0,1
78.0,1,3.906706555692039,0.8908285959820965,11.463700388536637,1.3748819674421442,5.6305559497320905,1,1,1,0,0,0,1,0,0,0,0,0,1,1,1,0,1,0,0,0,1
29.0,0,3.5348936087381,1.592584313624427,8.014112478059428,1.2065296323031909,6.596514274043811,0,0,1,0,0,0,0,1,1,1,1,0,0,0,1,0,1,0,1,1,0
24.0,0,4.374890241566995,1.4922234827225989,10.385769452704107,1.2605020044172397,4.0570401617680485,0,0,0,0,0,0,0,0,0,0,1,0,1,0,1,1,0,1,0,0,0
46.0,0,7.83962027669439,2.3588606740932363,7.464596041156521,1.0231780098395007,9.453587760662677,1,1,0,0,1,0,1,1,0,0,0,0,0,1,0,0,1,0,0,0,1
28.0,0,4.893313018417734,1.9518428494933797,11.340197817842785,1.424237700814133,6.149342277022621,1,0,1,0,1,0,1,0,0,1,0,1,1,1,0,0,0,0,1,1,1
50.0,1,7.960743057633031,1.4703327025056232,7.60099418108191,1.3250389106233618,10.521465858342022,1,0,1,0,1,1,1,0,0,0,1,1,1,1,0,1,1,0,1,0,1
23.0,0,5.807240141084672,0.9269007086259641,9.954429738698929,1.3438849656656322,6.873381204474402,1,0,0,0,0,0,1,1,1,0,0,1,1,1,0,1,1,0,0,1,0
64.0,1,3.4864874031097983,1.067092755813738,7.735739273310383,1.1730091009630523,7.839651947706502,0,1,0,1,1,0,1,0,0,0,1,0,0,1,0,1,0,0,0,1,1
32.0,0,8.118789562466377,1.9387525461726476,5.8224060457028495,0.804579947087249,11.725511332482954,0,0,1,1,0,0,1,0,1,1,0,0,1,0,0,0,0,0,1,0,0
49.0,1,2.459067738475607,1.5585970122494812,5.59480103155749,0.5356297953901393,5.937376984378217,1,0,0,0,0,0,1,1,1,0,1,0,1,0,0,0,1,0,1,1,0
68.0,1,2.3213915000179757,1.7873187721516801,7.4034495540507645,1.4356551294095445,9.770032779437916,1,1,0,1,1,1,0,1,0,0,0,1,0,1,0,0,0,0,0,1,0
28.0,1,5.094578948142874,1.6994873972351736,10.04395725611372,1.086120348805497,10.040942314443338,0,0,1,1,1,0,0,0,0,0,1,1,1,1,0,1,1,1,1,0,1
75.0,1,2.6824075350246805,2.1572656308614144,8.840571881446134,0.7981429711481403,5.767985260189081,0,1,1,1,0,0,0,0,0,0,1,0,1,0,1,0,1,0,0,1,1
40.0,0,0.18996164601704157,2.6313468521399175,9.509034319204346,0.6491351078475378,8.007974692897566,1,1,0,0,1,0,0,0,0,0,0,0,1,0,0,1,1,0,1,0,1
43.0,0,6.518145520258135,1.1448487669672516,6.25861080585554,1.3295231655007547,6.801615402503747,0,1,0,0,1,0,1,1,1,0,0,0,1,0,0,1,1,0,1,1,1
51.0,1,5.15982883257674,1.7287855645795664,7.851482767660844,1.3365201944475789,10.175249947200713,0,0,0,0,0,1,0,0,1,1,1,1,1,1,0,0,1,0,0,0,0
63.0,0,4.510626363482295,1.6994873972351736,4.355162119754616,1.3145079681305316,8.979866552232298,1,0,0,1,1,1,0,0,1,1,1,0,1,1,1,0,1,1,1,1,0
51.0,0,9.672988294721321,1.333104351376819,10.540259327664966,1.1450826919667862,7.807864438884376,1,0,1,1,1,1,0,1,1,1,1,1,0,1,1,0,1,1,0,0,1
49.0,1,5.754871921232845,1.987615862309403,11.919137297918997,0.8660153875918759,10.234906120381746,1,0,0,0,0,0,0,1,0,1,0,1,1,1,0,1,1,1,0,0,0
21.0,0,8.647972620114906,0.725489250500611,7.255032500997367,0.804070284780257,5.881244560067336,1,0,1,1,0,0,1,1,0,0,1,0,0,0,0,0,1,0,0,1,0
34.0,0,1.480557338431086,2.015037506198608,4.087709225052347,0.5085547701181702,10.028975044674873,0,1,0,1,1,0,0,1,1,0,1,0,0,0,0,1,1,1,0,0,1
52.0,0,5.735143984981334,0.7240794332615448,5.358341116407579,1.3336075586882403,10.922994496742595,1,1,1,0,1,1,1,0,1,0,0,0,0,1,0,0,1,1,1,0,1
30.0,1,8.692998304635939,2.8980885883095553,9.220215022003352,0.5874326974936425,11.02897277446058,0,1,0,1,1,1,1,0,1,0,1,1,0,0,1,1,0,1,1,0,0
58.0,0,5.87274699707099,2.2891566301807784,8.896634545630874,1.1307549980407676,10.269388744156831,0,1,0,1,0,0,0,0,0,1,0,0,1,1,1,0,0,0,0,1,1
56.0,1,7.208340363457315,2.4703994703392658,10.302917756684352,1.0040749468400882,7.26411333598615,0,0,1,0,1,0,1,1,0,1,1,1,1,0,0,0,1,0,1,0,0
32.0,0,3.7832313213408533,2.260260901929092,6.031072087688545,1.026689358926351,11.854464181742616,1,1,0,1,0,0,0,0,1,0,0,1,0,1,1,1,1,1,1,1,1
72.0,0,1.0152502186669594,1.9743225901911643,10.109055324377072,1.4267128453077733,7.036749150579519,0,1,1,0,0,1,1,0,0,0,0,0,0,1,1,0,1,1,1,1,0
46.0,0,4.633212921758007,1.6247819527137635,9.503872172189357,0.5316150112712421,9.109003192819404,1,0,1,0,0,0,1,0,1,0,0,0,1,0,1,0,1,0,1,1,1
46.0,1,4.005345969304689,2.645933449402656,6.582515981710746,1.2733922246287723,5.288593424555749,1,1,1,0,0,1,1,1,1,1,0,1,1,0,1,1,0,0,1,0,0
28.0,1,8.683895805551579,2.8920891688576575,8.363905184455696,0.5520523983673071,11.843591189091143,1,0,0,0,1,1,0,0,0,1,0,1,1,0,0,0,0,1,1,1,1
69.0,0,2.515553493289475,1.7475904322602034,5.178190467986614,0.5381536059353772,9.631887374917305,0,0,0,0,1,1,0,0,0,1,0,0,0,0,1,0,0,0,0,0,1
49.0,1,9.67066885259757,2.828837622888155,7.620516027484661,0.9298176981413819,10.027020361970948,1,0,0,0,1,1,0,1,1,0,1,1,0,0,1,1,1,1,1,1,1
19.0,0,9.585567386064511,1.9583322749712937,11.049578716445128,0.5630751743429667,4.526213627289157,1,1,1,0,1,0,0,0,0,0,0,0,0,1,0,0,0,0,1,1,0
49.0,1,2.551553266407243,1.845960467241083,8.014112478059428,1.2891439512929121,10.107342513765374,0,1,0,1,1,1,1,1,0,0,1,0,1,1,0,0,0,1,0,1,1
31.0,1,3.545714359225473,1.6362068323883916,10.716533651803376,1.029563093648337,10.19778743376481,1,1,0,0,0,0,0,1,0,1,0,0,0,1,0,1,0,1,0,0,1
37.0,0,8.966001834651461,1.0232194038252995,8.722026922077555,0.5290387826597744,9.374181810897838,0,1,1,1,0,1,1,0,0,1,0,0,0,0,0,0,0,1,0,1,0
39.0,0,4.961471685657772,1.6994873972351736,5.535013704818854,0.5405006864819195,6.335276910322749,0,1,1,1,1,0,1,1,0,1,1,1,1,1,1,0,0,1,1,0,1
28.0,0,4.490047118076836,1.1037655671401532,8.64884995758317,1.1126685297394794,7.917520337287052,1,1,1,0,1,1,1,1,0,0,0,0,1,0,0,1,1,1,0,0,0
44.0,0,3.2778707518448886,1.774307929008913,8.047866633256508,1.306111817658405,4.883474970469732,1,0,1,1,1,1,1,1,1,1,1,0,1,0,1,0,0,1,0,1,0
20.0,1,5.308330731190266,1.4498998806493812,7.189130681571072,0.9377995312747736,7.772696531673221,1,0,0,0,1,1,1,0,1,0,1,1,1,0,0,0,0,0,1,1,0
34.0,1,6.908915143020774,1.6212130700065845,4.957043516128563,1.0545806715356245,5.950590820803239,1,1,1,0,0,0,1,1,1,0,1,1,1,1,1,0,0,0,0,1,0
79.0,1,2.8073977022123002,2.9516205489101237,7.333669310777839,1.2998294540499016,6.792775891952656,0,1,1,0,1,1,1,0,1,0,0,0,0,1,0,1,1,1,1,0,0
61.0,0,7.391084428728821,1.375680926673319,4.582099009917017,1.1105061740418192,5.300803267229589,1,0,0,0,0,1,1,0,0,1,1,0,0,0,0,0,0,0,1,0,0
73.0,0,0.6114078354349463,1.6304573484002698,4.79015241119001,0.7247602376588195,5.840434941975176,1,0,0,0,0,1,1,1,1,1,1,1,1,1,1,0,0,0,1,0,1
45.0,1,0.5880154783677228,0.8337888783820488,7.327332263461728,1.1130520258694787,4.61254913456093,0,0,1,0,1,1,1,1,0,1,1,1,0,1,0,1,1,0,1,1,0
46.0,0,3.924248280940898,0.6198943310924692,6.44305185574771,1.1282794590652134,11.35921093149537,1,1,0,1,0,0,1,0,1,1,0,0,1,0,0,1,1,1,1,0,1
38.0,1,3.599384601401134,2.4385237864812366,11.404354606897787,1.2341069808811267,8.243285503803227,1,1,0,1,1,0,0,1,1,1,0,1,0,0,0,0,0,1,1,0,0
64.0,1,3.224768832134808,1.9267079376799465,7.005646443042164,1.1208741875568013,7.1739357701019175,1,1,1,1,0,0,1,0,0,1,0,1,1,1,0,0,0,0,1,0,1
33.0,1,4.961095650422209,2.4017620151097376,10.062864976576801,1.469242130458038,8.280233702150271,1,0,0,1,0,0,0,0,0,0,0,1,1,1,0,1,0,0,1,0,0
54.0,1,4.961471685657772,0.8746569972163791,8.241980210929942,0.6972883087170685,9.02634582785242,1,1,1,1,0,1,0,1,1,1,0,1,0,0,0,1,1,1,0,1,0
76.0,1,2.0033533928341103,1.9295719279567274,9.632685349138683,1.4510906795670762,11.375030346954793,0,1,0,0,0,1,1,1,0,1,1,0,1,1,0,1,1,1,0,1,1
37.0,0,3.1637485359771493,1.134106185853439,6.080927864123193,1.0383394903500163,5.429543618290507,1,1,0,1,0,1,1,1,0,0,1,0,1,1,0,0,0,0,1,1,1
23.0,0,4.961471685657772,1.0701545422500498,8.014112478059428,1.171956140494912,6.364419989081741,0,1,0,0,1,0,1,1,0,1,1,0,1,1,0,1,0,0,1,0,0
36.0,0,4.170022828249001,0.5288150351324632,8.240707975315392,0.5994615974521899,11.806314690752917,0,1,0,0,0,1,1,1,0,1,1,0,0,0,0,0,0,0,1,0,0
49.0,1,4.5026564908975235,0.8258518089226797,10.650592570281997,0.880575941378107,6.969543893188195,0,1,1,0,1,0,0,1,1,0,0,1,0,0,1,0,0,0,1,1,1
22.0,1,5.8077954005162855,1.2731702787492383,6.920365547808908,1.2693791464631725,4.180493206058621,0,0,1,0,1,0,0,1,0,1,0,1,1,0,1,0,0,0,1,1,1
20.0,1,9.835073607300844,0.7921969014773476,4.801690792404196,1.2069110150989903,5.1811479410972705,1,1,0,0,0,0,1,1,1,0,0,1,0,1,1,1,0,0,0,0,0
76.0,1,2.491852636714054,2.964646101027344,9.389693181766791,0.5401393881654102,4.210709613988416,1,0,0,0,1,1,0,1,1,0,0,1,0,0,1,1,0,0,0,0,0
49.0,0,6.844692894271095,1.2715816213098767,4.062077186699396,1.0465942634972447,11.919385139365827,0,0,0,0,0,1,1,1,1,0,1,0,1,0,0,1,0,0,1,0,1
75.0,0,7.188248466063069,0.8258098667558205,7.802343812524066,0.5882781929684094,6.230966791929784,1,0,1,1,1,1,1,0,1,1,1,0,0,1,1,1,1,0,0,1,0
77.0,1,6.112511726251353,0.9977057820698944,5.542415221331674,1.4958564291781622,11.388342055489808,1,1,0,0,1,0,1,1,1,0,1,1,1,1,0,0,0,1,0,0,0
55.0,1,0.9769255624027764,1.9692580708536913,9.019004035482897,1.3972965885332946,11.967090206077726,0,1,1,0,0,1,0,1,1,1,0,0,1,1,0,0,0,1,1,0,1
32.0,1,6.801035530693007,0.6601088096619713,11.835358985102818,0.521080660428537,8.798729769144913,1,1,0,1,1,1,0,1,1,0,1,0,1,1,1,1,1,1,1,1,1
51.0,0,0.7345376392581372,2.656085325352892,7.715223250565168,1.358649578902631,4.265570520524494,0,1,1,1,1,0,0,0,0,1,1,1,1,0,0,0,1,0,1,0,0
78.0,0,6.00181223054398,2.9037491980928682,10.539986052205332,1.4194296005584075,4.652733043095416,0,0,1,0,1,1,1,1,1,0,0,0,0,0,1,1,1,0,0,0,0
52.0,0,7.421853654495252,1.1168685516684522,8.062273495608968,0.8535482225634551,7.852712440863022,1,1,0,1,0,1,0,1,0,1,0,0,1,1,1,0,0,1,1,1,1
66.0,1,2.1886019171375093,1.6252381714771484,7.966720248832193,1.219501655047766,7.249376103291888,1,0,1,0,1,0,1,1,0,1,1,1,0,0,1,0,0,0,1,0,1
49.0,1,8.432057874673463,0.5553361275737427,11.443387945430223,0.9421037462077789,8.849418446254141,1,1,0,0,1,0,1,1,1,1,0,1,0,0,1,1,0,0,1,0,1
41.0,0,0.4005026747767422,2.101775561818054,11.119726949973451,1.1552324845763442,7.510782477690912,0,1,1,0,0,1,0,1,1,1,1,1,0,1,0,0,1,1,0,0,1
29.0,1,8.453747350217231,1.5348151451314722,10.286403721503795,0.8403174042981915,11.472614794171875,0,0,1,0,1,0,1,0,1,1,1,0,1,1,1,0,0,1,0,1,1
35.0,0,4.961471685657772,1.1751461652538893,6.370046026534273,0.8225592366332684,8.27791772330809,1,0,0,1,0,1,1,1,0,1,1,1,1,1,1,0,0,1,1,1,0
32.0,1,2.2541206053232807,1.0170927765415212,8.360067325791524,0.924433888857579,9.549808491699537,0,0,1,1,1,1,1,1,0,1,1,1,1,0,0,1,0,0,1,0,1
61.0,0,1.4244036354402834,2.135057694146901,5.79117786644548,0.6455677586525012,11.171882181139972,1,1,0,1,1,0,1,0,0,1,1,0,1,0,1,0,0,1,0,0,1
33.0,1,9.537740959065488,1.5405425775807862,7.551333584372318,1.3311389644353826,5.174975006665659,1,0,1,0,1,0,0,0,1,1,0,0,1,0,0,0,1,1,0,0,1
44.0,0,0.8193893170534514,0.94914822257478,7.873704526078325,0.8486978953616366,5.8378772329482285,1,0,0,0,0,0,1,0,0,0,0,1,1,0,1,0,0,0,1,1,0
25.0,0,2.071024857365664,2.22277270371706,10.653120321354647,0.9001495539058452,4.8585492837921205,1,0,1,1,1,0,1,1,1,0,0,0,1,0,1,1,0,1,1,0,0
77.0,0,3.543441239587155,1.912680707591734,11.168226922599946,1.3940546127021447,5.117107193839298,0,1,1,1,0,1,1,1,0,0,1,0,0,0,0,0,0,0,0,1,1
63.0,0,6.240325004715093,2.6466801373237403,7.316960499171823,0.9966238140631714,8.100671735473865,1,0,0,0,0,0,0,0,1,0,1,1,0,1,0,1,0,0,0,0,0
42.0,0,5.493530744233374,0.7936897471912323,8.014112478059428,1.044253909350863,6.569434071739712,0,0,1,1,1,0,1,1,1,0,0,1,1,1,0,1,1,0,0,1,1
34.0,0,1.3438705748819086,2.46416650486114,10.894190718314837,1.4564981247770985,7.385382716214039,0,1,0,1,1,0,1,1,1,1,0,0,1,1,1,0,0,0,0,1,1
46.0,1,2.968307039008325,2.1837919670431476,5.394229428010886,1.3867263831449892,11.859918654352494,0,0,0,0,0,0,0,1,0,0,0,1,0,1,1,0,1,0,0,0,1
70.0,1,2.4636425337516386,0.7875273420702446,8.975055711123147,0.6694667088884395,5.253634782367585,0,0,1,1,1,1,1,1,0,0,1,0,1,0,1,0,0,1,1,1,0
25.0,1,2.21407425945438,2.237051824679302,4.1997672034730495,0.973215029918105,8.326496566384606,0,0,0,0,1,0,0,1,0,0,0,0,0,1,0,0,0,1,1,0,0
32.0,0,4.170328931151872,1.603868222199576,7.196051802084514,1.4712962274285455,4.790969240429208,0,1,0,1,1,0,1,0,0,0,0,0,0,1,0,0,1,0,1,1,0
44.0,0,7.069911380657403,2.862461963889608,11.887682416922798,0.8723662982286027,6.547970506111029,1,0,0,1,1,1,0,0,0,1,1,0,1,1,1,0,1,0,0,0,1
63.0,1,2.252784028950636,0.8540283765447483,4.805548808830425,0.8715731085162001,8.220207389396789,0,0,0,0,0,0,1,0,1,1,0,1,1,1,0,1,0,1,1,1,0
67.0,0,3.730120909059516,2.107083477039345,7.389545215997138,0.6950302317891544,11.573053967722702,1,0,0,0,1,1,0,1,1,0,0,0,0,0,1,0,1,1,1,1,1
69.0,0,3.9700825257275065,1.4549501136573648,6.457199601519617,0.6143231141191252,7.129825770267864,0,0,0,0,0,1,0,0,1,0,1,1,0,0,1,0,0,0,1,1,0
24.0,0,9.76691964141056,2.8920366764771943,11.240704987106113,1.2403047907559817,4.519253569717359,1,0,1,0,0,1,1,1,1,0,1,0,1,0,0,1,0,1,1,1,1
20.0,0,9.551196933102782,1.3249372382256912,10.954720863258842,1.2700304687015165,7.105291583682535,1,0,0,0,0,1,1,0,0,0,0,0,0,1,0,0,1,0,0,0,1
46.0,0,8.021362069245551,2.9054647737295003,5.901590082449831,1.4690129635029998,5.165929406991822,0,0,0,0,0,0,0,0,0,1,1,1,1,1,1,0,0,0,1,1,0
61.0,1,2.4924233161099334,2.7537146277518727,4.649502296403449,1.273418210905363,5.839916906331562,1,1,1,1,0,1,1,0,1,1,0,1,1,0,0,1,0,1,0,1,1
70.0,1,0.77356940950753,1.1759580882766407,9.01710715248894,0.7433524940335987,8.944724985319922,1,1,0,1,0,0,1,0,1,1,0,0,1,1,1,1,1,0,1,1,0
41.0,1,3.2373509634341855,2.5088544420660694,6.690949695069678,0.5401165782885154,4.5393909296294535,0,1,0,0,0,1,0,1,0,0,0,0,1,1,0,0,1,0,0,1,1
77.0,1,2.7412660393949255,2.989010504508765,9.376675124848504,1.4854373843696602,7.717790050000299,0,0,0,0,1,1,0,0,0,1,0,1,0,0,0,1,0,1,1,1,1
75.0,1,5.108665421449299,1.1316575054282059,4.256958048542516,0.8404506955436057,8.875692688086115,0,1,1,0,1,0,1,0,1,0,1,1,1,1,0,1,0,1,1,0,0
20.0,0,7.799506309671151,1.5919429233082991,5.067193881419915,0.8119715424324208,7.374867138939975,0,0,1,1,0,0,1,0,1,1,1,1,1,1,1,1,0,1,0,0,1
37.0,0,8.597397094900694,1.800451841416899,9.490977862181147,1.4059552097493824,4.153010804989843,0,0,0,1,1,1,1,1,0,1,1,0,0,1,1,1,1,0,0,0,1
63.0,0,8.464154445564034,1.2373278395096607,5.698965242419982,1.085099898544986,11.884154855222924,0,0,0,1,1,0,1,0,0,0,0,1,0,1,1,0,0,1,0,1,1
32.0,0,3.660788056108371,0.5381620991150744,10.860701406099214,0.7148711738491346,6.936926138724282,0,1,1,1,1,1,0,0,0,1,0,0,0,1,1,1,0,0,0,0,1
42.0,1,6.90362000026076,1.0503231104938167,4.4687271016810834,1.3890962427162394,10.228617495466136,0,1,0,0,1,0,0,0,1,1,0,1,1,1,0,0,1,0,1,0,0
47.0,1,3.1970585554897784,1.2048422108543961,8.014112478059428,1.4933608550547435,6.605171937499626,1,0,1,1,0,1,0,0,1,0,1,1,0,1,0,0,0,0,1,1,0
31.0,1,0.7029648780283089,1.608999253295468,8.014112478059428,0.5866785611508307,7.800134055947351,0,0,0,1,1,0,0,0,0,1,0,1,0,1,1,1,1,0,0,0,0
24.0,0,7.045496129469129,0.9277561960335047,7.464608820694341,1.3622516283024872,7.107709140887972,1,1,0,1,0,0,1,1,1,1,0,0,1,1,1,0,1,1,1,1,1
34.0,1,0.19729277044089966,2.6831358917291817,9.623725308357148,0.890515697684394,6.7403138360768615,0,1,1,0,1,1,0,0,1,0,0,1,0,1,1,1,0,0,1,0,0
79.0,0,4.150907615839037,2.2622778318283405,5.461304390856109,1.0240724465067044,4.17481101766223,0,1,0,1,1,1,0,1,0,1,1,1,0,0,0,1,1,1,1,0,0
61.0,1,3.36085476609055,1.6994873972351736,8.878949879884303,1.4148159757649807,6.880167502836028,0,1,1,0,0,1,1,1,1,0,0,0,0,0,0,1,0,1,0,0,1
37.0,1,6.964437631336639,2.125231127849829,9.808848546955348,1.4733791957751172,11.115919923196241,0,1,1,1,0,0,1,0,1,0,0,1,0,0,0,1,0,1,1,0,1
53.0,0,7.685830180327751,2.1341411910140513,6.515813086932084,0.7621639104087994,9.523146708749469,1,1,0,1,0,0,0,0,1,0,1,0,1,0,1,0,1,1,1,1,0
26.0,0,3.1105368961157103,2.890552934109069,10.631176895807023,0.7128507709599138,5.163382872763519,1,1,0,1,1,1,1,1,0,0,1,0,1,1,1,0,1,1,0,0,0
55.0,1,8.135107443004049,0.5075521783904031,8.827340627778266,0.5805165585915119,8.729240036981913,0,0,1,0,1,0,0,0,0,0,0,0,1,0,0,1,1,1,0,1,1
65.0,1,3.0097759289988444,1.119831124514518,7.112984076920242,1.061797852662138,11.137846879590972,1,0,1,1,1,1,1,0,1,0,0,1,0,0,1,1,0,1,1,1,1
74.0,0,4.518630963866956,2.8194786984382887,8.461139146745268,0.5136043954506683,9.600272327718844,0,1,0,1,0,0,1,1,1,0,1,1,0,0,1,0,0,1,1,0,1
77.0,1,4.961471685657772,2.8303347884957075,8.614086779487394,0.9118982976099366,5.189475138853574,1,1,0,0,0,0,0,0,1,0,1,0,0,0,0,0,1,1,0,1,1
39.0,1,6.959910269325407,2.3014660484265934,5.324282341550928,0.5733840166520086,10.942659973875973,0,0,0,1,0,0,1,1,1,0,1,0,1,0,1,1,0,0,1,1,0
71.0,0,9.874947875890781,2.41440830261885,7.221858958935729,0.905225782929334,6.412352106310923,1,1,0,1,0,1,0,1,0,0,0,0,0,1,0,1,1,1,0,1,0
70.0,1,2.329094139737726,0.7287073948241178,6.747444704155945,0.5399321892656093,7.632609154498734,1,0,1,1,0,0,0,0,1,0,1,1,1,0,1,1,0,0,1,1,1
70.0,0,6.656947344041865,1.784689586945584,7.207221780633009,1.3352172606087689,8.209142077513171,1,0,1,1,1,0,0,0,1,0,0,0,1,1,1,0,0,0,0,0,1
19.0,1,6.135850891930196,1.0789574782224984,8.014112478059428,0.7097389939385659,10.804052835025562,0,1,0,1,0,0,1,1,1,0,1,0,0,1,1,1,0,0,0,1,0
41.0,0,9.159474699451296,0.9530451090340432,7.860307259733381,0.828308710357912,11.45285996118129,1,0,1,0,0,0,0,1,1,1,0,1,0,1,0,1,0,1,1,1,0
25.0,1,1.6479852022842632,2.5257582478083314,11.522529225914115,1.3700479966063919,11.43722302232445,0,1,0,1,1,1,0,0,0,0,0,1,0,1,0,0,1,1,0,0,0
28.0,0,7.542801819510636,0.8375953417013686,8.014112478059428,1.246266061332205,4.063633450228325,1,1,1,1,0,0,0,1,1,0,1,0,1,0,1,1,0,0,1,1,0
30.0,1,5.725859301060806,1.6716290924909631,7.325628626279432,0.7190383616420585,11.375107884683658,0,0,1,0,0,0,0,1,0,0,1,0,0,1,1,1,1,1,1,1,1
34.0,0,2.819192110900264,2.8464455989650825,10.295654483832331,0.571899418657496,4.435095728012579,0,0,0,0,0,0,0,0,0,1,0,0,0,1,0,0,0,0,1,1,0
25.0,1,4.796905650057023,0.9645801389133564,8.368196746566003,1.2156737768553394,6.126189254539483,0,0,0,1,0,0,0,0,1,0,1,0,0,1,1,0,0,1,1,1,1
38.0,1,3.4043883109909983,2.9449835593455864,8.376225171395582,0.8907025506881093,8.119902837822664,1,1,0,1,1,1,1,1,0,1,0,1,0,0,1,0,1,1,1,0,1
35.0,1,5.835202687605762,2.9857199644026475,4.426721304041468,1.2660799991182212,7.839405512035152,1,1,0,1,0,0,0,0,0,0,0,0,0,1,0,0,0,0,0,0,0
47.0,1,8.901106047065191,1.8890428867060072,7.1887973017476465,0.9452947723752104,8.837678351099136,0,1,1,0,1,0,1,1,0,1,1,1,1,0,1,1,1,1,1,0,1
35.0,1,5.7361193456808,0.9253568504428948,6.16586985937386,0.8460024129722764,7.835569829896047,0,1,1,1,0,0,1,1,1,1,0,1,0,0,1,0,0,1,1,1,1
63.0,1,4.961471685657772,1.290262219852239,11.994680982648923,0.9512054082123965,11.475005437123366,0,1,0,0,1,0,0,0,0,1,1,0,1,1,1,0,0,0,1,0,1
64.0,1,5.235603686435623,1.5612320816913379,6.466840565058482,1.2485589856706767,5.924390785716696,1,1,1,0,1,1,1,1,0,1,0,1,1,1,1,1,0,0,0,0,1
49.0,1,0.6065385138102115,1.2733105608955573,11.075972278350907,1.4022202865403741,6.192197552307887,1,1,1,0,0,0,1,1,1,1,0,0,0,1,0,0,1,1,0,1,0
55.0,1,2.405299713073333,1.2015889496912895,9.40986988032382,0.5497671965885755,11.36590348554445,1,0,0,1,1,0,0,1,0,0,1,1,1,1,0,0,0,1,0,1,0
49.0,0,4.970817121377619,2.930574273040894,6.727331273536723,1.0241115412269552,4.61391610996205,1,1,0,1,1,1,1,0,1,0,0,0,1,0,0,0,1,0,0,1,0
28.0,0,3.1713293090725774,0.883412068539364,8.34827502699299,0.5328354290838776,8.876486575238479,1,0,0,1,1,0,0,0,1,0,0,1,0,1,1,1,0,0,1,1,1
62.0,1,1.899459617835823,2.333319771792156,10.72428703959355,0.9684095450243587,9.453887616524886,0,0,1,0,0,1,1,1,1,1,0,1,1,0,0,0,1,0,1,1,1
42.0,0,5.09091513499254,0.5010257235979372,11.066946384247295,1.3852828290969004,8.044333787437916,0,1,0,1,1,0,0,1,1,1,1,0,1,0,1,1,1,0,0,0,0
50.0,1,3.295816955133718,1.9904566735059421,5.283151000049162,0.8615902664203097,9.553855030585098,0,0,0,1,1,0,1,1,1,1,1,1,1,0,1,0,1,1,0,1,1
77.0,1,2.655265667416806,2.789857509885131,6.716585129665357,1.4324504210806432,5.382037168095736,0,0,1,0,1,0,0,0,0,1,0,1,1,0,1,1,1,0,0,1,0
55.0,0,4.69345563265977,1.2198352352330475,6.681785441708573,1.1306084716506093,10.821057862172319,1,0,1,0,0,0,0,1,1,0,0,1,0,1,0,1,0,0,0,1,0
58.0,1,1.4195141550135142,1.6994873972351736,4.3363583686075575,1.4341553437930064,5.120205515759085,1,1,1,0,0,0,1,0,0,1,0,1,1,0,1,0,1,0,1,0,1
25.0,1,9.284682757446532,2.1291994871960673,8.785902078815173,1.2571666254125198,7.2064995545259976,0,0,1,0,1,0,0,1,0,0,1,1,0,0,1,1,1,1,0,1,0
28.0,0,8.690250769400466,2.281503518245983,10.838560423937505,0.6034351666487623,4.602060810465646,1,1,0,0,1,0,0,1,1,1,0,1,1,1,1,0,0,0,1,0,1
39.0,0,7.1054437988313,2.2200762973799533,7.052595102604142,0.7311513675626771,8.361688630539202,0,1,1,1,0,0,1,0,0,1,0,1,1,1,0,0,1,1,1,0,0
68.0,1,1.1515168931257167,1.2982922000534352,9.920287559873415,0.8941704545835062,9.357966459405112,1,1,0,0,1,0,0,0,0,1,1,1,0,1,1,1,0,0,0,1,1
41.0,0,7.781184819249961,1.1305060053983271,9.021603308805918,0.670106882012076,11.529773080762325,1,0,0,1,0,0,0,0,1,1,1,1,1,1,0,1,0,1,1,0,1
58.0,0,8.098777548279289,2.8897969999051103,7.0051898839440065,0.9949116047766605,9.914689567168008,0,0,1,0,1,0,1,1,1,1,0,0,1,0,0,1,0,0,1,1,0
34.0,1,7.700869715371943,2.808248770674824,5.128478395938377,0.9713681557014906,8.32882333163321,0,1,0,1,1,0,1,1,1,0,1,1,0,0,1,1,0,1,0,0,0
29.0,0,1.2282622824804876,1.6994873972351736,9.674590822207739,1.4562591980273814,11.460936137362669,0,1,0,1,0,1,1,0,0,1,0,1,0,0,1,1,1,1,1,1,1
74.0,0,6.47468877497087,2.6154846653859334,10.836521351529925,0.9337278828959777,7.827494704327012,1,1,1,0,0,0,1,0,0,0,1,0,0,0,0,1,0,0,0,1,1
63.0,1,4.961471685657772,1.63080869408574,9.486835939211936,1.2856268042879977,8.489645224790955,1,0,1,0,1,1,1,1,0,0,1,1,0,0,0,1,1,0,0,1,1
49.0,0,5.815798672074711,1.560972545181276,4.1430278722785445,1.44191054485148,8.768788221360765,1,0,1,1,0,1,1,1,0,1,1,1,0,0,0,1,0,1,0,0,1
32.0,0,6.499433014758081,0.8919073689982366,5.72986315512793,1.3769888309739855,7.279837807092535,0,0,0,0,1,0,0,0,1,1,1,0,0,1,0,0,1,0,1,0,0
33.0,1,4.637798446320431,1.5660151412299321,4.555839879068255,0.7086676245115918,10.707861524526592,0,0,0,0,1,1,1,1,0,1,0,1,0,1,1,0,0,0,1,0,0
71.0,1,4.961471685657772,1.8435423464995175,8.563088796609815,0.9960298942535443,5.481407510760473,0,0,1,0,0,0,1,0,0,1,0,0,0,0,1,1,1,1,0,0,1
39.0,1,0.44033089768207967,1.6994873972351736,10.0518214307233,0.8477397822959257,8.438737522972865,1,0,1,0,1,0,1,1,1,1,1,0,1,0,0,1,0,0,0,1,1
45.0,0,6.425733917535517,1.610282512938516,4.8846334965492755,0.8998586951372155,9.777866049497552,1,0,1,0,1,1,0,0,0,1,0,1,0,0,0,0,1,0,1,0,1
37.0,1,0.906327407622476,2.4533905459880008,10.706702564747083,0.8608068262457512,11.231809375012617,0,1,1,0,0,1,0,1,1,0,0,0,1,0,0,1,1,0,1,0,0
49.0,1,4.406644483968211,2.2001151409356745,8.444071827163866,1.3263592101750041,11.071347171474226,0,0,1,0,1,1,0,1,0,0,0,0,1,0,1,1,1,0,0,0,0
27.0,0,2.997285466907338,2.0878924721598375,9.5197520971338,0.9521390551224475,8.069922315441136,0,1,1,0,1,0,1,1,1,1,1,1,1,1,0,1,0,1,1,0,1
57.0,1,5.499736707095959,2.773888571093006,11.77121478886917,1.023694332244688,9.145291609306733,1,0,1,1,1,1,0,0,0,1,1,1,0,1,0,0,1,1,1,0,1
49.0,1,1.4208217216797503,0.545080024563075,4.6694479059815786,1.4824473570470746,7.153901889034408,1,1,0,1,1,1,0,0,1,0,0,0,0,1,0,0,1,1,1,0,1
67.0,1,6.94726967953585,1.8926189654805854,11.209792183822314,0.5599792721915164,7.745422103041602,0,0,1,0,0,1,0,0,0,0,0,1,1,0,0,0,1,1,1,0,0
77.0,1,7.970614215591857,2.4683721210242675,5.0088215678992745,0.9879576397907488,11.250126340584396,0,0,1,0,1,0,0,1,0,0,0,0,0,0,0,0,0,0,1,0,0
50.0,0,4.961471685657772,1.853338456753168,7.143670453093458,1.274061706946116,11.445631945539791,0,0,1,1,1,0,1,1,1,1,0,0,0,1,0,1,0,1,0,0,1
19.0,1,1.1326995647836335,1.3097388814509479,10.811509570648916,0.6511619581882265,11.163312464536158,1,1,1,0,1,1,1,0,1,0,1,1,0,0,0,1,1,0,0,1,1
50.0,1,1.5406032795948557,0.8406264127299446,11.250033893902945,1.111531594614774,5.106966894509106,1,0,0,0,1,1,1,1,1,1,0,0,0,0,0,0,1,0,0,1,1
50.0,0,8.783562862795167,2.7189076795404783,8.050973388361163,0.7394647795344668,10.80067217064509,1,0,1,0,0,1,1,0,0,1,0,1,1,0,1,0,1,1,0,1,0
58.0,1,5.329073691387926,1.6769059809690074,8.752837106203401,1.3674041132245676,11.586909848171842,0,1,0,0,0,1,1,1,1,0,0,1,0,0,1,0,1,0,0,0,1
30.0,0,4.7258838604742754,2.6952879924642534,9.665178676788457,0.8270996654000793,6.889997556588837,0,0,0,1,0,1,1,1,1,0,0,1,1,1,1,1,1,1,0,1,1
49.0,0,1.1564470091133074,1.9646303060829209,10.662069347621713,0.8290628169009095,8.149170315373354,0,0,0,0,1,1,0,1,0,0,0,1,0,0,0,0,0,0,1,1,0
50.0,0,6.530604466893921,2.185480291537502,4.972089356301329,1.0981938785178935,10.232762046503968,0,1,1,1,1,1,1,0,1,1,1,0,1,1,1,0,0,0,1,1,1
30.0,1,8.69319595976139,2.5106528859461252,10.480554465833821,0.6835629081199087,8.49662510052519,0,0,1,0,0,0,1,0,1,1,1,1,1,0,0,1,0,1,0,1,0
69.0,0,8.299040106302185,2.147888861500336,7.850209204092934,0.784888638903061,11.947868173649995,0,1,0,1,0,1,1,0,1,0,1,1,0,1,1,1,0,0,1,1,1
43.0,0,6.297941618909933,1.4951371016973443,7.604987400865352,0.9166318501194115,7.645706921254627,0,1,0,1,1,1,1,1,0,1,1,1,0,1,0,0,0,0,0,1,0
49.0,0,0.8452592948515689,1.7840834598216275,7.391198015975986,0.8536378631401104,9.711541689659022,0,1,1,1,0,0,1,1,0,0,1,0,1,0,1,0,0,1,0,1,0
56.0,1,1.2127305690425285,2.5076138116896995,8.07369268196834,1.0248772180055825,10.340729121572354,0,0,0,0,1,1,0,1,0,1,0,1,1,1,1,1,1,1,0,0,0
49.0,1,0.5881589723872643,1.4341257409324606,11.56040442715683,1.0996401440689663,7.9528033260675155,0,0,0,0,1,0,0,1,1,0,1,0,0,1,0,1,0,0,1,0,1
55.0,1,2.6490442432754464,1.4703036419212427,8.385630182337213,1.0666674537501646,10.855870445691007,0,1,1,0,1,1,0,0,0,1,1,0,0,1,1,0,1,1,1,0,1
56.0,1,1.4430485248877398,0.7392252901450029,11.625420306105113,1.1541683119919321,8.369236729657572,1,1,1,1,1,0,0,0,0,0,1,0,0,1,1,1,0,0,1,1,0
43.0,1,2.6744755984990958,2.786461088054369,5.442321044925125,0.8077495166078202,7.293206374413051,0,0,0,0,1,1,0,1,0,1,0,0,0,1,1,0,1,1,1,0,1
63.0,1,3.912074751617721,0.7275907873636043,9.793087830661065,0.626426227155028,4.862589390815576,0,0,0,0,1,1,1,0,1,1,0,1,1,0,1,0,1,1,0,0,0
75.0,1,9.435529562304243,2.1205229436213897,10.497916308869979,1.260807541431077,7.147308610803393,1,0,1,1,1,0,0,1,0,1,0,1,0,1,0,1,1,0,1,1,0
67.0,0,6.142722991838752,1.6994873972351736,9.433030650678894,1.3507803826306821,9.871491637866274,0,1,1,0,1,0,0,1,0,0,0,0,0,0,0,0,1,1,1,1,0
32.0,0,8.366240478261327,1.514048475638606,8.855378241812323,0.7570062322224322,11.370291293440857,1,0,1,1,0,0,1,0,0,1,1,0,0,1,0,1,0,0,1,1,1
51.0,0,7.132479857052089,2.1988795914317096,8.518502248689458,0.9070919561580197,6.013435230882482,1,1,0,0,0,1,0,0,0,1,1,1,1,1,0,1,0,1,0,1,0
59.0,0,1.2137809922136544,0.6677343315746969,10.887443860629567,0.9985692169635553,6.841884138644021,0,1,1,1,0,1,0,0,1,0,1,0,0,0,0,0,1,0,0,0,1
72.0,1,7.385612023102094,1.9842644573785866,10.573172777316,1.0333268427529365,5.23168795283541,0,0,0,1,0,1,1,1,0,0,0,0,1,1,1,1,1,0,1,0,1
61.0,0,2.8234789274353322,2.430079464930887,8.014112478059428,1.159490171087652,9.52578315383175,1,0,0,1,1,1,1,1,0,1,1,0,0,1,0,1,1,1,1,1,0
49.0,0,6.427167685247593,2.5705318947164857,10.788701256247025,0.5416032333553213,11.681507440079402,0,1,1,1,0,1,1,1,0,1,1,1,1,1,0,0,1,1,1,1,1
57.0,0,3.4755235390655868,0.9263259734844382,7.31254895552354,1.2214770827340171,9.127617758785405,0,1,1,1,0,0,0,0,1,0,0,0,1,0,0,0,0,0,0,1,1
28.0,0,9.976955406320126,2.743547625195434,6.029574639966486,0.5619710069794103,8.936612240049811,0,0,1,1,1,1,0,0,1,1,0,0,0,0,0,1,0,1,1,0,1
78.0,1,2.7091596470181005,1.6994873972351736,10.958148544111406,0.9682885676728679,8.427919444003471,1,1,1,1,0,0,0,0,0,1,1,0,1,1,0,0,1,0,0,1,0
49.0,1,2.86339166066527,2.704637002051707,7.456198397069933,1.3276711355691941,4.707645925484292,1,0,0,0,0,0,1,0,1,0,1,1,1,0,0,0,1,0,0,0,1
76.0,1,9.313655330067743,1.7132017927754957,10.466917521414533,0.9512153132783963,9.836030611435069,0,0,0,1,0,1,0,0,0,0,1,0,0,1,1,1,1,0,1,1,0
23.0,0,0.3439796058995944,1.855083362743005,6.107228895646756,0.6490897487682478,8.816396348394807,0,1,0,0,0,1,0,0,1,0,1,1,1,0,1,1,1,1,0,0,0
26.0,1,6.997220979944649,2.7975956925716776,4.031434571377742,1.4850338450059597,9.291814150850296,1,1,0,0,1,0,0,0,1,1,1,1,0,0,0,0,1,1,1,0,1
23.0,0,7.2807312682851935,2.7497738583866793,7.963673543223555,1.3892854620742634,11.190488744219373,1,0,1,0,0,1,0,1,0,1,1,1,0,0,0,1,1,0,1,1,0
26.0,1,8.380147916362953,1.620402183422505,4.801826053143074,1.271313633225014,10.271686296488143,0,1,0,1,0,0,1,0,1,0,0,1,0,1,0,0,0,1,1,1,1
56.0,1,9.746949175320905,1.1860315790892044,10.035007644199277,0.9115116028992104,10.247322017236208,0,1,1,0,0,1,1,0,1,0,0,0,1,0,1,0,1,1,1,1,0
48.0,1,9.758458999650859,1.4829260864106604,6.208601088555283,0.6838457268892978,11.417470151034781,0,0,1,1,0,0,1,1,0,1,1,0,1,1,0,0,1,1,0,0,1
49.0,1,0.7462398999079926,1.4694108213243744,7.54916517282783,1.441411181418501,11.919479611703997,1,1,0,0,1,1,1,1,0,0,0,1,1,0,1,0,1,0,1,0,1
58.0,1,8.236209295253735,1.217167187456985,4.696268520732434,1.032351126517139,8.650261855688477,1,0,0,1,1,1,0,0,1,1,1,0,1,1,1,1,1,0,1,1,0
67.0,0,4.961471685657772,1.1714490108324165,6.293273987578021,1.3523554603874852,4.871052928249326,0,1,0,1,0,1,1,1,1,0,1,0,0,1,0,1,1,1,0,1,0
29.0,1,6.508687130293603,2.6526573411992986,10.251921946068576,0.8420950057594258,7.673039262203491,1,0,0,0,1,0,0,0,1,0,0,1,1,0,1,1,1,0,0,0,0
25.0,0,1.3706642734854786,0.6746548017116543,5.212703295218556,0.8352883170794706,10.300809171693155,0,1,0,1,1,1,1,0,1,1,0,1,0,0,1,1,1,0,1,1,0
25.0,0,6.536852947811968,2.1940279552489854,9.177276489015659,1.485540480674039,4.2218025980947935,0,1,1,0,1,0,1,0,0,1,1,0,1,1,0,1,0,0,0,1,0
67.0,0,9.826577547952354,0.9320501286411307,11.33940682243601,1.02183304849485,4.4550995068491925,0,1,1,1,1,1,0,1,1,0,0,0,1,1,1,0,1,1,1,0,1
45.0,0,9.127003838440524,1.3612647334851582,9.438694078061761,0.6406954238607463,4.537262259062571,0,1,0,1,0,1,0,1,0,1,1,0,1,0,1,0,0,0,1,0,1
79.0,0,4.44739354196802,0.6538575853370922,10.488173514337815,0.7196746779947074,9.848286066626486,0,1,0,0,1,0,1,0,0,1,0,0,0,0,0,0,1,0,1,0,0
37.0,1,0.49548493553233397,1.174934092138655,4.871773034431326,0.9819442793927208,8.009333028505377,1,1,0,1,0,0,0,1,0,0,1,1,0,1,0,1,0,1,0,0,0
79.0,1,4.961471685657772,2.421052677793105,6.005854608016436,0.5424709104884113,6.951183548164749,1,1,0,0,0,0,1,0,1,1,0,1,0,1,1,0,0,1,1,0,1
64.0,1,8.281264084845496,2.7125383113681467,11.156310817924728,0.9625339853783005,4.844936362093888,0,1,0,0,0,1,0,0,1,1,1,1,0,1,0,1,0,0,0,1,1
76.0,1,7.044841104505144,1.0538178797559177,9.720844908944713,0.9189408420801276,9.857922001647113,1,0,0,0,0,1,1,1,0,1,0,0,1,1,0,1,0,1,0,0,1
49.0,0,4.647502190380168,1.6588695981473047,9.11643061101849,1.279336265319487,6.568158484407197,0,1,1,1,0,1,1,1,0,1,0,1,1,0,0,0,1,0,1,0,0
28.0,1,0.6455051980724278,1.675810119843016,9.3101338889736,0.8549419644892418,6.1225925605173375,1,1,1,0,0,1,1,1,0,0,0,0,1,0,0,0,0,1,1,1,1
37.0,1,4.3262578054506955,2.6839382643993357,7.313604434437147,1.4825487615395994,9.218553612428408,1,1,0,0,0,1,1,0,0,0,1,1,1,0,1,1,1,0,1,1,0
33.0,0,4.743346903207047,2.4069976321895137,4.356453052941226,0.6807699193009031,8.472087140774734,1,1,0,0,0,1,0,1,0,0,0,0,0,0,0,1,1,1,0,0,0
21.0,0,9.292699775651945,1.7826930459201247,10.275532336565831,1.090986684968135,6.899285134506413,1,1,1,0,0,1,0,1,1,0,0,0,0,0,0,0,1,0,0,0,0
23.0,1,6.446752425463378,2.1768680011794332,9.42970588972283,0.5896992970082546,9.131899766444704,0,0,0,1,0,0,1,1,1,0,1,1,0,0,0,1,1,0,1,0,1
75.0,1,3.1853638748810242,2.618387634773417,7.782435712901798,1.233863983993982,6.169772163072945,1,0,0,1,1,1,1,0,1,1,1,1,1,1,0,0,0,0,0,0,0
39.0,0,5.300650818062142,0.5238473850638623,11.19807692294606,1.4947536880619716,10.358642092834614,1,1,0,0,1,0,1,0,1,1,0,0,1,0,1,0,1,0,0,1,1
43.0,1,4.961471685657772,1.5072250776251215,6.689277319880791,1.319138637751632,5.834551602461231,1,1,1,0,1,1,0,0,0,1,0,0,1,1,1,1,0,1,0,1,0
20.0,1,9.728425532932395,2.7681079181926966,6.354573953849887,1.0557035407203013,5.270701563056125,1,1,0,0,0,0,1,0,0,0,0,1,1,0,1,0,0,0,1,0,1
58.0,1,3.664593029114188,2.3507825771098787,10.982370600635543,0.984741357399692,10.259515275991,1,1,1,0,0,0,0,0,1,0,0,0,1,0,1,1,1,0,1,1,1
77.0,1,4.830886813640045,1.8571034358351866,10.375901238071883,1.335029961266847,9.663136245583466,1,0,0,0,0,0,0,1,0,0,1,0,1,1,1,1,1,1,0,1,0
59.0,0,3.617311344945534,1.8241113175878336,8.119838485186758,1.4359740847107243,5.4611118056143875,1,1,0,0,0,1,1,1,0,1,0,0,1,0,0,0,0,1,0,0,0
31.0,0,6.856866128150381,1.3694252440110946,8.014112478059428,1.4892065257980929,4.929966021519504,1,0,1,1,0,0,0,0,0,1,1,1,0,1,1,0,0,0,1,1,0
28.0,0,6.656098367462971,1.8013013341037862,5.72057177172042,0.8965392275644841,10.707192707893537,0,1,0,0,1,0,1,1,1,1,1,0,0,1,0,1,0,1,0,0,1
35.0,1,7.181690874238443,2.138457998658633,9.249823923270453,1.4909174747945122,10.212787857573504,0,0,1,0,1,0,1,0,1,0,0,0,1,1,1,0,1,0,0,1,1
49.0,1,2.7546179731580165,1.5459075960719826,7.080329902723293,0.6559262521738315,6.618058989597314,0,0,1,0,0,0,0,0,1,0,1,0,1,0,0,1,0,1,1,0,1
29.0,1,3.2251179635242533,1.6994873972351736,10.69178553332777,0.7535497759319092,9.265579265706933,1,0,0,0,0,1,0,0,1,1,0,1,1,1,1,1,1,1,1,0,1
40.0,1,1.3399871878524587,2.6530805681509646,11.599640074657632,0.5890161247338962,4.993281492382486,0,1,1,0,1,1,1,0,1,1,1,1,1,1,0,0,0,0,1,0,0
29.0,1,6.589548721276515,0.8867121204621529,10.445095402199346,0.7717385164844817,8.056381272381426,0,1,1,0,1,1,0,0,1,1,1,1,0,1,1,0,0,0,0,1,1
30.0,0,0.49399156062296024,1.6288675570435611,7.020363383964457,1.2679375516180111,4.149842336483359,0,1,0,1,1,1,0,0,0,0,1,0,0,1,0,0,1,0,1,1,0
42.0,1,6.017055121682245,1.5200502282127029,10.309491433851392,1.3529243581784498,7.132815047372444,1,1,0,1,0,0,0,1,1,0,0,0,1,1,1,0,0,0,0,1,1
62.0,1,8.709989260031175,2.21866201012432,6.811533387765468,1.2788926451025717,4.598742571771241,0,1,0,0,0,1,1,1,0,1,1,0,0,0,0,0,1,0,1,0,1
68.0,0,8.919238268067373,1.1246686631448233,5.336800702125071,1.1310657781676963,7.80117744125506,0,0,1,1,0,0,1,1,1,1,1,0,0,0,1,0,0,1,1,1,0
75.0,1,4.5454738276626205,2.1006272873806906,4.267145638926859,1.0139665125226456,7.373453174823155,0,0,0,0,0,1,0,1,1,0,1,0,1,0,0,1,1,1,1,1,0
36.0,0,4.6471065133094305,2.69372310432872,8.014112478059428,1.2087042892136464,7.555080213104448,0,0,0,1,1,0,1,1,0,1,1,0,0,1,0,1,1,1,1,0,1
72.0,0,0.8619949117793719,1.5453289994840567,11.228474429578256,0.8908335492672218,4.362650416383953,0,1,0,0,1,0,1,1,1,1,1,1,1,0,1,1,1,1,1,0,1
63.0,0,6.740573751886053,2.7775392499480502,5.911892702045412,1.341308351499702,6.892930730254659,0,0,0,0,0,0,0,0,0,0,1,0,1,0,0,0,0,0,1,0,0
53.0,0,4.961471685657772,2.9829093473336963,5.652105319438272,1.1771900939767854,10.051870792799331,0,1,1,0,1,0,0,0,1,1,0,1,1,1,1,0,1,1,0,1,1
62.0,0,2.522085040586659,0.7652301248698802,11.758566281928323,1.1978046984944086,6.951314986828961,1,0,0,1,0,1,0,0,0,1,1,0,1,1,0,0,1,1,1,0,1
25.0,1,4.27087872817031,1.0826329699621466,4.200032902804737,1.0359359931290713,9.721375620876646,0,1,0,1,1,1,1,0,1,1,1,0,0,0,0,1,0,1,0,0,0
46.0,0,8.404509433976177,2.875949378705233,10.286257203150035,1.3852289842111727,6.955829789069866,0,0,0,0,0,0,1,1,0,0,0,1,1,0,1,0,1,1,1,1,0
72.0,0,8.783492629856651,2.895819216203467,6.570959645926963,0.7520147336790525,7.3859155319214915,1,1,0,0,1,0,0,0,1,1,1,1,1,0,0,0,1,0,0,1,0
70.0,1,2.507481804615837,0.7442681884668962,4.299903654957275,0.8811476533610507,8.511136902634128,1,0,0,1,1,1,1,1,0,1,1,0,0,1,0,0,0,0,0,1,1
72.0,1,5.5506492819595055,0.5374962509428417,11.34242032167667,1.2776425696776892,11.60545549445666,1,0,1,0,1,1,1,1,1,0,0,0,1,0,0,1,0,1,0,0,0
49.0,0,2.005682191294688,0.9027500581410557,5.117138641676669,0.9927488961293377,4.870883573173241,1,0,0,0,0,1,1,1,1,1,0,0,0,0,1,1,1,1,1,0,0
49.0,1,1.10859976498161,2.9900319584556208,8.414234269805563,1.3892140134241908,4.2633101492893895,1,1,0,0,1,0,0,1,1,1,1,1,0,0,1,1,0,1,0,1,0
61.0,1,9.12009296378038,1.6994873972351736,6.192433659436382,0.8463993197628523,8.863657470480362,0,0,1,1,0,0,1,1,1,0,1,0,1,0,0,0,0,1,1,0,1
35.0,0,8.22302429189788,1.7563690168050579,4.521542417477528,0.8693301688196448,11.592776711427412,0,0,0,1,0,0,1,1,1,1,1,0,1,1,1,0,1,0,0,0,0
49.0,0,7.624345527851421,2.6210443160762775,4.399379885307033,1.3887357893866255,11.91778506043772,0,0,1,0,1,0,0,0,1,1,1,1,0,0,1,1,0,1,1,1,1
35.0,1,0.5827865562500901,0.5510040267205158,4.92445359069071,0.964370320182041,7.8733139791360145,1,1,1,0,0,1,1,0,0,1,0,1,0,1,1,1,0,0,0,1,1
49.0,0,8.45291504783155,2.0112224556461484,4.57093611111504,1.0161245842024869,7.7446529686807875,0,0,1,1,0,0,1,0,0,0,1,0,1,0,0,1,1,1,0,0,0
39.0,0,4.4366363514632985,1.1925636221740608,10.084464924159384,0.8327637153356794,9.15971016596157,0,1,1,0,0,1,0,0,0,1,0,0,1,1,1,0,0,0,1,1,1
54.0,1,3.4897117206290105,2.655837291099329,7.884529618267433,0.7766699421790819,8.445078057639758,1,0,0,0,0,0,1,0,0,0,1,1,1,0,0,0,1,1,0,0,0
49.0,0,5.510115974151226,1.208652873160198,6.7431367307918375,1.1559487108383921,9.072704460912945,1,0,0,0,1,1,0,0,0,0,0,0,1,0,1,1,1,0,0,1,1
73.0,0,1.0043971029632028,2.2168893007047723,7.346951281056057,0.6198406615412039,10.991995404303154,0,1,1,0,0,0,1,0,0,0,1,1,1,1,0,1,0,0,0,1,0
58.0,0,7.590800838588748,2.1855490811184923,11.431573884580986,1.3792726411829093,9.970449355900875,1,1,1,1,1,1,1,1,1,0,0,1,1,0,0,0,1,0,0,0,1
76.0,0,5.866107261194129,1.0537338721491,11.286014501905179,1.279203136765108,7.9750191334943645,0,0,1,0,0,1,0,1,1,0,0,0,1,0,0,1,0,1,1,0,1
20.0,0,1.9472419590443586,0.5869979996708753,8.014112478059428,0.6907482637058028,7.694915672001357,1,1,1,0,0,0,0,0,1,0,0,1,1,1,0,1,1,1,0,0,1
49.0,1,1.9634987777135515,1.5231239344634933,11.077459019373503,1.1940199458245653,9.116813988104928,0,1,1,0,0,1,0,0,0,0,0,1,0,1,1,1,1,0,1,1,0
27.0,1,1.924061650569475,1.2229828799146742,6.557184220700998,1.1026329212856347,7.64565027536238,0,1,0,1,0,1,1,1,1,1,0,0,0,1,1,1,0,0,1,0,0
68.0,0,0.6643236367641464,2.5224443740342717,7.048874608066263,0.6845350507366441,7.662234810125119,0,0,1,1,0,1,1,0,0,1,1,1,0,0,1,0,0,1,0,1,1
52.0,1,5.9192046487796794,2.500910471138363,8.014112478059428,0.7732035060502325,4.1304472142920385,1,0,0,1,0,0,0,1,0,0,1,1,0,0,1,0,1,1,0,0,0
49.0,0,8.41944695812623,1.6425598804815638,8.989007578378114,0.9089865037338344,5.392513099258467,1,0,1,0,0,0,0,0,0,1,1,0,1,1,1,0,1,0,1,0,1
46.0,0,0.2732323184751472,2.0162805633080474,7.853598704098728,1.1992427352454738,7.908109119966024,1,1,1,0,0,0,0,1,1,1,0,0,1,1,0,1,1,1,0,0,0
71.0,0,4.961471685657772,2.0106487899673127,7.205262787503626,1.138723408817006,10.581227672402953,1,1,0,0,0,0,1,1,1,1,0,1,1,1,0,1,0,0,0,0,0
32.0,0,5.770425739200763,2.567895371069058,8.014112478059428,1.032234847676698,6.229816053816993,0,1,1,1,1,1,1,0,0,0,1,0,0,0,1,0,0,1,1,0,1
50.0,0,8.213007285321918,1.5625060353079938,10.568989008941795,1.2684105431140342,8.181147465049193,0,1,0,1,1,1,0,0,1,1,0,1,0,0,1,1,0,1,1,0,0
24.0,1,3.3347150166294726,1.1886166994762726,7.479841583104362,1.257937739606166,6.759696678073857,0,0,0,0,0,0,1,1,1,0,0,1,1,1,1,0,1,0,0,0,0
29.0,1,3.5611825481964496,1.1625872953513687,9.818339817916549,1.117859154062256,4.838431916316712,0,1,1,0,0,1,1,0,0,0,0,1,0,1,0,1,0,1,0,0,1
66.0,0,6.003830325218082,1.8404806982055104,6.156493546019676,1.2869900833848251,11.666387864570405,1,0,1,1,0,0,1,0,1,1,0,0,1,1,0,1,0,1,0,1,1
49.0,1,2.8147076023290554,1.6228705068305314,4.801354609898639,0.8342633747792092,10.837390962002413,1,1,0,0,1,0,0,1,1,0,1,1,1,1,0,1,0,1,0,1,0
38.0,0,0.3634228241690729,1.6003019274623405,6.819448204421925,1.3812495283226056,4.627939395735251,1,0,0,0,1,1,1,1,0,0,1,1,0,0,1,0,1,0,1,1,1
48.0,1,7.378762329205801,0.7278433477242681,7.223782400987154,1.1149100858019407,9.758298099746277,1,0,1,0,1,0,0,0,0,0,1,0,0,1,0,0,0,0,1,0,0
75.0,0,6.2939341381203855,2.296509351725489,4.132296996485366,1.3223635138124306,6.7806392348600015,0,1,0,1,0,1,0,0,1,1,0,0,1,1,1,1,1,1,0,1,0
78.0,1,5.849484390651025,1.0343417199547766,10.518336013087168,1.046279104790284,11.95879845649434,1,1,1,0,0,0,0,1,1,1,1,0,0,0,1,1,0,0,1,1,0
41.0,0,7.4426728770190484,0.9923840755218034,6.873547219113452,0.7184382449886804,6.419188158631822,1,1,1,1,1,0,0,1,1,1,0,0,1,1,0,0,0,1,1,0,0
49.0,0,6.784785291864171,1.5318958006934835,8.643345326241176,1.0424101286783087,5.909907562900799,1,0,1,0,0,0,0,1,0,0,1,1,1,1,1,0,0,0,1,0,0
49.0,1,2.1382316829653796,1.0694458540445035,4.591705498167648,0.8711116637765881,8.543124386443242,0,1,0,1,0,1,0,0,0,1,1,0,1,0,1,0,0,0,0,1,1
21.0,1,3.5895623647391766,1.9596456682700385,5.399974630004672,1.1974990360370945,10.681009306745633,0,0,1,1,1,0,1,1,0,1,0,0,1,1,0,1,1,1,1,1,1
45.0,0,1.3484904026183877,1.4286583483361788,11.11754980262048,0.9757937917347358,5.540150974558384,0,1,0,1,0,1,0,0,1,1,1,1,0,1,0,0,1,1,0,1,0
61.0,1,1.3855844328370224,1.6994873972351736,8.869500223062406,1.3361128049276876,9.67522215775465,1,0,0,0,1,0,1,1,1,0,0,1,1,1,1,1,1,1,1,1,0
79.0,0,6.794337888929738,1.842923304010072,11.602272401363884,1.1780725123219167,4.4912526651289735,0,1,1,0,1,0,1,0,0,0,1,0,0,0,1,0,0,0,1,0,1
37.0,1,8.600141059126733,1.0088388062045122,11.990000275130535,1.184544433031324,11.351477944883978,0,0,0,0,0,1,1,0,0,1,1,0,1,1,1,1,1,1,0,0,1
77.0,1,9.631052580225276,0.8893790571638245,6.974880922664755,0.717155333491065,4.64859932917839,0,0,0,1,1,1,1,1,0,0,1,0,0,0,1,0,1,1,0,1,1
41.0,0,6.3206364637395,2.701054757184012,6.390424512666197,1.4842497664912904,11.3138510107533,0,0,0,1,0,1,0,0,1,1,1,0,1,0,1,0,1,1,0,1,0
67.0,1,1.9226031012734741,1.5843092570785526,10.866848441272774,1.3416752092714888,7.926457995621623,0,1,0,0,1,1,1,1,1,1,1,1,1,0,1,0,1,0,0,1,1
66.0,1,1.145938419944414,1.530234024081348,8.014112478059428,1.2890048845606947,7.584728902367359,0,0,0,1,0,1,0,0,1,0,1,0,0,1,1,0,0,0,0,1,1
68.0,0,8.147224618213903,0.5890303756821037,9.037129873859659,0.8302152251600274,11.786456636003013,1,1,1,1,0,1,0,0,1,0,0,1,1,0,1,0,0,0,0,0,0
49.0,1,5.829689115963992,1.7449407564684831,10.361125780092179,1.0356316528472318,11.923073421585752,1,0,1,0,0,0,1,0,0,0,1,1,1,0,1,0,1,1,0,0,1
58.0,0,4.961471685657772,1.8854243040275003,10.253966870522195,0.6371031880743286,9.201425007688096,0,1,0,1,0,1,0,1,1,0,1,0,1,1,0,0,1,1,1,1,1
53.0,0,7.836474678671621,1.8971021773866663,6.842717665756376,1.0384759766627059,5.016954334856388,1,1,1,0,1,0,1,1,1,0,0,1,1,0,1,1,0,0,1,0,1
75.0,0,7.062444554551271,2.267577923307211,8.594163042056698,0.6458892464832873,8.04936068524162,0,0,1,0,1,0,0,0,0,0,0,0,0,0,0,1,1,1,1,1,0
70.0,0,8.361136703275356,0.9437045874775294,10.66445553011371,1.053037843989601,8.2333048076453,1,0,1,1,0,0,0,1,0,1,1,0,0,0,1,1,1,0,0,1,0
51.0,0,0.6565176640527969,1.130557835576547,9.504911010088444,1.1487218801549055,8.115571425082479,0,1,0,0,0,1,0,0,0,1,1,0,1,1,0,0,1,0,1,1,0
53.0,1,7.500454303790398,2.5268261630760316,4.169310511856306,0.8901959672499024,8.555934708160077,1,0,0,1,0,0,1,1,1,0,0,0,1,0,0,1,0,0,0,0,1
19.0,0,8.523442297488744,2.867926542108485,6.693645351180268,0.9985448783312932,4.149797710355125,0,1,1,0,1,0,1,1,0,0,1,1,1,0,1,1,0,0,1,0,1
49.0,0,2.932736920337312,0.8398318684183016,5.155805572756843,1.375653387674586,9.68981825176402,0,1,1,0,1,0,0,0,1,1,1,0,0,1,0,1,0,0,0,1,1
51.0,1,6.440428012533203,1.7441238862630455,5.863777696624313,0.6085631447028094,9.699154415623905,1,1,1,0,0,1,0,0,0,1,1,1,1,1,0,0,1,1,0,1,0
53.0,1,3.210204431986024,1.035440631848967,11.243915819930606,1.291732892999653,4.923758201423103,0,1,0,0,1,0,1,0,1,0,0,0,0,0,0,0,1,1,0,0,0
23.0,1,9.583913558176295,0.6501829208874561,4.295146311286145,0.6707545509961964,8.561915539566407,1,1,0,0,0,1,0,1,1,0,1,1,0,1,0,0,1,0,1,0,1
56.0,0,0.4308933671114872,1.3137583453153385,5.75840569569539,0.5367079828046284,8.546889459486197,0,1,1,0,1,0,1,0,0,1,0,1,0,0,1,0,1,1,1,1,1
59.0,0,5.839949153946255,0.8592190629605319,6.476554817905852,0.6855746027450478,9.4596033615232,0,1,0,0,0,1,1,0,0,1,1,0,0,1,0,0,0,0,1,1,1
68.0,0,1.7483851157901995,2.2748326835856156,8.935072575731159,1.2650431899704897,4.683181537080649,0,1,0,1,0,1,1,1,1,1,0,0,1,0,1,1,0,1,0,1,0
68.0,1,7.150980031253871,1.834313534178611,8.272813520686924,0.90512607333686,9.012026458128771,0,1,0,0,0,0,1,1,0,1,0,1,1,1,0,1,0,0,1,1,1
75.0,0,1.841313805844755,0.8595861774757771,5.746155862827089,1.372520516846182,6.2460156059707295,1,0,1,0,1,0,0,0,1,1,1,1,0,0,0,0,0,1,1,0,1
71.0,1,2.43029429279374,0.5231039710137859,5.313928537785236,1.024707541182266,8.056023923969375,1,1,0,1,0,1,1,0,0,0,0,1,0,0,1,1,0,0,1,0,1
78.0,0,4.994271029353005,2.5203926225605318,5.8943842767689505,0.522250351926331,10.186588421632614,1,1,0,1,1,1,1,1,1,1,0,0,1,1,0,1,1,0,1,0,0
29.0,1,9.156866004969093,0.9404860154106188,8.020237013613244,1.2167136096019266,9.645167490904107,1,1,1,0,1,1,1,1,1,0,1,0,1,1,1,1,0,0,0,0,1
20.0,0,4.961471685657772,2.015541605551915,6.1694222856896275,0.6102329087212327,4.951224141423947,1,0,1,1,0,0,1,1,0,1,0,0,1,1,1,1,1,0,0,0,0
62.0,0,1.527976209069225,1.342304782691864,11.580820012861778,1.2893796334619245,8.729478296928587,0,0,1,0,0,0,0,1,1,0,0,0,1,1,1,0,1,0,0,0,0
35.0,0,7.613870635354903,1.963714845787589,7.7109217714307805,0.66810254980518,11.752932247525909,0,0,0,0,0,0,1,0,1,1,0,1,0,1,0,0,1,1,1,1,1
57.0,1,5.056133370105917,1.28913406745581,4.4703681323570965,0.8454463858055135,5.254155498680018,1,0,0,1,1,0,0,0,1,0,0,1,1,0,0,1,0,0,0,0,0
38.0,1,9.126672612579537,0.7173489017306354,9.834131246693067,1.2612714296253604,10.82325670180332,0,0,0,1,1,0,1,1,1,1,1,1,0,0,1,0,0,1,0,1,0
49.0,0,1.5514841158824388,1.6994873972351736,6.630762305671917,1.4542313574764216,9.620384644430215,1,0,0,0,1,1,1,0,0,0,1,1,1,1,1,1,0,0,0,0,1
50.0,0,6.494686140928089,0.9701464161976889,9.22791145646598,0.8714339506467323,10.192026503278077,0,1,0,1,1,1,0,0,1,1,1,1,0,0,0,0,0,0,1,0,0
52.0,0,2.405503546902969,1.5700483810991095,6.236754964185856,1.3294002201989357,6.255666617141164,1,0,0,0,1,1,1,0,1,0,0,0,1,0,0,1,1,1,0,0,1
43.0,1,1.6519282436512293,2.1457094585653933,8.565949933866559,0.6907922654758387,6.30311143503874,0,0,1,0,1,1,0,1,0,0,1,0,1,1,1,0,0,0,1,0,1
25.0,0,6.865951210056978,1.1595151873658938,10.177220038459717,1.3071797702024912,11.248155646211906,0,0,0,1,1,1,1,0,0,0,0,1,1,0,0,1,1,0,0,1,1
53.0,0,4.961471685657772,0.5301748382515449,11.424069934196432,1.157494059256251,6.878656256740469,1,0,0,0,0,1,0,1,1,0,1,0,1,1,1,0,1,0,1,1,1
65.0,0,7.572791837787079,1.7973434106618922,6.089017155464616,0.6927435072123684,4.504123125542484,0,0,1,1,0,0,0,0,1,1,0,0,0,0,0,1,1,0,0,1,0
47.0,0,3.1636795068172057,2.01439872339743,6.678855607991849,0.8025039603514116,8.804773628635601,1,1,1,1,0,1,0,1,1,1,1,0,1,0,1,1,0,0,1,0,0
40.0,1,4.961471685657772,2.907176235004524,7.714131362287517,0.631770888597036,4.998541352334741,0,1,0,1,1,0,0,1,0,0,0,0,1,1,0,1,1,0,1,0,0
59.0,1,4.114169595671143,1.9736770077331172,11.417398701887912,0.8829670110643133,10.372769931263266,1,0,0,0,0,0,0,1,1,1,0,0,0,0,0,1,0,1,1,0,1
61.0,0,9.842485693268491,1.6779313984453545,11.211094854485257,0.7036486411232774,9.13397154000846,0,1,1,0,1,0,1,0,1,0,0,1,0,1,0,1,0,0,1,1,1
31.0,0,2.9932646717199405,1.9335040647442596,4.719026240805104,1.1439979536304734,10.997812041769667,1,0,0,0,1,0,0,0,0,1,0,1,0,0,0,0,1,1,1,1,0
31.0,1,3.018690659632992,2.8197515746550676,5.055438606030487,1.4945051042205586,10.278697998261082,0,1,1,1,1,1,0,0,1,1,1,0,0,0,1,0,1,0,0,0,1
19.0,1,3.6100272674032134,2.5709453640041158,7.964073418645106,0.5120091630842641,4.896909186705569,0,1,1,0,1,1,1,0,0,0,0,1,1,0,0,1,0,0,1,0,1
72.0,0,5.689481404774183,1.30744683340952,4.852954182443388,1.0409198132872985,7.048565411475378,1,0,0,1,0,0,0,0,1,1,0,1,1,1,1,1,0,1,0,1,0
54.0,1,2.597995168211078,1.0931359091428432,6.76464698678958,1.0736665975490096,10.196481999316699,1,0,1,1,1,0,1,1,0,0,0,0,1,1,1,0,1,1,1,0,0
22.0,1,9.161370409754811,1.6994873972351736,5.187083025739821,1.4142087896808118,7.338731786130606,1,0,0,0,0,1,1,0,1,1,1,0,1,0,1,1,0,0,0,1,1
55.0,0,2.7302870921760087,1.7610525992880326,9.088322841055087,1.0060053347669375,11.778923878239826,1,1,1,1,1,1,0,0,1,1,1,0,0,1,0,0,0,1,0,0,1
62.0,1,8.968575742445926,2.3601236280714444,11.595963453913294,1.0437014196449175,9.885923599147594,0,1,1,0,0,1,0,0,0,1,1,0,1,1,1,1,0,0,0,1,1
58.0,1,1.124403130101188,1.7580480179574052,11.973870162355052,0.9716528013283886,4.123999333522568,0,0,1,1,1,0,0,0,0,0,0,1,0,1,1,0,0,0,1,1,0
79.0,0,6.5999707537565575,1.6994873972351736,7.001929059975319,0.7689043045614814,11.039885532486691,0,0,0,0,1,1,0,1,1,1,0,0,1,0,1,1,1,0,0,1,1
71.0,0,9.079156632538613,2.3089517510999524,8.792101096916898,0.5560291332489137,4.806438278948461,0,1,0,1,0,1,0,1,0,0,1,0,0,1,1,1,0,1,1,1,0
77.0,1,1.7706194401424726,2.5149253216773846,10.850141228192651,0.9086576822098361,5.124189793440687,0,0,0,1,0,0,0,1,0,0,0,1,0,1,1,1,1,1,1,1,0
78.0,0,9.686436904982624,1.2237446627992992,4.939696582371072,0.5525914712406785,9.875939204888407,1,1,0,0,0,0,1,1,0,1,1,0,0,1,0,1,0,1,0,0,0
64.0,1,4.583545268113566,2.160314348208376,9.51651528841572,1.050492469465918,10.919748475443843,1,1,0,0,1,1,1,0,1,0,0,1,0,1,0,1,0,1,1,0,1
31.0,0,9.462579573566142,1.5664797526359835,7.270749293800546,0.8072936432422931,8.290797023196447,1,0,0,0,1,0,1,1,1,1,0,1,0,1,0,1,0,0,0,1,0
73.0,1,6.800518431937465,2.722798389318607,5.649169282241313,1.0336024015254277,6.3123978635662334,1,1,1,0,1,0,1,0,0,0,1,0,0,1,0,0,0,1,1,1,0
56.0,0,3.0857100117481604,2.6130638954018495,7.222028949979536,0.6342969643951867,6.810524362025404,1,1,1,0,0,0,0,1,0,1,0,1,0,1,0,1,0,1,0,0,0
42.0,1,1.9641949966793537,1.8135799957741057,8.014112478059428,1.4326299657393595,6.743114636768448,0,1,0,1,0,0,0,1,0,0,0,0,0,1,0,0,1,1,1,1,1
37.0,1,3.106976957628484,2.2287638645339864,9.563257188714445,1.394521243549935,6.613424830476098,0,1,0,1,0,0,1,0,1,0,0,1,1,1,1,1,0,0,0,1,0
19.0,1,1.0208723517004825,2.70837425255526,6.021941349987625,0.6899965092022845,5.943277374573198,1,0,0,0,1,1,0,0,0,0,1,0,0,1,1,0,0,0,1,1,1
56.0,0,1.5242928667989648,1.7392925251956888,6.491245160359024,0.8434442832940099,8.870936757033864,1,1,1,0,1,1,0,1,0,0,0,0,1,0,1,1,0,0,1,1,1
23.0,0,1.1361383594301635,1.2831268512220548,8.014112478059428,1.1134927718519796,11.203242548520539,1,0,0,1,0,1,1,0,1,1,0,1,0,0,0,0,1,1,0,0,1
34.0,1,4.287141083041422,2.3841653447739533,10.917272911119134,0.5956862073059063,6.456659304666729,0,1,0,1,1,1,1,0,0,1,0,0,1,0,1,0,0,0,1,0,0
76.0,1,7.976225924950105,1.0501656369617294,7.947554234261909,0.8545678211161508,5.493554379691297,1,0,0,0,1,1,1,0,1,0,0,1,1,0,1,1,1,0,1,0,0
42.0,0,1.499697186741768,1.4713278700151051,8.577175022291202,0.7511122868190061,10.708621330971399,1,1,1,0,1,0,1,1,1,0,1,1,0,0,0,1,0,0,1,0,1
74.0,0,1.3901722884061254,2.664318092766984,8.555461464758837,1.4155167287166965,9.934266647117626,1,1,1,0,0,1,0,1,0,0,1,0,1,1,0,1,1,1,1,1,0
45.0,0,6.469946600221574,2.311055850673288,7.283944916330734,1.3525106362892052,11.446696252479285,0,0,1,1,0,1,1,1,1,0,1,1,1,1,0,1,1,1,0,0,1
49.0,0,2.052111521483856,1.5095275131187482,5.540239323505116,1.0798327412668638,5.324157884839277,1,1,1,1,0,0,0,1,1,1,0,0,1,1,0,0,1,0,1,0,1
52.0,0,1.0663393772790168,1.0368612560208934,9.9610619879872,1.0203463368715742,5.154010512932732,0,0,0,1,1,1,1,0,1,1,1,1,0,1,0,1,1,0,0,0,1
54.0,0,1.7518009242352188,1.3899209770805914,5.016450122861395,1.4307257945453973,8.331435154439973,1,1,0,1,0,1,1,0,1,1,1,0,0,0,1,1,0,0,0,1,1
22.0,1,9.244940819180083,1.2102603730685826,4.830990322230484,1.4324277829788152,8.915469238680762,1,0,0,0,0,1,1,0,0,0,0,1,0,0,1,0,1,0,1,1,0
18.0,0,8.232565402484289,0.9402232198596348,9.681160300772028,1.4693301253516604,7.841387534876716,0,0,1,0,1,1,0,0,1,1,0,1,0,1,0,1,0,0,1,0,0
57.0,1,3.605239167315432,2.358332283914142,5.670696163615871,0.6253788841081876,8.791733090591004,0,1,0,0,1,0,0,1,0,1,0,1,1,1,0,1,1,1,0,0,0
29.0,0,6.592625596541189,1.1301747171254288,6.454182010822659,0.6605578107631702,5.443038151000571,1,1,1,1,1,0,0,0,1,0,1,1,1,0,0,0,1,0,0,1,0
73.0,0,5.419029169313577,1.6354186754194096,7.801819736013922,1.1767366986798866,7.836910033312667,1,1,0,1,1,0,0,1,1,1,0,1,1,1,0,1,1,0,1,1,1
53.0,1,6.803530208477383,1.4646486170902726,7.59481053383637,1.041434476609845,9.264740487517344,0,1,0,0,0,0,1,1,0,0,1,0,1,1,0,1,1,0,1,0,1
62.0,1,6.858444409381318,2.9551934465890772,9.668633000519993,0.518465904893236,7.46165159398963,0,1,0,0,1,1,1,1,1,0,0,0,0,0,1,0,1,1,1,0,0
40.0,0,6.32446674909393,1.4777306103705512,8.987454347546887,0.5619750359895194,9.435578686532782,1,1,0,1,1,1,1,0,0,0,1,1,0,1,1,1,0,1,0,0,1
64.0,1,2.734403548519355,0.699956206991887,9.155169298254926,1.388080382258805,7.609530244430717,0,1,1,0,1,1,1,0,1,0,0,0,0,1,0,1,1,0,0,1,0
48.0,1,0.48616356555189943,0.7245643814302101,9.712434645243658,1.3688707955393862,6.668796646738218,0,1,1,0,1,1,0,1,1,0,0,0,0,1,0,1,0,1,1,0,1
28.0,1,4.610111141702077,1.976884303382662,6.340901819387723,0.8572709219960452,6.428840376696739,1,1,1,1,1,1,1,1,0,0,1,0,1,0,0,0,1,1,0,0,1
27.0,1,8.920641458437968,1.998408879345664,6.578666494403789,1.3910506169305346,7.287216471908704,1,0,0,0,1,1,1,0,1,0,0,1,1,0,0,1,1,1,1,0,0
20.0,0,5.738022859333902,1.5468974762066374,7.503981983164433,1.0936750743979018,4.184716981457607,1,0,1,1,0,1,1,1,1,1,1,0,1,0,1,0,1,0,0,0,1
71.0,1,8.340671312848889,1.5796092307800742,6.459697384268209,1.3059056470189019,9.34820110756891,0,0,0,0,0,0,0,0,0,1,0,0,0,0,0,0,1,0,0,0,1
31.0,0,9.917080995316159,0.634831457102178,11.879502951766908,0.9274310711602143,10.760845127842096,1,1,0,0,0,0,0,1,1,0,1,1,1,0,0,1,0,0,0,1,0
33.0,0,1.7198004209689353,1.6994873972351736,10.512415411371437,0.6133983273449087,6.837016755544949,1,0,0,0,0,0,0,1,1,1,1,1,1,0,0,0,1,0,1,1,0
27.0,0,6.948598627505625,1.7618486884508793,5.317237506048237,0.9337270626460162,4.3682650891337484,0,1,0,1,1,0,1,0,1,1,0,1,1,0,1,1,0,0,0,1,0
46.0,0,6.775506379630244,0.8738732963923613,4.044753247054956,0.9572997979968979,11.894204779084461,1,1,0,1,1,0,0,0,1,1,0,1,1,1,1,1,0,1,0,1,1
27.0,1,9.801558928846957,0.7595984652773189,4.342266145978143,1.050944193840603,6.109586043608536,0,1,1,1,1,0,0,1,1,0,0,1,1,0,0,1,0,1,1,1,1
49.0,1,9.857447266132723,0.8089312264987263,5.952507608343402,0.605582712904428,5.012968973526184,0,1,1,1,0,0,1,1,0,1,1,0,1,1,0,0,0,1,1,1,1
47.0,0,6.898118256068882,0.7525706162281462,4.914330286694852,1.4914018630496115,6.9580200637842236,1,0,0,0,1,1,0,0,0,0,1,0,0,0,1,1,0,0,0,1,0
58.0,0,2.5117864406237236,2.0242704888418994,8.266704919140576,0.7441368208069064,9.908456325068453,1,0,0,1,1,1,1,1,1,0,1,0,1,1,0,0,0,1,0,1,1
18.0,0,8.005702797492932,0.9912066310072966,10.863961781818869,0.6985524035370929,6.351332775124526,0,0,1,0,1,1,1,1,1,0,1,1,0,1,1,0,1,0,1,1,0
22.0,0,1.1595884286892773,1.1285753804686587,9.89400176730582,1.0268029188559367,8.597625631355903,1,1,0,0,1,1,0,1,1,0,1,0,0,0,0,0,0,0,1,0,1
37.0,1,7.828923111299124,0.9339303603785993,5.724872504657523,1.0372081793948886,7.324479955497138,0,1,1,0,0,0,1,1,0,0,1,1,0,1,1,1,0,1,0,0,1
25.0,0,9.110941629032494,2.8945882611212577,7.194394048206287,0.9398207378332443,4.942111938212948,0,0,0,0,1,0,1,1,1,0,1,0,1,0,1,0,0,1,1,1,1
60.0,1,3.8900506082075093,2.6365436578795887,8.06315367625022,1.2718921463252544,6.642296099936882,1,1,1,0,1,0,1,1,1,0,0,0,1,1,0,0,0,0,1,1,0
29.0,0,6.343289420332496,1.0762370933788021,10.481646796026684,1.0166544007286027,9.798964045712534,1,0,0,0,1,0,1,0,1,1,1,1,0,1,0,0,0,1,1,0,1
18.0,0,4.35841304775858,1.3189157348053149,10.712972824849318,1.1096954551449842,8.896031178651565,0,0,1,0,0,1,0,1,1,1,0,0,1,1,1,0,0,1,1,0,1
74.0,0,4.433874044382471,1.024732105762493,11.277746495262207,1.2237463854077855,4.958227039068488,0,0,0,1,1,1,1,0,0,0,1,0,1,0,0,0,1,1,0,0,0
71.0,0,3.1726718021703886,1.7296898986520595,8.073962004023002,0.5250251015638666,5.3065792777144685,1,1,0,0,1,1,0,1,1,1,1,1,1,1,0,0,1,0,1,1,1
37.0,1,7.645083242458214,0.549026331185634,9.554197971486904,1.0706441825450448,9.125866874459565,0,0,0,1,1,1,1,1,1,1,1,0,0,1,0,1,0,0,1,0,1
45.0,1,9.3681479852484,2.178420022241989,4.894402969871497,1.3841944712283691,10.50732331456695,0,1,0,0,1,0,1,0,1,0,0,0,1,0,0,0,0,1,1,1,1
74.0,1,9.413433506421166,1.807895374544104,8.522311679631857,0.5173887429254339,6.795795967665354,0,0,0,1,1,0,1,0,1,1,1,0,1,0,1,1,1,1,0,1,0
60.0,0,1.830334720261845,1.6994873972351736,5.989534475769081,0.9051821038009611,8.762486014747601,1,1,1,0,1,1,1,0,1,0,1,1,0,1,1,1,0,0,1,0,1
54.0,0,8.759962131600004,0.9109817108210354,7.453735080212889,1.4262274502058299,5.365148710016842,0,1,0,1,1,1,1,0,1,1,1,1,0,0,1,1,1,0,0,1,1
64.0,1,7.400571270128509,2.5102731151528292,9.072404066453755,0.8531544022825378,6.491010695242591,0,0,0,0,0,1,1,0,1,0,0,0,1,0,0,0,1,0,1,0,0
54.0,1,2.603090266833864,1.6994873972351736,6.055887502830249,0.9587288242002409,4.162161645384421,1,1,0,1,0,1,1,1,0,0,0,0,1,0,0,1,1,0,0,0,0
29.0,0,4.961471685657772,0.8179529730422173,4.417480462374089,1.4815413930443126,10.14620758239618,0,1,0,1,1,1,0,0,1,1,1,1,0,0,0,1,0,1,0,0,1
54.0,0,2.753172942155342,1.496398060360319,4.08187085127006,0.6993238589505738,7.208078558183734,0,1,1,1,1,1,0,0,0,0,1,1,0,1,0,0,1,0,1,0,0
49.0,1,9.130861544137103,0.9253816028612922,4.177276284356172,0.5652551891250059,10.529004589231631,1,0,1,0,0,0,0,0,0,1,1,1,0,0,1,0,1,0,0,0,1
66.0,0,6.368468881468146,1.1368012511438723,4.066797900110157,1.3594225908613042,9.66698396818181,1,1,1,0,0,0,1,1,1,0,0,0,1,1,0,1,0,1,1,0,0
73.0,0,7.238441142888931,1.1581154370763609,4.882840452463004,1.3684653412123686,10.629954125827815,1,0,0,1,0,1,0,1,1,0,1,0,1,0,1,1,0,1,0,0,1
61.0,1,2.645808275980049,1.8905909850644318,5.915909716561039,0.9720778346800132,6.285269356663062,1,0,0,1,0,0,1,1,1,1,1,1,1,0,0,1,1,1,0,0,0
73.0,0,7.221942740190721,1.5285273294011636,5.7697721134583935,1.0142071744772863,5.480869843422762,1,1,0,0,1,0,0,0,0,1,1,1,1,0,1,0,0,0,0,1,0
45.0,1,0.37840291215144517,2.8693320100157633,11.894372753439175,1.3358063696178362,11.775245461213364,0,0,0,0,1,0,0,1,0,1,0,0,1,1,0,0,0,0,1,0,1
64.0,0,3.8156813231528366,0.8159253548675128,6.448048841671546,1.2385594981157952,9.738622296326955,0,0,0,0,1,1,1,1,0,0,1,1,1,1,1,0,1,1,0,1,0
32.0,1,6.304858150569079,2.9342303371254967,5.019366266875193,0.7651490022170107,10.672338143413363,1,0,1,0,1,0,1,1,1,1,1,0,0,1,0,1,0,0,0,0,0
23.0,0,1.5463559988590703,1.0765966005356598,8.364500353342063,0.5168933550715185,4.10506698967947,0,0,1,0,1,0,1,1,1,0,0,1,1,1,1,0,1,0,0,1,0
61.0,1,8.247735387024655,2.4321848409546325,10.863659643180068,0.9797001625335457,6.835692962367093,1,0,1,1,0,0,1,0,0,1,1,1,1,0,0,0,0,0,1,0,0
76.0,1,2.426809858237995,1.3474248154320536,9.424483014301401,1.3589123260956413,9.942533524618653,0,1,0,1,0,0,1,0,0,1,1,0,0,1,0,0,1,1,1,1,1
78.0,1,6.557583016902618,0.8577034885432848,6.3686567130836025,1.3958346766901621,4.6238626639198666,0,1,1,1,0,0,0,0,1,1,1,1,0,0,0,1,0,1,0,1,1
37.0,1,4.111451711495763,2.6447229631156,8.49292927833164,1.4562261970761539,8.538719436551485,0,0,1,1,0,0,1,0,0,1,0,1,0,1,0,0,1,0,0,1,1
67.0,0,6.000831595228707,1.272152248091158,9.718847793603274,1.379563237612781,7.432582139640026,1,0,0,0,0,0,1,0,0,1,0,0,0,0,1,1,0,0,1,1,1
31.0,0,1.1637604710261906,2.1471385105671055,9.824835938941938,1.0800435552980985,4.140932057128858,1,1,1,0,1,1,1,0,0,0,1,0,0,1,1,1,1,0,1,0,0
19.0,1,0.26743671922391254,1.9161092127165664,9.332307642381512,0.9446055992361009,5.887804616955611,1,1,0,1,0,0,0,0,0,0,0,0,0,0,1,0,0,0,0,1,0
26.0,0,9.104687831064982,1.6793907734771858,10.966483398204943,1.274849846534099,6.278335912533714,0,1,0,0,0,0,1,0,0,1,1,0,0,0,0,0,0,0,1,1,1
54.0,0,2.76933708679511,1.7395486816213477,10.960843666752835,1.2398216343655966,4.89487957077058,1,0,0,0,1,0,0,1,0,1,1,0,0,1,0,0,1,1,1,0,0
37.0,0,8.214802327526545,2.330594785230719,8.631492475256026,1.0381434300814543,9.052295277941283,0,0,0,1,1,1,0,1,0,1,0,1,0,1,0,1,0,1,1,1,0
43.0,0,9.993567974674782,1.6994873972351736,7.438850952889698,0.5873273725584691,5.939183010015112,0,1,0,1,1,0,0,0,1,0,0,1,1,0,0,1,1,0,0,0,0
46.0,0,2.1931694541892206,1.6994873972351736,9.132562364520798,1.4260813467869187,6.220955996955107,1,0,1,0,1,1,0,0,0,0,0,0,1,0,1,1,0,1,0,0,0
18.0,1,2.7251903377152207,2.7395302534964467,10.545696010963706,0.9556025375016621,11.185908785601178,0,1,0,1,1,0,1,1,1,1,1,0,1,1,1,1,0,0,0,1,1
72.0,1,6.66231189758319,0.6444704925496604,4.045216838729478,0.8633337819162643,7.736984741545116,0,1,0,0,0,1,1,1,1,0,1,1,0,0,1,0,1,0,0,0,0
52.0,1,9.65794148254615,0.8516333480841669,11.935976072118809,1.1295673951687717,7.137025175754179,0,0,1,1,1,1,1,1,0,0,1,0,1,1,1,0,0,0,0,0,1
23.0,1,9.166562047088364,2.2915798417550786,5.463150178633594,1.173837961166977,9.790968306517737,1,1,0,0,1,1,1,0,1,1,1,0,0,0,1,1,1,1,1,0,0
54.0,0,5.078467648649291,1.593204120611544,7.7619918852798095,0.7106879170303014,11.276910375063297,1,1,0,1,0,0,0,1,0,0,0,0,0,1,0,1,0,1,1,1,1
70.0,0,7.971591797014574,1.5088715520342209,10.976237878742934,1.3369388448099562,4.200290689899551,1,1,1,0,0,1,0,0,1,0,1,1,0,1,1,1,1,1,0,1,1
76.0,1,1.4438839456890207,1.6994873972351736,5.800323192353595,0.7899370936623779,7.585910772443172,0,1,1,0,1,0,1,1,1,0,0,0,0,1,1,1,0,1,1,1,1
22.0,0,4.961471685657772,1.7669251017944703,7.814361791203066,0.6866839259143167,8.886250848623579,0,1,0,0,1,0,1,1,0,0,1,1,1,0,1,0,0,1,1,1,1
49.0,0,9.647097016956266,0.8163632779909431,5.060657441449433,0.9063998528544974,6.548504785007917,1,0,1,1,0,0,1,0,1,1,1,1,1,1,1,0,1,1,1,1,1
66.0,1,1.7209166830037927,1.691551140776351,7.160610603105541,1.2305600808974653,10.179261776985934,0,1,0,0,1,1,0,1,0,0,0,0,0,1,0,0,0,0,1,0,0
68.0,0,3.064288935550756,1.6994873972351736,5.41708363834402,1.4654581784398033,11.77181656216219,1,0,1,0,1,0,0,0,1,0,0,0,1,1,0,0,0,0,0,0,0
31.0,1,1.0915344753169927,1.1456608947179088,6.909021990169256,1.309281264371433,11.547418930002266,1,0,1,1,1,1,0,1,0,0,1,0,1,1,0,1,1,0,1,1,0
29.0,1,2.7900042290919793,1.7019654204493182,6.987713734341776,1.4403483776701917,6.127860315039535,1,1,0,1,1,0,1,0,0,1,0,1,0,1,1,1,0,0,0,1,1
59.0,0,8.177962315210545,1.6994873972351736,11.94536631678666,0.6406058040765268,5.810706227499888,1,1,0,0,1,0,0,0,1,1,1,0,1,0,1,0,1,1,1,0,0
37.0,0,3.845324510936069,2.216626058385093,11.958504234430178,0.5711767988636768,11.65992424816977,0,1,0,0,0,0,0,0,0,1,1,1,1,0,1,0,0,1,1,0,1
70.0,1,0.975129974752908,2.6033919282629965,4.918290229284899,1.0577047619066713,7.669027899451727,0,0,1,1,0,0,0,1,0,1,1,1,1,0,0,0,0,0,1,0,1
67.0,1,3.4880326953111553,1.5371190164013644,9.807750234626777,0.7902974830440344,5.666381784677534,0,0,1,1,1,0,1,0,1,1,1,1,0,1,0,0,1,1,0,1,1
41.0,0,9.815695008988673,2.4196523078146384,4.413963837352809,1.328054972969273,9.655975709043346,1,0,1,0,1,0,0,1,0,1,0,0,1,0,0,0,1,1,0,0,1
76.0,1,6.333867593066109,0.6012729323533046,4.241536122697509,1.171987871402326,6.275362591230333,0,1,0,0,0,0,1,1,1,1,0,1,1,1,1,0,0,1,1,1,1
60.0,1,4.219993369420962,0.8072779563556125,4.8426711539597145,1.4707281639857945,6.137975800568419,1,1,1,1,0,1,1,0,1,0,0,1,0,0,0,1,1,1,1,1,1
79.0,1,1.7487312836229731,1.0076764823001554,11.723885256063472,0.7547923557313042,11.033992344622277,1,1,0,0,0,0,1,0,1,0,0,0,1,0,0,1,0,1,1,0,1
51.0,0,9.863150293108578,1.5048798115380488,11.52690838315758,0.9857841143552324,5.2998332270152275,1,1,0,0,1,0,0,1,0,0,1,0,1,0,0,0,0,1,0,0,0
42.0,1,8.226405191704975,2.614362195814408,5.551422562245444,1.0012404774253532,4.515143571729891,0,1,1,0,0,1,1,1,1,0,1,0,0,0,1,0,1,0,0,1,1
67.0,0,2.8866252942641024,1.6994873972351736,5.293378684429692,0.7391767948573762,6.153491521373498,1,0,1,1,1,1,0,0,0,1,0,1,0,1,1,1,1,1,0,1,1
49.0,1,0.7936800876397756,2.136552983788657,5.924280692127576,1.0900933994880078,8.85556330270563,0,0,1,1,1,1,0,1,1,0,0,1,1,0,0,1,1,1,1,0,0
49.0,0,0.6605930180378246,2.2732857370087087,8.124375952601138,0.9432859860792395,4.984702827226164,0,0,1,0,1,0,1,0,1,0,0,0,0,0,0,0,1,0,1,0,0
56.0,1,1.291743680104785,1.9654558852208535,8.55763705628328,0.9467215559898736,7.77275737821435,0,1,1,0,1,1,1,0,1,1,1,1,1,1,0,1,0,0,0,1,0
48.0,0,5.849608977782774,1.3931049204253405,5.772747443515579,0.8627366479724836,9.018696883402558,0,1,0,0,1,0,1,0,0,0,0,1,0,0,0,1,0,0,0,0,0
73.0,0,9.294757869934374,1.9426333542838607,10.052982304719562,0.5169293524255351,10.789895940745392,0,0,1,1,0,1,0,1,1,1,1,0,0,0,1,1,1,0,0,1,1
64.0,0,5.017759937259246,1.3556639819743657,6.476425355221206,1.0220952369147889,5.838956729618035,0,1,0,0,0,0,1,1,0,1,0,1,0,1,1,1,0,0,1,0,0
60.0,1,8.445160276316352,0.7096843463800302,11.377050604235283,0.8352478357003311,10.538770587062317,0,0,1,1,0,1,0,1,0,0,0,1,1,0,0,1,1,0,1,0,0
67.0,1,4.514277536612097,2.982009945465036,9.253781651653846,0.5013198689843297,5.879250089049909,0,1,1,0,0,0,1,1,0,0,1,0,1,0,0,1,0,0,1,1,1
40.0,1,7.114977103101469,0.8179561340812773,7.4908095544288935,0.807943707661932,9.414132329917123,1,1,0,1,1,0,0,0,0,1,1,0,0,1,0,1,1,0,0,0,0
61.0,0,7.345540099136358,0.6808709595901434,10.319296013622763,0.778628333089757,7.445388571859641,1,1,1,0,0,0,1,1,0,0,0,1,0,1,0,1,0,0,0,0,0
55.0,1,1.8222406884430529,2.69632687301789,10.543317008373318,0.8934481532236358,4.917449939029361,0,1,1,1,0,1,1,0,1,1,0,1,1,0,0,1,0,1,1,1,1
49.0,0,3.6760389838605367,1.2545866522322378,6.323852844871549,0.631851989643397,9.71410770257479,0,0,0,1,0,1,0,0,0,0,1,0,0,0,1,1,1,1,1,1,1
40.0,1,6.409291349726437,2.125742435183769,6.717716350688675,1.0076838246350843,5.742100948392142,0,1,0,0,0,1,1,1,1,0,1,0,0,0,1,0,0,0,1,0,0
79.0,0,0.7998964210252252,1.3225143241555821,11.487641229828828,1.19244035251813,5.412987408196732,0,0,1,1,0,1,1,1,1,0,1,0,0,1,1,0,1,0,1,1,1
62.0,0,3.6792478588532704,1.6994873972351736,5.317928306906175,1.1301855690545723,6.8665834287150656,0,0,1,0,0,1,1,1,0,1,1,0,1,1,0,1,1,0,1,0,1
69.0,0,5.394514716183806,1.1552824300419913,4.337203335703474,1.3037549475691907,9.226321958075868,1,0,1,1,1,0,1,0,1,1,1,0,1,0,0,0,0,1,1,1,1
33.0,1,9.962622481141922,1.3576100144825256,7.632442580876393,0.9520082879870811,5.871971830325022,0,0,0,0,1,1,0,1,1,0,0,0,0,1,1,0,0,0,0,1,0
67.0,1,4.797882269962163,1.5267510014663577,10.409679201949032,1.0190917303397282,5.469292310255086,0,0,1,1,0,0,0,0,0,0,1,0,0,1,0,1,0,1,0,1,0
59.0,1,8.178961895431803,2.301040172730857,10.173344850485966,1.3104019408589833,4.079629005706915,0,1,1,1,1,0,0,0,0,1,0,0,1,0,1,0,1,1,0,0,1
77.0,0,4.3774661221595155,1.7788404855869795,11.35624503130266,0.9277011708192385,7.773144776813789,1,0,1,0,1,0,0,1,1,1,1,1,1,1,0,1,0,1,0,0,1
72.0,0,7.984268153935118,1.6994873972351736,8.265605314952321,1.201599349899597,7.429164554521462,1,0,0,1,1,0,0,1,0,1,1,0,0,1,1,0,0,1,1,0,1
25.0,1,5.994606536039073,0.6047009845969388,4.8005173725322665,0.9346023687179918,5.87094194909901,0,0,1,0,1,1,1,1,0,1,0,0,0,1,1,0,1,0,0,1,0
67.0,1,8.877294870873744,1.7576708065800704,8.70951179468813,0.9177361945115626,4.429217312077526,1,0,0,0,1,1,0,0,1,0,0,0,0,1,0,0,0,0,0,1,0
38.0,1,4.168331268266088,1.9605619720792953,10.227164914825693,1.2602056245291604,7.434046996766695,1,0,0,0,0,1,1,0,0,1,1,1,1,0,0,1,0,0,0,0,0
49.0,0,6.08261375623264,2.800492465185685,4.746624962158611,0.6748369154662112,10.30564088857305,1,1,0,1,1,1,0,1,0,1,1,1,0,1,0,0,0,0,1,0,0
72.0,0,6.3371849381263905,0.622896309053569,5.381259208780718,0.8385859719415736,9.722257050617415,1,0,0,1,1,1,1,1,0,1,1,0,1,0,1,1,0,0,0,1,0
25.0,0,4.232091123824685,1.93374896233804,4.098325289245367,0.7241722767469018,10.886359118881362,1,1,0,1,0,1,0,0,0,1,0,0,0,0,1,0,0,1,0,0,0
49.0,0,1.5286892325060673,2.6340748213198926,8.749220635574483,0.8591099429675971,4.076661501705245,1,0,1,0,1,0,1,1,0,0,0,1,0,0,0,0,0,1,1,0,1
49.0,0,1.026238128432122,1.1048193202980914,11.093875135567234,0.730374822366024,11.731354534436788,1,1,0,0,1,1,0,1,0,0,1,0,0,0,1,1,1,0,1,0,0
55.0,1,0.2650483509363677,2.6907308713098437,9.365306528016795,1.0794056310866547,6.731298021019587,1,1,1,1,0,0,1,0,1,0,0,1,1,1,1,0,0,1,1,1,0
22.0,0,8.747989216027625,0.5476085231857295,11.856320700727856,1.2981708026178453,11.923182368735718,0,1,1,0,1,0,1,0,0,1,1,0,1,0,1,1,0,1,0,0,0
64.0,0,2.441101631163076,2.3311365728343243,4.5042692199980925,1.2866130612179019,6.020955684814197,0,1,0,1,0,0,1,1,1,1,0,0,0,0,0,1,0,0,0,1,1
39.0,0,2.193916817889504,1.6994873972351736,11.22400868121197,0.8645009645487924,7.772291100625958,1,1,0,1,1,0,1,0,1,0,1,1,0,1,1,1,1,1,1,0,1
64.0,0,7.386750464218048,2.1429941541001556,10.512546299093446,1.4887604058942618,6.831421412602429,1,1,0,0,1,1,1,1,1,0,1,1,0,1,0,1,1,1,0,0,1
51.0,0,3.2681595195651787,1.59757310995112,6.5139321639960395,1.0938543647058008,6.846085719954421,0,1,0,0,0,1,0,0,1,1,1,1,1,1,0,0,0,0,0,1,1
18.0,1,5.109842454877182,0.6122025411817951,11.788212414698014,0.8994003017782948,10.738256789985726,0,0,1,0,1,0,1,0,0,1,0,1,0,0,1,1,1,1,0,1,1
72.0,0,1.7088595464448175,2.800284533306572,6.30350198537132,1.3355392792414253,9.97135151789871,1,1,1,0,0,1,1,0,1,0,1,1,0,0,1,1,1,0,0,1,1
72.0,0,9.601482642473496,1.675740556728937,11.114437790625747,1.2298740126426408,11.937211481840386,0,0,0,1,1,0,1,0,0,1,1,1,1,1,0,1,1,1,1,0,1
43.0,0,8.53065586017065,0.57249186083987,11.045988616593515,1.2492753368241045,8.908117461740101,1,0,0,0,1,0,0,1,1,0,0,1,1,1,1,0,0,1,0,0,1
60.0,1,8.651517267353533,2.2245526783219045,10.06126093282378,0.6961393497338716,7.706052835156021,0,0,1,0,1,0,1,0,1,1,0,1,0,0,1,0,1,0,1,0,0
27.0,1,4.1270601108628515,1.6994873972351736,8.507763790502814,0.9683243073685551,4.720590903575129,1,1,1,0,1,0,1,1,0,0,1,1,1,1,0,1,0,1,0,0,0
47.0,1,7.647376015701011,0.8108632936060268,4.9600219969351045,1.3618281308246027,11.972491356110854,0,0,0,1,0,1,0,0,0,1,1,0,1,1,0,0,1,1,1,0,0
67.0,0,1.5243739383588237,1.035679523275649,8.255773875971986,1.0040380076287572,8.412245223458264,1,1,1,0,1,0,0,1,1,1,1,0,1,0,1,0,1,0,0,0,0
35.0,1,0.18532812565862478,1.6994873972351736,6.8543700452394765,1.1834527434210504,9.603819757521133,0,1,1,0,1,1,1,0,0,1,1,0,1,1,1,1,1,1,0,1,1
34.0,0,4.961471685657772,1.6994873972351736,10.337736265242814,1.0879337330342644,7.253939097530491,0,1,1,1,0,0,1,0,1,0,0,0,1,1,0,1,0,1,0,1,0
43.0,0,5.907357200305149,2.0550736981300233,10.065033651974758,1.3423567877183822,8.381725665433887,1,0,0,1,0,1,0,1,0,1,1,0,1,1,1,0,0,0,1,0,0
25.0,1,4.6084095619546135,1.764355745888611,11.284900058980842,0.7845608397616026,11.540621855143097,1,0,0,1,0,1,1,0,0,1,0,1,1,1,0,0,1,0,0,1,0
64.0,0,5.228351954194346,2.5427553325065375,4.118641299453663,1.075475277886365,5.331355503452822,0,1,1,0,1,1,1,1,1,1,1,0,1,1,0,0,1,1,1,1,0
49.0,0,0.1738850901304721,2.652522053270034,10.472825734584369,0.623234668009804,6.338980674642037,0,1,0,1,0,0,1,1,0,0,1,0,0,1,0,0,0,1,0,0,0
66.0,0,4.284597534608515,2.0390609917078164,11.50769642499735,1.1902107766994678,5.216477822224259,1,1,1,1,0,0,0,0,1,1,1,0,0,0,0,1,1,0,0,1,1
29.0,1,7.208874795888522,0.5318911992685764,10.314403592865201,1.2319678383527122,10.337727230438198,0,1,1,0,0,1,1,0,0,0,0,1,1,0,0,0,0,1,0,0,0
44.0,0,4.482667649477615,1.6994873972351736,5.041555678962934,0.5428373211889984,4.4963620833746365,0,0,0,0,0,1,1,1,1,1,0,1,1,1,1,0,0,0,1,1,1
25.0,0,7.348970142491,1.544998042300879,4.650232838727102,1.175790963627985,4.6530531988107064,0,0,0,1,1,0,0,0,1,0,0,1,0,0,1,0,1,1,1,0,1
42.0,1,2.4068877475286645,1.9138937080659675,4.1667619184616065,0.9146901541657864,6.38795290229895,0,0,1,0,1,1,0,0,1,0,1,0,0,1,0,1,1,0,1,1,1
63.0,0,8.150105844369081,2.122701505047211,9.029961806624568,0.6240968761096823,8.113505447368091,0,0,0,0,1,1,0,1,0,1,0,0,0,0,0,0,0,0,0,1,0
21.0,0,5.925469280489177,1.375591535817692,9.037381214879098,0.9199075476984676,7.250198404476692,1,0,0,1,0,1,1,0,1,0,1,0,0,1,0,1,1,0,0,0,1
50.0,1,2.186554684356072,2.7927462629294855,8.014112478059428,0.6942329296955817,4.358530485366458,0,1,0,0,0,0,1,0,1,1,1,0,0,0,0,1,1,0,0,0,0
49.0,0,2.443532710952946,0.834937166874453,7.184345392832766,0.9155595321233165,11.659932462967612,0,1,0,0,0,0,0,0,0,1,1,0,1,1,0,1,1,1,1,1,0
36.0,0,6.317501599238416,2.1787795182025933,6.655250279179974,0.8843390279585277,11.62295616286467,1,0,1,1,1,0,1,0,1,1,1,0,1,1,0,0,0,1,1,0,0
48.0,0,8.31640197280319,0.5108989498914511,8.99539941747514,1.2383916369360575,6.234850585926079,1,1,1,1,0,0,0,0,1,1,1,1,0,1,1,0,0,0,0,1,1
33.0,0,4.214715042088636,2.811627763512952,10.604869380060752,1.2742155581663588,9.852204922148651,1,0,0,0,0,0,1,1,1,0,1,1,1,0,0,1,0,0,0,0,0
31.0,0,2.6571742483631633,0.7812603330952288,11.494191596184015,1.1070286543845467,8.62860329106579,1,1,1,1,1,0,1,0,0,0,1,1,0,0,0,0,0,0,1,1,0
70.0,1,8.683414908414944,0.7372105753689366,10.424993329432308,0.5226868421824475,5.899813560044993,1,1,0,1,1,1,1,0,0,0,1,1,0,0,1,1,0,1,1,1,1
65.0,1,6.725756088333266,1.3325190826306106,7.413391844926438,1.4310222790709939,6.0973724139329235,0,1,0,0,1,1,1,1,1,0,0,0,1,1,1,1,0,0,0,0,1
22.0,1,4.536046324102458,1.4339157150977015,9.079313882496514,1.1862332800964477,7.929225394483604,0,0,0,0,1,1,1,0,0,0,1,0,1,0,0,0,0,1,1,0,0
58.0,1,4.930211933265088,1.0357501808071965,10.850394613728936,0.5341954499211888,7.353895531978881,0,0,1,0,1,1,1,1,1,1,0,0,1,0,0,1,0,1,1,1,1
43.0,0,2.1221390325703244,1.9628041523178117,7.924877506493916,1.3188328992141178,6.329834625850114,1,0,1,1,0,1,0,1,0,1,1,0,1,1,0,1,0,0,1,0,1
79.0,0,6.305346037641955,1.6072852451049089,5.733493149643142,0.7002661547179961,10.460092770441191,1,1,1,1,0,1,1,0,1,0,1,0,0,1,0,0,0,1,1,1,1
45.0,0,3.6515508543745976,0.5854389726027185,8.014112478059428,1.0792211895711068,7.851703341099079,1,1,0,0,0,0,0,0,1,0,1,0,1,0,0,1,1,1,1,0,0
19.0,0,9.956887249076058,1.2991301556382515,4.001261956624454,0.9666343699501871,9.238784499113024,0,1,1,0,1,1,1,1,1,1,1,0,0,1,0,0,0,0,0,0,1
67.0,0,4.853816801092689,2.526082283932926,9.745903959850274,0.9198387823550767,5.514188001343004,0,1,1,0,1,1,0,0,0,0,0,0,1,0,1,0,0,1,0,0,0
23.0,1,4.91026750127717,2.2242538371546714,4.888777670767924,1.3897137201243974,8.268061300131894,0,1,0,0,1,0,0,1,1,0,0,1,1,1,0,1,1,0,1,0,0
49.0,1,5.7019326953656515,2.3121771339497013,5.950712797567523,0.9373612915626147,6.543808395572972,0,0,0,1,1,0,1,0,1,0,0,0,0,1,0,1,0,1,0,1,0
50.0,0,9.175884430875593,2.245292310208809,6.383010652182347,0.5753441175731507,8.211308883159026,0,0,0,1,0,1,1,0,0,0,0,1,0,0,1,0,0,0,1,0,0
58.0,0,8.028099188611527,1.2774325534575832,8.483038881094146,1.4466387272149526,10.246606667287425,0,1,0,1,0,1,1,1,0,1,0,0,0,1,0,1,1,1,0,1,0
42.0,0,4.56618769099863,0.7491598051919397,7.183658218366154,1.4205352312396275,10.151305680730093,1,0,1,1,0,1,0,1,1,1,0,0,1,1,1,0,0,1,0,1,1
65.0,1,7.21512273313068,1.18116796008274,8.014112478059428,1.1844326895815986,6.833765424274207,0,1,1,1,0,0,1,1,0,0,1,1,0,1,1,1,1,1,0,1,0
30.0,0,4.961471685657772,2.579463250462898,4.445109274629622,0.967892528132025,9.554216936637113,0,1,0,1,0,0,1,1,1,1,1,0,1,1,1,0,0,0,1,0,0
26.0,0,4.9744337821423645,2.951176994457678,4.991513554115516,0.5928594729435213,11.530319603154215,0,0,0,0,0,0,1,1,0,0,0,0,0,1,0,1,0,1,0,1,0
70.0,0,2.00392615056507,1.7346175368539034,7.993692028266134,1.290748118577476,9.00535463939925,0,1,0,1,0,0,1,1,0,1,0,1,0,1,1,0,1,1,0,1,1
30.0,1,4.69296900820342,0.5242508873076055,8.014112478059428,0.575477914424029,5.187280987061097,0,0,0,1,0,1,0,1,1,0,0,0,1,1,1,1,0,1,1,0,0
48.0,0,4.961471685657772,0.8501120303355726,6.366506902010878,0.5686009848951457,9.437669034232762,1,0,1,1,1,1,1,1,1,1,1,1,1,1,0,1,1,0,0,0,1
58.0,1,9.15693728353138,1.3052014382906645,4.536224632300182,1.0373838424393682,4.8392350907944905,0,0,0,1,0,1,0,1,1,1,1,0,0,1,1,0,0,0,0,1,1
28.0,1,3.420527453613835,1.9464633714823742,11.165753397984012,0.6601282401846402,10.976883270344217,0,1,0,0,0,0,0,1,0,1,1,0,0,1,1,0,1,0,1,0,1
21.0,1,9.527413743880386,0.6877341145132849,8.014112478059428,0.507730267340349,8.133283966415522,1,0,1,0,1,0,1,0,1,0,1,1,1,1,1,1,1,1,0,1,0
51.0,1,5.37724737193764,2.858393246774704,4.972945254557195,0.9231134309957862,7.081125890492636,1,1,0,1,1,1,1,0,0,1,1,0,1,1,0,1,0,1,1,1,0
78.0,1,6.352289348893987,1.412709183211002,4.520367661897125,0.6372172316100659,4.456052757197539,0,1,0,0,0,1,0,1,1,1,0,1,0,0,1,1,0,0,1,1,0
55.0,1,4.961471685657772,2.7814605448120577,11.798980267449945,0.6605154152806912,7.046269876736877,0,1,0,0,0,1,1,0,1,0,1,0,0,1,1,1,0,0,1,1,1
63.0,0,1.3808681079703389,2.4513045068925545,9.449380403516038,0.5769106387353347,11.225653343326314,0,1,0,0,1,0,0,1,1,0,0,0,1,1,0,0,1,1,1,0,0
21.0,0,3.8206300681786156,2.388593181288953,7.339648568749932,0.7050937537236099,4.167863970290425,0,1,0,0,1,1,0,0,0,0,1,1,0,1,1,1,1,1,0,1,0
55.0,0,1.081546511548477,2.01679894945558,9.613848326046279,1.2154841797743894,7.797185262254439,0,1,1,1,1,0,1,0,1,0,0,0,0,0,0,1,0,1,1,0,1
36.0,1,6.267245037415479,2.0669595426296112,10.050654291841273,1.3089273072177914,11.449264728884978,1,1,1,1,0,1,1,0,0,0,1,1,1,0,1,0,1,0,0,0,0
23.0,0,4.961471685657772,2.09500808804062,10.239697619110235,0.9525336440293006,7.158727998120169,1,1,1,1,1,1,1,0,1,1,1,0,0,0,0,1,1,1,1,1,1
51.0,1,7.802051218552275,2.071803467563955,7.823018445224461,1.0065538158814178,7.425405499697203,0,0,1,1,0,0,0,0,1,0,1,1,1,0,0,0,1,0,1,1,0
35.0,1,2.2826577618937614,1.8843205784959032,7.439062064998784,0.5326550345942026,8.62848044159296,0,0,0,1,1,0,0,1,0,0,1,1,1,1,1,1,1,0,0,1,0
30.0,1,1.7292039784504158,2.9660350462072222,4.088224674151203,0.5693162613713169,7.703498668617468,1,1,0,0,0,0,1,0,0,1,1,1,0,1,1,0,1,0,1,0,1
58.0,0,4.122689086541301,2.3307264185642405,11.412456921134705,0.7575677256495169,5.348813529900419,1,1,0,1,1,1,1,0,0,0,0,1,1,1,0,0,0,0,1,0,1
40.0,1,9.273195293861972,2.442365970981303,8.826463027111544,1.0438984207131474,4.148444312558883,0,0,0,1,0,0,0,1,1,0,1,0,1,0,1,1,0,1,1,0,0
36.0,1,7.133175968622877,2.6811570377091853,5.625231497519745,1.2395511487349928,8.878493263829613,0,0,0,0,1,1,0,0,1,1,1,1,1,1,0,0,1,0,1,1,0
62.0,0,4.247343885449895,1.0390994068146229,11.356827355371493,1.105003061338033,11.366452696062497,0,0,0,0,1,0,1,0,0,1,1,0,0,0,1,1,0,1,0,1,0
28.0,0,5.220994480567675,0.709510397737652,11.319455214162371,0.8921278549867883,4.850913064217325,0,0,1,1,0,1,0,0,1,0,1,0,0,0,1,0,1,0,1,1,1
18.0,1,0.9337088106532736,1.7072360914964966,11.913473314928767,0.6183240730031382,5.687621754022027,0,0,0,0,0,0,1,0,0,0,1,0,0,0,0,0,1,0,0,0,0
41.0,1,9.84730137412352,1.785201739048183,10.992452505111832,1.2807732348871894,6.961835886599788,0,0,0,1,0,0,0,0,0,1,1,1,1,1,1,0,0,0,1,0,0
79.0,0,6.697432316479698,2.5729544498747945,11.982275102560518,0.8637860515990571,10.469937832168958,1,1,1,0,1,1,1,0,1,0,1,1,1,1,1,1,1,0,1,1,1
71.0,0,2.925500277787883,1.6094589482058392,5.957489504986181,1.2360540144827896,6.154082531767821,1,0,1,1,1,0,1,0,0,1,1,0,0,1,1,1,0,1,0,1,0
24.0,0,5.899503102730919,1.927132563860782,10.737996681593874,1.0129788419143417,11.056435234230147,1,0,0,1,1,1,0,1,1,1,1,0,0,1,1,0,0,1,0,0,0
42.0,1,1.1838754240830405,1.8176773462836457,10.584226470366115,1.2386620535618253,4.439662997200531,1,0,1,1,1,1,0,1,0,1,0,0,1,0,0,1,0,1,0,1,0
38.0,0,9.661783021195077,0.5955069593934776,5.84752287376587,1.407289561452572,11.527652970071479,0,0,1,1,1,1,1,1,1,0,0,1,0,1,0,0,0,1,1,1,1
32.0,0,1.830371380045323,2.038037241492285,4.787500392007926,1.421029516053802,8.485976622990119,1,1,0,0,0,0,1,0,0,0,1,1,1,1,0,0,1,0,1,1,0
18.0,0,6.51550014874662,2.5701082144356304,11.835364109420798,1.0351067800006035,9.270221427901635,1,1,0,1,0,1,1,0,1,0,1,1,0,1,0,1,1,1,0,0,1
29.0,1,2.5299991791354115,0.8937513701895096,6.368196412164883,1.0115083647656387,6.941516180290825,0,1,1,1,1,0,1,1,0,1,1,0,0,0,1,0,1,1,1,0,0
75.0,0,7.203857688220504,1.9858293348164895,10.96713432374245,0.7656784655028372,10.255954284088482,1,1,1,1,1,0,0,1,1,0,1,1,0,0,0,1,1,0,1,1,1
24.0,0,7.790531535678783,1.6994873972351736,4.033017237396831,1.4357998315292915,5.3325300006752485,0,1,1,1,0,1,1,1,1,0,1,1,0,1,0,0,1,0,0,0,1
32.0,0,6.766855316223183,0.9104624101408969,8.014112478059428,0.9579191671996209,4.391294602227896,0,1,1,0,1,0,0,0,1,1,0,1,1,1,0,1,0,0,0,0,1
38.0,0,6.183544656526406,0.80865893432684,7.726970469570947,0.6275912392873771,7.164135544860457,1,1,1,0,0,1,0,1,0,0,1,1,0,0,1,0,1,1,0,1,1
49.0,0,8.935444030124916,2.950129857441212,5.9097174714805085,0.9327049146265499,10.829565711848316,1,1,1,1,0,1,1,0,1,0,0,0,1,0,1,0,0,1,1,1,1
77.0,1,0.8784044387986046,1.4842979241325938,9.518730267487715,0.627053250238004,10.039414693101557,1,0,0,1,0,1,0,1,0,1,1,0,1,1,0,0,1,0,0,1,1
49.0,1,3.3760561812239325,1.0685543218088231,8.524514604543635,1.002531684257075,8.137247763911663,0,0,0,0,0,1,0,1,0,1,1,0,0,0,1,0,1,1,0,1,0
42.0,1,2.5580460483453753,0.9283113611359374,4.619886379603932,1.061275514856212,8.577101977322828,1,1,1,1,0,1,1,0,0,1,1,0,1,0,1,0,0,0,1,1,1
50.0,0,9.881338224447674,2.1690042839580874,5.3010263705257366,0.8377557614935853,5.039142610390043,0,1,1,1,1,1,1,0,1,0,1,1,1,0,0,1,1,0,0,0,0
66.0,1,3.954958818702048,2.023613243318197,8.014112478059428,0.5716506142314847,10.725452068940658,1,1,0,0,0,0,1,0,0,0,0,0,0,0,0,1,1,1,1,0,0
49.0,1,4.961471685657772,2.1088803074685436,5.484832511643465,1.443503535633239,10.295677463713576,0,0,1,0,1,0,1,0,0,0,0,0,0,0,0,0,0,0,0,0,1
66.0,1,6.878779122421945,0.7200150687786306,10.337778777951428,1.2733531134834295,9.251763151095542,1,1,0,0,0,0,1,0,1,1,0,0,0,0,1,0,0,1,0,0,0
52.0,0,2.19960425102604,2.7338364587460924,7.32856188442624,1.338881080505121,7.7295282906315075,1,1,1,1,1,0,0,0,1,0,0,0,0,0,0,1,1,0,1,0,0
61.0,0,2.4660770340943583,1.4731659920226208,4.747454934739994,0.8668683942862294,11.7156741462361,0,1,1,1,0,0,1,1,1,0,0,0,0,1,1,1,1,0,0,1,0
55.0,1,2.8847171791750377,1.2834235160758949,7.874743218176999,1.2608310300194505,11.03225577501177,1,1,1,1,1,1,1,0,1,0,1,1,0,0,1,0,0,0,0,1,1
43.0,1,4.170160054767854,1.655903618119348,4.726705448491313,0.9853728951691942,9.155443948116949,1,0,1,1,1,0,0,0,0,1,1,0,1,1,0,0,1,0,0,1,0
28.0,0,2.4198181499402156,1.4751651643690706,5.0314984433585375,0.701083488406046,6.974407981738303,0,1,0,0,0,1,1,0,0,0,0,1,1,1,1,0,0,1,1,1,0
49.0,0,0.29454967919379327,2.658942507847865,8.014112478059428,0.6244233769072133,8.944178229452099,1,0,0,0,0,0,1,1,0,1,1,1,0,1,1,0,0,0,1,0,0
25.0,1,8.805991262391235,2.82315243799473,10.876221641979917,0.8450508693220569,8.603527412245324,1,0,0,0,0,0,1,1,0,0,1,1,1,1,0,0,1,0,0,1,1
63.0,0,9.659537330670751,1.2586330411240154,11.396900258663775,0.6375521114751397,7.153935902679331,0,1,0,0,1,1,0,0,0,1,1,0,1,1,1,0,0,1,1,1,1
31.0,1,3.4815468316125227,2.659839518649887,10.610061834656552,1.4982689762040686,6.453391773504609,1,0,1,1,0,0,1,0,1,1,0,0,1,1,1,1,1,0,1,1,0
27.0,0,3.4512181063121816,2.4538078238326677,6.672617739342778,0.5491889902320221,7.256086337898579,0,1,0,1,0,0,1,0,0,0,0,1,0,0,1,0,1,1,1,1,0
19.0,1,0.17020894646627277,2.8270191808619045,6.179571528870653,0.9411435993690765,8.591291248267183,1,0,0,0,1,0,1,0,1,0,0,0,0,0,1,0,0,1,1,1,1
63.0,1,6.834481814470703,1.1143757804647196,8.393245526321913,0.9520935223903841,7.425078757688755,1,1,0,1,0,1,1,0,1,1,0,1,0,1,1,1,1,1,0,0,0
26.0,0,8.271854967911425,1.9423978753024478,9.7748252842649,0.8006319285816755,6.108595905611071,0,0,1,0,0,0,1,0,0,1,1,1,0,1,1,1,1,0,0,1,0
20.0,1,1.5514221735640314,1.1863614618511116,11.946982305281399,1.0713515657069452,10.087706542086469,1,0,1,0,1,1,0,1,0,0,1,0,1,0,0,1,1,1,0,0,1
38.0,1,1.6806968587347926,2.5602362262109355,5.05256569503141,0.6499770241515447,8.251739967659304,0,1,1,1,0,0,1,0,0,1,1,0,0,0,0,0,0,0,0,0,0
43.0,1,7.9218241747172335,0.5133104764276606,4.3943359921904355,1.2839123805872337,4.5414013058048,0,0,1,1,1,1,1,0,1,1,1,1,0,1,0,1,0,1,1,1,0
25.0,0,6.201278408706032,1.9120479072159902,9.554847111962168,0.8324477182476383,6.946532045009004,1,1,1,1,0,0,1,0,1,1,1,0,0,1,0,0,1,1,0,0,0
49.0,0,0.5441195205143985,1.348008578179795,10.657806268031244,1.0913425897986417,11.07930765769595,0,1,0,1,1,1,1,0,1,0,1,1,1,1,1,1,1,1,0,0,1
19.0,0,6.263215205576588,1.3067092676945506,10.770790238931387,1.2156392360669592,10.041892249599616,1,0,0,1,1,1,1,1,0,1,0,1,1,0,0,1,0,0,0,1,1
23.0,1,3.1582854561532843,2.1122658096622926,9.427708392617285,1.389042117690161,6.585974271552057,0,1,0,1,0,0,0,0,1,0,1,0,1,0,0,1,0,1,0,0,1
45.0,0,3.750379039161375,2.628711123284985,11.632126432953497,1.3357874364522,11.505465216356072,1,1,0,1,1,0,0,1,1,0,1,1,0,0,0,0,1,1,0,0,1
49.0,1,7.720341041139114,2.022988478483316,8.088038108356695,1.1083090281035597,4.612823266865681,1,1,1,1,0,0,1,0,1,0,1,0,0,1,0,1,1,0,0,1,0
46.0,1,8.128258407458844,2.632932446616806,11.3105183866897,0.8883931803838869,11.689877631137511,0,1,0,0,1,1,1,0,1,1,1,0,1,0,0,1,1,1,1,1,1
43.0,0,4.063530605714323,1.161492779702575,11.742497095932183,1.003204670074964,5.965640739877405,1,0,1,0,1,0,0,0,0,1,1,1,1,1,0,1,0,1,1,1,1
42.0,0,9.476814066462913,1.7987546369124527,10.777259656024862,1.2687347933788025,4.072753442419354,1,0,1,1,0,1,0,1,1,1,0,0,1,1,0,0,0,1,0,0,1
29.0,1,4.123980907725515,1.62634134766769,6.478068506068965,1.377545542559473,7.470464292146614,1,0,0,1,0,0,0,1,0,0,1,1,0,0,0,0,0,0,0,0,0
22.0,1,7.741176748778088,0.5291122487577405,5.569725209362362,0.6037819281766719,6.871763437496069,0,1,0,0,0,0,1,0,0,0,1,0,0,0,0,0,1,1,0,0,0
51.0,0,4.890384919186165,1.8920303578518503,8.384960519854548,0.8848562624930535,8.31271204165435,1,0,0,0,1,1,0,0,0,0,0,1,1,0,0,0,0,0,1,0,1
65.0,0,8.985570032568631,1.6994873972351736,7.624118003041508,1.2761165984135006,10.374182884558763,1,0,0,0,0,0,1,0,0,0,0,1,1,1,0,0,1,0,1,1,0
54.0,0,9.086836312136768,1.979786011047675,11.022066737541863,0.931651762593961,10.739446417203578,0,0,0,0,1,0,1,0,1,0,1,1,1,0,1,1,0,0,0,1,1
32.0,1,0.9654263979237302,2.3406997469585535,4.80025336853723,0.8322277640662838,7.2098399968935345,1,1,1,1,1,0,0,0,0,0,1,0,0,1,0,1,0,1,0,0,0
61.0,1,9.371283979971235,1.9283488211326927,6.061920490492149,0.9113226968232696,7.438765949650802,0,0,0,0,0,1,1,0,0,0,0,1,0,0,1,0,1,1,1,0,1
53.0,1,8.272794931052115,0.6668756371268922,10.014391556149668,1.1028447467863507,5.185421842635789,0,1,1,0,1,1,1,0,1,0,1,1,1,1,0,1,0,0,0,0,0
49.0,1,7.933976071695402,0.7911138102117785,4.759893159818497,1.4998051441338016,4.380380871049308,1,0,1,0,0,1,0,1,1,1,0,1,1,0,0,1,1,0,0,0,1
60.0,1,2.0890222628866724,1.991186443859881,6.566115312173602,0.9929924291045318,9.129719921880199,0,0,0,0,1,1,1,1,1,1,0,0,0,1,1,0,0,0,1,1,0
65.0,0,8.070680166671183,1.1874479799341005,8.014112478059428,0.7084944749542605,4.515501004421538,1,1,1,1,0,0,0,0,1,1,0,1,1,0,1,0,0,1,1,0,0
40.0,0,8.516314073381864,0.6991128225869145,8.98075037250152,0.6628465752790947,9.870640955371648,1,0,1,0,1,0,0,0,0,1,1,1,0,1,1,0,0,1,1,1,1
23.0,1,2.9625883110960944,1.574006858621367,5.265061165754917,0.5423497474764143,8.31272116017798,1,1,1,1,1,0,0,0,1,0,0,1,0,0,1,1,1,1,0,1,1
63.0,1,9.527374775787004,1.8858064952091385,10.884835922797677,1.0588172349183216,5.588663825808667,0,1,1,1,0,1,1,0,1,1,0,0,1,0,1,0,0,0,1,1,0
49.0,0,0.5936154493517262,1.3218649708740164,7.580337883730194,1.0445720914888343,8.316183548101197,0,0,1,1,1,0,0,0,0,0,1,1,0,0,1,0,0,0,1,0,0
61.0,0,1.5841016071466827,2.3010842555644446,11.336173695044451,0.7052339267803092,5.463981732816791,1,1,0,1,1,1,0,0,0,1,0,0,0,0,1,0,1,0,0,1,1
76.0,0,5.422053266709992,2.1094265202531117,7.742959309071453,1.195329406452567,7.509897660083296,1,1,0,1,1,0,1,1,1,0,0,0,0,1,0,1,0,1,1,1,1
60.0,0,5.800345464110865,1.3320459027291798,8.014112478059428,1.2411070416296808,10.396482529937831,0,1,0,0,1,1,0,1,0,1,1,0,0,0,1,1,0,1,1,0,0
62.0,1,6.486985824678944,2.3871813222714016,5.134630629501399,0.7590982053821113,7.695354347285099,1,1,1,1,1,1,1,1,1,1,1,0,0,1,1,1,1,1,1,0,0
38.0,0,0.26799438022311795,2.1217376063325886,8.014112478059428,0.8440997640297365,5.189594546380386,0,0,1,0,0,0,1,0,1,1,1,0,0,0,1,0,0,0,0,1,1
40.0,1,9.60763106875909,2.0936134467947554,8.014112478059428,1.4904716723472566,9.790629454583561,0,1,0,0,0,1,0,1,0,0,1,1,1,0,1,1,0,1,0,0,1
60.0,0,0.5414221180680255,1.88356925196767,4.857253575415387,0.8742644678507342,5.494147330160071,1,1,1,1,1,1,0,0,0,1,1,1,0,0,0,0,1,1,1,0,0
72.0,0,1.5163133319616837,0.528474170221382,7.133822109049426,1.2608016717561017,9.908398994960876,1,0,1,1,0,0,1,1,0,1,1,0,0,0,1,0,0,0,0,0,0
33.0,0,0.2387437235079641,2.241267958692223,8.714174089896694,0.95272542662994,7.834818313726666,1,0,1,0,0,1,0,0,0,1,1,0,0,1,1,1,0,1,0,0,0
64.0,1,5.711898489611538,1.4401044777728913,6.205487175221602,1.293344827860976,7.629934072754413,0,0,1,1,1,1,1,1,1,1,1,1,0,1,1,0,1,1,0,1,1
70.0,1,9.329442150817625,2.856524275396639,5.401794338928922,1.2690232387826479,10.811480302859799,0,1,1,1,0,0,0,0,1,1,1,1,0,0,1,1,0,1,1,1,0
77.0,0,6.692876944196596,2.5449619276930133,10.197772980874733,1.1677560251985355,9.66882819472535,0,1,0,1,1,1,1,1,0,0,1,1,1,1,1,0,0,1,0,0,1
32.0,1,8.24430893795623,1.9692361738282806,11.574329378252965,1.3547783462955794,4.263286375639514,0,1,0,0,0,1,0,1,1,0,1,0,0,1,0,0,0,0,0,1,0
42.0,1,0.23148391423994283,1.1304549545481737,4.803523342895728,1.4392184948776852,6.369394516812819,1,1,1,0,1,1,0,1,0,1,1,1,0,0,0,1,1,0,0,1,0
53.0,0,5.465951454949288,1.0092934831941665,5.244722595080063,1.079983320452084,10.96736528679919,0,0,0,1,1,0,1,0,1,0,1,1,1,0,0,0,1,0,1,1,1
28.0,0,4.649673477304667,1.3509620941938727,11.68010125802175,0.7374689072227457,4.146609348361589,1,0,0,1,1,0,0,0,1,1,1,0,0,1,1,1,1,0,0,1,1
68.0,1,5.039782647785851,1.6914198589500464,4.30227377449797,0.898628961644075,8.362027570095762,0,1,1,1,1,0,0,0,1,1,0,0,1,1,1,1,1,1,0,0,1
32.0,1,0.8149105348183606,1.6994873972351736,8.014112478059428,1.2583057135132933,9.822605353391552,0,1,0,0,0,0,1,0,1,1,1,1,1,0,0,0,0,0,0,0,0
21.0,1,6.875910074586144,1.787323738481207,4.03715586467991,1.1508834851238694,8.974848683876607,1,1,0,1,0,1,1,0,1,1,1,1,0,0,0,0,0,0,0,0,0
38.0,0,5.081882107100481,0.9134260637829648,10.98934924521065,0.6777983385652487,10.08425761683549,0,1,1,1,1,0,1,1,1,0,0,0,1,0,0,0,1,0,1,1,1
30.0,0,7.674973613626514,2.9442820320637497,6.458601447901996,0.5512395411464247,9.805534791317967,1,0,0,1,0,0,0,0,0,1,0,1,1,0,0,0,1,0,0,0,0
39.0,1,4.9043772772109815,0.7698113874124847,11.508710865418372,1.182961593542065,9.536245561224906,0,0,1,1,1,0,0,0,0,1,0,1,0,0,0,0,1,1,1,0,1
49.0,0,4.961471685657772,2.82986034913593,8.014112478059428,0.7510790240293453,10.572318887405217,1,0,0,0,1,0,1,0,0,0,1,1,0,0,0,0,0,0,0,0,0
51.0,0,6.517743845370438,2.783945028506737,9.234450572272447,0.9996702437290534,9.165525347596308,0,0,0,1,0,1,1,1,1,1,0,1,1,0,0,0,0,1,1,1,0
31.0,1,1.8066249848411458,1.813401204548745,4.640260558127493,1.2467467725125942,7.2193479540558565,0,1,0,1,1,1,0,1,0,1,1,1,1,0,0,0,0,1,0,1,1
78.0,1,8.736706177212668,2.312275679590211,5.938638491629912,1.062666780656333,7.7752728793167005,1,0,0,0,1,0,1,1,1,0,1,0,0,0,0,0,0,1,1,1,1
21.0,0,6.1698507667854905,1.5901207449314696,10.189434771834005,0.5833025831117964,9.733798261451604,1,1,1,1,0,1,1,0,1,0,0,1,0,0,0,0,1,0,1,1,1
65.0,0,1.6563184472138472,2.0750864438560956,8.229486829430558,0.6855802367835554,11.010448237334352,1,0,1,1,1,0,1,0,1,1,0,1,0,1,0,0,0,1,1,1,0
70.0,1,9.627146769063948,1.3514398435527968,11.423752494296359,0.7193281840309191,6.177750406718205,0,0,0,0,1,0,0,1,0,1,0,0,0,1,1,1,0,0,0,0,0
69.0,0,5.231818087019674,1.2528975494636134,7.430011266730834,0.7578642536448449,6.736614367768566,0,1,1,1,0,1,0,0,1,1,1,1,0,1,0,0,1,0,1,0,0
63.0,0,0.8216946735293845,1.9455744654237843,10.958498926511385,1.0654033919505044,11.445915170899301,0,0,1,0,0,1,1,0,1,0,0,1,1,0,1,0,1,1,0,1,0
44.0,1,6.3056457537091655,1.7453241854599508,7.5916434998259,1.0039657798253936,8.628094339275563,0,0,0,1,1,1,0,0,0,1,0,0,1,1,1,0,0,1,1,0,1
46.0,1,2.6066691794268215,1.9488409228749526,8.014112478059428,0.7031600383642089,5.431694537080008,0,0,0,1,0,1,0,0,0,1,0,0,1,0,1,1,0,1,0,0,1
64.0,0,8.056565173585295,1.2166514532175574,11.678675051191014,0.5675548434556871,9.309561111299061,0,0,1,1,0,1,1,0,0,1,0,1,1,0,1,0,0,1,0,0,0
45.0,0,8.196438528305288,1.417394579542488,6.633093644448643,0.6714322044747181,11.926097244315038,1,1,1,0,0,1,0,1,1,1,0,0,0,0,1,1,1,1,1,0,1
52.0,0,9.791578822961153,0.7097449015722732,11.087389363334426,1.4843813126186034,10.5876285157632,0,0,1,1,0,0,1,1,1,0,0,1,1,1,0,1,1,1,0,1,0
25.0,1,5.068508357142586,0.6306909306805143,10.780890993725194,0.9685469497914723,9.965929092411223,0,0,1,0,0,1,0,1,0,0,0,1,1,0,1,0,1,0,0,0,1
33.0,0,4.604073109304597,1.1336428241825407,5.685443178620503,1.3673455047021124,5.664373234130154,1,0,0,0,0,0,1,0,1,1,0,0,1,0,0,0,1,0,1,1,1
59.0,0,7.5594084939201585,1.6994873972351736,8.994323206266158,1.3487524666688433,11.009118277472059,1,1,1,0,1,0,1,1,1,0,1,0,0,1,0,0,1,1,0,1,0
53.0,1,1.4114594977850732,0.7594367715868517,4.581458524718519,1.0115195574628737,8.206310748284372,1,1,1,0,1,0,1,0,1,1,0,1,0,0,0,1,0,0,0,1,0
47.0,1,5.51446358655193,2.5323210134848426,10.693685764667693,1.2066877084605436,11.114320176575646,1,0,1,0,0,0,0,1,0,0,1,1,0,1,0,1,0,0,0,1,1
35.0,0,5.507851241295424,0.5971842425417233,5.396367068027972,0.6927520104127123,6.6386226353990345,1,0,0,0,0,0,1,0,1,0,0,1,0,1,1,1,0,0,1,0,0
19.0,1,0.9857839158228334,2.1473569848368568,4.566517611086116,1.1883967049269084,4.496408421083462,0,0,1,1,0,1,0,0,0,0,1,0,1,0,1,0,0,0,0,1,1
66.0,1,4.2380424465184445,1.1813943720385014,7.2017527643104895,0.7723845792632895,7.807807749277969,0,1,1,1,1,1,1,1,0,1,1,0,1,1,1,0,0,0,1,0,0
30.0,0,8.5475195058153,2.678864201770316,8.014112478059428,1.3320620967541508,6.158700838543021,1,0,0,1,1,0,0,1,0,1,1,1,1,1,0,1,0,1,1,0,1
21.0,1,8.575920857747137,1.7124807114437488,10.839335668478167,0.5837241331089099,9.721834318210385,1,0,0,1,1,0,1,1,1,0,0,1,1,0,1,1,0,1,1,1,0
43.0,1,1.082452882704842,1.2639411483195644,11.793940204173893,1.2731386728852776,11.65685242284826,0,1,1,0,1,1,1,0,1,1,1,1,1,0,0,1,1,0,1,1,1
49.0,0,0.9981367392035255,1.7940973392235864,7.515940100558909,0.5999369065686195,9.527793209212511,1,1,0,1,0,0,0,1,1,0,1,1,1,0,1,1,0,0,0,1,0
47.0,1,2.7006852223191595,1.4548950476131721,4.483575383882162,1.381189236894309,11.095471437673627,0,1,1,1,0,1,1,1,0,1,0,1,1,0,0,0,1,1,0,1,1
28.0,0,8.760184019284535,1.9107526616745756,9.992924632206964,0.8042045181350037,7.624192108809651,0,0,1,0,0,1,1,1,0,0,0,1,1,1,0,0,0,1,0,1,1
24.0,0,1.3761355922276397,0.7863321708158706,8.521386049791499,1.1543933648305749,10.173125897562414,1,0,0,1,0,1,0,1,1,0,1,1,0,0,1,1,0,0,0,0,0
48.0,1,7.227968346011718,2.992476257031378,7.583130758755705,0.9875022786202798,10.744347493373628,0,0,0,0,0,0,0,0,1,1,0,1,1,1,1,0,1,1,0,0,1
61.0,1,1.101539634169722,1.563889694241794,6.474151030337517,0.866303145262339,9.68700502066834,0,1,0,1,1,0,1,0,0,1,0,1,1,0,0,1,1,1,1,1,0
27.0,1,6.269064752103471,1.3705765992684218,8.019188222748285,1.1454418331834963,8.062218288556517,0,0,1,1,0,0,1,0,1,0,0,0,0,1,1,1,0,0,1,1,0
56.0,0,3.625066261279534,2.2755246207906623,6.7094368356562475,1.447522980551238,9.006928876922945,0,0,0,0,1,0,0,1,0,1,1,0,1,0,0,0,0,0,1,1,1
30.0,1,7.910248233362084,1.4097485162383312,10.056094941978882,0.5412697473746219,9.604055965431042,1,1,1,1,0,0,1,1,0,0,1,1,1,1,1,0,0,1,0,1,0
48.0,0,2.4135354433711,2.583185762571894,8.351149571941129,1.4188528558831042,6.024675225771415,1,1,0,1,0,0,1,1,0,0,0,1,0,0,0,0,0,0,1,1,0
24.0,1,6.428098110960602,1.635676810901063,11.014782193232897,1.1090816550210136,10.476634087319878,1,0,1,1,1,0,0,0,0,1,1,0,0,1,0,1,0,0,0,1,0
73.0,1,2.433257092301261,2.2988960331635875,8.348351317195537,1.3073143007690522,11.602596311738186,1,1,1,1,1,0,1,1,1,1,0,0,1,0,0,1,1,0,0,0,0
66.0,1,7.165236802810322,0.7686330411047164,5.90609930671944,0.8838749534342776,7.721914521439488,1,0,0,0,0,1,1,0,0,1,0,0,0,1,1,0,1,0,0,0,0
59.0,0,8.749412542151413,2.6152979638877794,10.808735057857156,0.9718429748376137,9.608537464879019,0,0,0,1,1,0,0,1,0,1,0,0,0,0,0,0,1,1,1,1,1
78.0,1,1.3553378113549246,2.3392949669452747,8.457752359440352,1.3688507518011641,9.896207246322831,0,0,1,0,1,1,1,0,1,0,0,1,0,0,0,0,0,0,1,1,0
49.0,1,8.679297317095484,1.0292919461549142,5.65472830514849,0.9148479698098231,9.297980380171843,0,1,0,0,1,1,1,0,0,0,0,1,0,0,0,1,0,1,1,1,0
73.0,0,5.976395018701549,0.8632150243644666,8.988062479649777,1.034659566749085,8.376920866629085,0,0,0,1,0,1,1,1,0,0,1,0,1,0,1,1,1,0,1,1,1
53.0,0,1.3583938595835374,1.2907308718140609,6.86173411953942,0.5201949230843329,11.053183636598485,1,1,0,0,0,0,1,1,0,1,0,1,0,0,1,0,1,0,1,0,0
37.0,1,4.332664368061149,2.9401764650797606,10.755244898336526,0.6585980058380423,7.5914136741511555,1,1,0,1,0,0,1,0,0,1,1,1,0,1,0,0,0,0,0,0,0
21.0,1,1.6925169055024694,1.1420789364176467,7.626397909172343,1.1416865079747998,4.488823651892829,0,1,0,0,1,0,0,0,1,0,0,1,1,1,1,1,0,0,1,1,1
71.0,1,7.033444099779038,1.6403180223665832,9.811530864859334,1.2169769010638771,10.756451005697283,1,1,0,0,1,1,1,1,1,1,0,0,0,1,0,0,0,0,1,0,1
24.0,0,7.612794530737702,1.6994873972351736,4.764289661089897,1.0826009367844995,9.391850178532405,0,0,0,0,0,0,1,0,1,1,1,0,0,0,0,1,0,0,1,1,1
71.0,0,1.1473855507007098,1.4930688239155814,7.168194770418769,0.6433100362756107,10.794069011997173,0,1,1,0,0,0,0,1,1,1,1,1,0,0,1,0,0,0,0,0,0
